Object ID,Object Number,Is Public Domain,Department,Object Name,Title,Culture,Period,Dynasty,Object Date,Object Begin Date,Object End Date,Medium,Dimensions,Credit Line,Classification,Country,Region,Subregion,Excavation,Link Resource,Repository,Tags
17704,,True,The American Wing,"Belt, fragment",Belt fragment,Peruvian,,,17th century,1600,1700,woven,25 1/2 x 6 1/2 in. (64.8 x 16.5 cm),Gift of Mrs. Gilbert W. Chapman,,Peru,,,,http://www.metmuseum.org/art/collection/search/17704,"Metropolitan Museum of Art, New York, NY",Birds
21676,,True,The American Wing,Shawl,Shawl,Peruvian,,,18th century,1700,1800,"Silk, cotton",34 1/2 × 96 1/2 in. (87.6 × 245.1 cm),"Rogers Fund, 1958",,Peru,Chiclayo,,,http://www.metmuseum.org/art/collection/search/21676,"Metropolitan Museum of Art, New York, NY",
21677,,False,The American Wing,Shawl,Shawl (fragment),Peruvian,,,18th century,1700,1799,Cotton,28 × 18 1/2 in. (71.1 × 47 cm),"Rogers Fund, 1958",,Peru,Chiclayo,,,http://www.metmuseum.org/art/collection/search/21677,"Metropolitan Museum of Art, New York, NY",
21678,,True,The American Wing,Shawl,Shawl (fragment),,,,18th century,1700,1800,Cotton,16 1/2 × 33 1/2 in. (41.9 × 85.1 cm),"Rogers Fund, 1958",,Peru,Chiclayo,,,http://www.metmuseum.org/art/collection/search/21678,"Metropolitan Museum of Art, New York, NY",
90286,,True,"Arts of Africa, Oceania, and the Americas",Stickpin,Mantle pin (ttipqui),Peruvian,,,19th century,1800,1899,"Silver, paste",L. 18 in. (45.7 cm),"Gift of Hillary Knight, in memory of Mrs. Katharine Sturges Knight, 1982",Metal-Ornaments,Peru,,,,http://www.metmuseum.org/art/collection/search/90286,"Metropolitan Museum of Art, New York, NY",Leaves
90307,,False,"Arts of Africa, Oceania, and the Americas",Stickpin,Mantle Pin (ttipqui),Peruvian,,,19th century,1800,1899,"Silver, glass",W. 3 × L. 9 in. (7.6 × 22.9 cm),"Gift of Hillary Knight, in memory of Mrs. Katharine Sturges Knight, 1982",Metal-Ornaments,Peru,,,,http://www.metmuseum.org/art/collection/search/90307,"Metropolitan Museum of Art, New York, NY",Eagles
121780,,False,Costume Institute,Scarf,Scarf,Peruvian,,,1950s,1950,1959,wool,,"Gift of Marvin B. Patterson (Mrs. Jefferson Patterson), 1978",,,,,,http://www.metmuseum.org/art/collection/search/121780,"Metropolitan Museum of Art, New York, NY",
125685,,False,The American Wing,Shawl,Shawl,Ecuadorian,,,20th century,1900,1946,cotton,"Length (including fringe): 58 in. (147.3 cm)
Width: 31 1/4 in. (79.4 cm)","Gift of Carolyn Schnurer, 1946",,,,,,http://www.metmuseum.org/art/collection/search/125685,"Metropolitan Museum of Art, New York, NY",
126662,,True,The American Wing,Ensemble,Ensemble,Peruvian,,,1830–40,1830,1840,"silk, cotton, rayon (probably)","Length at CB (a): 36 3/4 in. (93.3 cm)
Length (b): 102 1/4 in. (259.7 cm)
Length (c): 31 in. (78.7 cm)","Special Costume Institute Fund, 1977",,,,,,http://www.metmuseum.org/art/collection/search/126662,"Metropolitan Museum of Art, New York, NY",
126670,,False,"Arts of Africa, Oceania, and the Americas",Textile,Textile,Peruvian,,,1800–1939,1800,1939,"Glass beads, cotton (?) string",W. 2 × L. 36 in. (5.1 × 91.4 cm),"Gift of Susan Huntington Vernon, 1939",Textiles,Peru,,,,http://www.metmuseum.org/art/collection/search/126670,"Metropolitan Museum of Art, New York, NY",
126673,,True,"Arts of Africa, Oceania, and the Americas",Pin,Mantle pin (ttipqui),Peruvian,,,19th century,1800,1899,"Silver, glass",L. 12 in. (30.5 cm),"Gift of Hillary Knight, in memory of Mrs. Katharine Sturges Knight, 1982",Metal-Ornaments,Peru,,,,http://www.metmuseum.org/art/collection/search/126673,"Metropolitan Museum of Art, New York, NY",
126970,,False,"Arts of Africa, Oceania, and the Americas",Belt,Belt,Bolivian,,,1900–1946,1900,1946,leather,"W. (widest) 2 1/2 × L. 38 1/4 in. (6.4 × 97.2 cm)
W. (narrowest) 1 in. (2.5 cm)","Gift of Carolyn Schnurer, 1946",Hide-Costumes,Bolivia,,,,http://www.metmuseum.org/art/collection/search/126970,"Metropolitan Museum of Art, New York, NY",Animals|Human Figures
141764,,True,Costume Institute,Necklace,Necklace,Indigenous American (Chimu peoples),,,800–1400 CE,800,1400,"gold, cotton",,"Gift of Muriel Kallis Newman, 2008",,,,,,http://www.metmuseum.org/art/collection/search/141764,"Metropolitan Museum of Art, New York, NY",
141765,,True,Costume Institute,Necklace,Necklace,Indigenous American (Chimu peoples),,,800–1400 CE,800,1400,"metal, cotton",,"Gift of Muriel Kallis Newman, 2008",,,,,,http://www.metmuseum.org/art/collection/search/141765,"Metropolitan Museum of Art, New York, NY",
214310,,True,The American Wing,Mantle,Woman's wedding mantle (lliclla) with interlace and tocapu design,Peruvian,,,late 16th–early 17th century,1585,1615,"Tapestry weave, cotton warp and camelid weft",Overall: 50 1/2 x 45 1/2in. (128.3 x 115.6cm),"Rogers Fund, 1908",,Peru,,,,http://www.metmuseum.org/art/collection/search/214310,"Metropolitan Museum of Art, New York, NY",Birds
215296,,True,The American Wing,Band,Band,Peruvian,,,18th century,1700,1799,Drawnwork,"L. 8 1/2 x W. 2 inches
21.6 x 5.1 cm","The Nuttall Collection, Gift of Mrs. Magdalena Nuttall, 1908",,Peru,,,,http://www.metmuseum.org/art/collection/search/215296,"Metropolitan Museum of Art, New York, NY",
217394,,True,European Sculpture and Decorative Arts,Piece,Piece,"Italian, possibly Perugia",,,16th–17th century,1500,1699,Linen and wool,L. 87 1/2 x W. 19 3/4 inches (222.3 x 50.2 cm); (framed dimensions) H. 76 x W. 28 inches (193.0 x 71.1 cm),"Rogers Fund, 1909",Textiles-Woven,,,,,http://www.metmuseum.org/art/collection/search/217394,"Metropolitan Museum of Art, New York, NY",
219915,,True,European Sculpture and Decorative Arts,Cover,Cover with Unicorns,"Italian, Perugia",,,16th century,1500,1599,Cotton and bast fibers,33 × 87 1/2 in. (83.8 × 222.3 cm),"Gift of Mrs. Edward S. Harkness, 1917",Textiles-Woven,,,,,http://www.metmuseum.org/art/collection/search/219915,"Metropolitan Museum of Art, New York, NY",Centaurs|Unicorns|Deer
219973,,True,European Sculpture and Decorative Arts,Cover,Cover,"Italian, Perugia",,,15th–16th century,1400,1524,Linen and cotton,confirmed: 11 ft. 11 in. × 36 in. (363.2 × 91.4 cm),"Rogers Fund, 1918",Textiles-Woven,,,,,http://www.metmuseum.org/art/collection/search/219973,"Metropolitan Museum of Art, New York, NY",Animals
221572,,False,European Sculpture and Decorative Arts,Towel,Towel,Italian (Umbria) (Perugia),,,19th century,1800,1899,Linen,57 x 19 1/2 inches (144.8 x 49.5 cm),"Administration Fund, 1924",Textiles-Woven,,,,,http://www.metmuseum.org/art/collection/search/221572,"Metropolitan Museum of Art, New York, NY",Animals
222602,,True,European Sculpture and Decorative Arts,Cover,Cover,"Italian, possibly Perugia",,,15th century,1400,1499,Linen and cotton,68 × 19 1/4 in. (172.7 × 48.9 cm),"Gift of Mrs. Van Santvoord Merle-Smith, 1933",Textiles-Woven,,,,,http://www.metmuseum.org/art/collection/search/222602,"Metropolitan Museum of Art, New York, NY",Horses|Birds
227918,,True,The American Wing,Tapestry,Tapestry with figurative scenes,Peruvian,,,17th century,1600,1699,"Tapestry weave, cotton warp and camelid weft; ca. 27 ribs to one inch",Overall (Confirmed by Textile Conservation Summer 06): 89 9/16 x 84 3/4 in. (227.5 x 215.3 cm),"Purchase, Morris Loeb Bequest, 1956",,Peru,,,,http://www.metmuseum.org/art/collection/search/227918,"Metropolitan Museum of Art, New York, NY",Women|Dragons|Dogs|Animals|Birds|Men
228931,,True,The American Wing,Square,Square,Peruvian,,,16th century,1500,1599,Silk and wool (ca. 27 ribs to one inch),H. 26 1/2 x W. 26 inches (67.3 x 66 cm),"Bequest of Charles F. Iklé, 1964",,Peru,,,,http://www.metmuseum.org/art/collection/search/228931,"Metropolitan Museum of Art, New York, NY",
229454,,True,European Sculpture and Decorative Arts,Towel,Towel,"Italian, Perugia",,,15th–16th century,1400,1599,Linen and cotton,H. 58 x W. 20 1/2 inches (147.3 x 52.1 cm),"Gift of Mrs. Hope Clark Spater, 1974",Textiles-Woven,,,,,http://www.metmuseum.org/art/collection/search/229454,"Metropolitan Museum of Art, New York, NY",Animals
229455,,True,European Sculpture and Decorative Arts,Towels,Towels,"Italian, Perugia",,,15th–16th century,1400,1599,Linen and cotton,H. 49 ( inc. 3 inch fringe) x W. 32 1/2 inches (124.5 x 82.6 cm),"Gift of Mrs. Hope Clark Spater, 1974",Textiles-Woven,,,,,http://www.metmuseum.org/art/collection/search/229455,"Metropolitan Museum of Art, New York, NY",
229456,,True,European Sculpture and Decorative Arts,Towel,Towel,"Italian, Perugia",,,15th–16th century,1400,1599,Linen and cotton,H. 59 x W. 21 inches (149.9 x 53.3 cm),"Gift of Mrs. Hope Clark Spater, 1974",Textiles-Woven,,,,,http://www.metmuseum.org/art/collection/search/229456,"Metropolitan Museum of Art, New York, NY",
230938,,True,The American Wing,Upholstery panel,Seat cover,Peruvian,,,late 17th–early 18th century (?),1685,1715,"Tapestry weave, cotton warp and camelid hair, silver gilt, and silk weft",20 3/4 x 19 1/2 in. (52.5 x 49.5 cm.),"Purchase, Paul W. Doll Jr. and Payne Foundation Gifts, Gift of Estate of James Hazen Hyde, by exchange, and funds from various donors, 2003",,Peru,,,,http://www.metmuseum.org/art/collection/search/230938,"Metropolitan Museum of Art, New York, NY",Animals|Birds|Flowers
307447,,True,"Arts of Africa, Oceania, and the Americas",Border fragment,Border Fragment,Peruvian; central coast (?),,,10th–15th century,900,1500,"Camelid hair, cotton",W. 4 × L. 82 in. (10.2 × 208.3 cm),"Gift of Henry G. Marquand, 1882",Textiles-Woven,Peru,,,,http://www.metmuseum.org/art/collection/search/307447,"Metropolitan Museum of Art, New York, NY",
307448,,True,"Arts of Africa, Oceania, and the Americas",Tunic,Tunic,Chimú,,,12th–15th century,1100,1500,"Camelid hair, cotton",H. 16 1/4 × W. 31 3/8 in. (41.3 × 79.7 cm),"Gift of Henry G. Marquand, 1882",Textiles-Woven,Peru,,,,http://www.metmuseum.org/art/collection/search/307448,"Metropolitan Museum of Art, New York, NY",
307449,,True,"Arts of Africa, Oceania, and the Americas",Bag,Bag,Inca,,,15th–16th century,1400,1600,Cotton,H. 25 in. × W. 23 1/2 in. (63.5 × 59.7 cm),"Gift of Henry G. Marquand, 1882",Textiles-Woven,Peru,,,,http://www.metmuseum.org/art/collection/search/307449,"Metropolitan Museum of Art, New York, NY",
307450,,True,"Arts of Africa, Oceania, and the Americas",Fragment,"Textile Fragment, Figure",Lambayeque (Sicán),,,9th–13th century,800,1300,"Cotton, camelid hair",H. 7 3/4 × W. 5 1/2 in. (19.7 × 14 cm),"Gift of Henry G. Marquand, 1882",Textiles-Woven,Peru,,,,http://www.metmuseum.org/art/collection/search/307450,"Metropolitan Museum of Art, New York, NY",
307451,,True,"Arts of Africa, Oceania, and the Americas",Fragment,"Textile Fragment, Figures",Peruvian; central coast (?),,,10th–15th century,900,1500,"Camelid hair, cotton",H. 13 in. × W. 4 1/4 in. (33 × 10.8 cm),"Gift of Henry G. Marquand, 1882",Textiles-Woven,Peru,,,,http://www.metmuseum.org/art/collection/search/307451,"Metropolitan Museum of Art, New York, NY",Mythical Creatures
307452,,True,"Arts of Africa, Oceania, and the Americas",Fragment,"Textile Fragment, Figure",Lambayeque (Sicán),,,9th–13th century,800,1300,"Camelid hair, cotton",H. 7 1/2 × W. 4 1/2 in. (19.1 × 11.4 cm),"Gift of Henry G. Marquand, 1882",Textiles-Woven,Peru,,,,http://www.metmuseum.org/art/collection/search/307452,"Metropolitan Museum of Art, New York, NY",Human Figures
307454,,True,"Arts of Africa, Oceania, and the Americas",Band fragment,Band Fragment,Chimú (?),,,10th–15th century,900,1500,Camelid hair,W. 2 1/2 × L. 27 in. (6.4 × 68.6 cm),"Gift of Henry G. Marquand, 1882",Textiles-Woven,Peru,,,,http://www.metmuseum.org/art/collection/search/307454,"Metropolitan Museum of Art, New York, NY",
307455,,True,"Arts of Africa, Oceania, and the Americas",Border fragment,Border Fragment,Peruvian; central coast (?),,,10th–15th century,900,1500,"Camelid hair, cotton",H. 6 1/2 in. × W. 11 in. (16.5 × 27.9 cm),"Gift of Henry G. Marquand, 1882",Textiles-Woven,Peru,,,,http://www.metmuseum.org/art/collection/search/307455,"Metropolitan Museum of Art, New York, NY",
307456,,True,"Arts of Africa, Oceania, and the Americas",Border,Border Fragment,Peruvian; central coast (?),,,10th–15th century,900,1500,"Camelid hair, cotton
",W. 4 × L. 77 in. (10.2 × 195.6 cm),"Gift of Henry G. Marquand, 1882",Textiles-Woven,Peru,,,,http://www.metmuseum.org/art/collection/search/307456,"Metropolitan Museum of Art, New York, NY",
307457,,True,"Arts of Africa, Oceania, and the Americas",Border fragment,Border Fragment,Peruvian; central coast (?),,,10th–15th century,900,1500,"Camelid hair, cotton",W. 5 1/2 × L. 26 in. (14 × 66 cm),"Gift of Henry G. Marquand, 1882",Textiles-Woven,Peru,,,,http://www.metmuseum.org/art/collection/search/307457,"Metropolitan Museum of Art, New York, NY",
307458,,True,"Arts of Africa, Oceania, and the Americas",Fragment,Band Fragment,Peruvian; central coast (?),,,10th–15th century,900,1500,Camelid hair,W. 4 1/2 × L. 18 in. (11.4 × 45.7 cm),"Gift of Henry G. Marquand, 1882",Textiles-Woven,Peru,,,,http://www.metmuseum.org/art/collection/search/307458,"Metropolitan Museum of Art, New York, NY",
307459,,True,"Arts of Africa, Oceania, and the Americas",Textile panel,Panel,Peruvian; central coast (?),,,10th–15th century,900,1500,Cotton,W. 10 × L. 65 in. (25.4 × 165.1 cm),"Gift of Henry G. Marquand, 1882",Textiles-Woven,Peru,,,,http://www.metmuseum.org/art/collection/search/307459,"Metropolitan Museum of Art, New York, NY",
307460,,True,"Arts of Africa, Oceania, and the Americas",Border fragment,Border Fragment,Peruvian; central coast (?),,,10th–15th century,900,1500,"Camelid hair, cotton",W. 11 × L. 19 in. (27.9 × 48.3 cm),"Gift of Henry G. Marquand, 1882",Textiles-Woven,Peru,,,,http://www.metmuseum.org/art/collection/search/307460,"Metropolitan Museum of Art, New York, NY",
307461,,True,"Arts of Africa, Oceania, and the Americas",Ornament,Textile ornament,Ica,,,11th–15th century,1000,1500,Gold,H. 1 1/2 in. × W. 1 in. (3.8 × 2.5 cm),"Gift of Henry G. Marquand, 1882",Metal-Ornaments,Peru,,,,http://www.metmuseum.org/art/collection/search/307461,"Metropolitan Museum of Art, New York, NY",
307462,,True,"Arts of Africa, Oceania, and the Americas",Ornament,Textile ornament,Ica,,,11th–15th century,1000,1500,Gold,H. 1 1/2 in. × W. 1 in. (3.8 × 2.5 cm),"Gift of Henry G. Marquand, 1882",Metal-Ornaments,Peru,,,,http://www.metmuseum.org/art/collection/search/307462,"Metropolitan Museum of Art, New York, NY",
307463,,True,"Arts of Africa, Oceania, and the Americas",Ornament,Textile ornament,Ica,,,11th–15th century,1000,1500,Gold,H. 1 1/2 in. × W. 1 in. (3.8 × 2.5 cm),"Gift of Henry G. Marquand, 1882",Metal-Ornaments,Peru,,,,http://www.metmuseum.org/art/collection/search/307463,"Metropolitan Museum of Art, New York, NY",
307464,,True,"Arts of Africa, Oceania, and the Americas",Ornament,Textile ornament,Ica,,,11th–15th century,1000,1500,Gold,H. 1 1/2 in. × W. 1 in. (3.8 × 2.5 cm),"Gift of Henry G. Marquand, 1882",Metal-Ornaments,Peru,,,,http://www.metmuseum.org/art/collection/search/307464,"Metropolitan Museum of Art, New York, NY",
307465,,True,"Arts of Africa, Oceania, and the Americas",Ornaments,"Textile ornaments, Corn Plants",Ica,,,11th–15th century,1000,1500,Gold,H. 1 1/2 in. × W. 1 in. (3.8 × 2.5 cm),"Gift of Henry G. Marquand, 1882",Metal-Ornaments,Peru,,,,http://www.metmuseum.org/art/collection/search/307465,"Metropolitan Museum of Art, New York, NY",Plants
307471,,True,"Arts of Africa, Oceania, and the Americas",Border fragment,Border Fragment,Chimú (?),,,10th–15th century,900,1500,"Camelid hair, cotton",H. 12 × W. 15 1/2 in. (30.5 × 39.4 cm),"Gift of Henry G. Marquand, 1882",Textiles-Woven,Peru,,,,http://www.metmuseum.org/art/collection/search/307471,"Metropolitan Museum of Art, New York, NY",Birds
307623,,True,"Arts of Africa, Oceania, and the Americas",Ornament,Textile Ornament,Chimú,,,14th–15th century,1300,1500,Silver,Overall: 2 in. (5.08 cm),"Gift of Mr. and Mrs. Nathan Cummings, 1964",Metal-Ornaments,Peru,,,,http://www.metmuseum.org/art/collection/search/307623,"Metropolitan Museum of Art, New York, NY",Owls
307624,,True,"Arts of Africa, Oceania, and the Americas",Ornament,Textile Ornament,Chimú (?),,,14th–15th century,1300,1500,Silver,Diameter 1-1/4 in.,"Gift of Mr. and Mrs. Nathan Cummings, 1964",Metal-Ornaments,Peru,,,,http://www.metmuseum.org/art/collection/search/307624,"Metropolitan Museum of Art, New York, NY",
307674,,True,"Arts of Africa, Oceania, and the Americas",Panel,Panel with Face,Wari,,,7th–12th century,600,1200,"Cotton, camelid hair","Overall: 4 1/2 x 4 3/8 in. (11.43 x 11.11 cm)
Other: 4 1/2 in. (11.43 cm)","Gift of George D. Pratt, 1933",Textiles-Woven,Peru,,,,http://www.metmuseum.org/art/collection/search/307674,"Metropolitan Museum of Art, New York, NY",Faces
307675,,True,"Arts of Africa, Oceania, and the Americas",Panel,Panel,Wari,,,7th–12th century,600,1200,"Cotton, camelid hair","Overall: 4 3/8 x 4 5/8 in. (11.13 x 11.75 cm)
Other: 4 3/8 in. (11.13 cm)","Gift of George D. Pratt, 1933",Textiles-Woven,Peru,,,,http://www.metmuseum.org/art/collection/search/307675,"Metropolitan Museum of Art, New York, NY",Faces
307676,,True,"Arts of Africa, Oceania, and the Americas",Border Fragment,Border Fragment,Paracas,,,1st century BCE–2nd century CE,-100,200,"Camelid hair, cotton","Overall: 6 3/4 x 43 1/2 in. (17.15 x 110.49 cm)
Other: 6 3/4 in. (17.15 cm)","Gift of George D. Pratt, 1933",Textiles-Trimmings,Peru,,,,http://www.metmuseum.org/art/collection/search/307676,"Metropolitan Museum of Art, New York, NY",
307677,,True,"Arts of Africa, Oceania, and the Americas",Mantle fragment,Embroidered Mantle Fragment,Paracas,,,5th–2nd century BCE,-500,-100,Camelid hair,"Overall: 4 1/2 x 5 1/2 in. (11.43 x 13.97 cm)
Other: 4 1/2 in. (11.43 cm)","Gift of George D. Pratt, 1933",Textiles-Woven,Peru,,,,http://www.metmuseum.org/art/collection/search/307677,"Metropolitan Museum of Art, New York, NY",Faces
307678,,True,"Arts of Africa, Oceania, and the Americas",Mantle fragment,Embroidered Mantle Fragment,Paracas,,,3rd–2nd century BCE,-300,-100,"Camelid hair, cotton","Overall: 5 x 5 in. (12.7 x 12.7 cm)
Other: 5 in. (12.7 cm)","Gift of George D. Pratt, 1933",Textiles-Woven,Peru,,,,http://www.metmuseum.org/art/collection/search/307678,"Metropolitan Museum of Art, New York, NY",
307679,,True,"Arts of Africa, Oceania, and the Americas",Mantle fragment,Embroidered Mantle Fragment,Paracas,,,5th–2nd century BCE,-500,-100,Camelid hair,"Overall: 4 1/4 x 5 in. (10.8 x 12.7 cm)
Other: 4 1/4 in. (10.8 cm)","Gift of George D. Pratt, 1933",Textiles-Woven,Peru,,,,http://www.metmuseum.org/art/collection/search/307679,"Metropolitan Museum of Art, New York, NY",
307680,,True,"Arts of Africa, Oceania, and the Americas",Mantle fragment,Embroidered Mantle Fragment,Paracas,,,3rd–2nd century BCE,-300,-100,"Camelid hair, cotton","Overall: 5 x 5 in. (12.7 x 12.7 cm)
Other: 5 in. (12.7 cm)","Gift of George D. Pratt, 1933",Textiles-Woven,Peru,,,,http://www.metmuseum.org/art/collection/search/307680,"Metropolitan Museum of Art, New York, NY",Men
307681,,True,"Arts of Africa, Oceania, and the Americas",Tunic fragment,Tunic Fragment,Wari,,,7th–9th century,600,900,"Cotton, camelid hair","Overall: 11 x 33 3/4 in. (27.94 x 85.73 cm)
Other: 11 in. (27.94 cm)","Gift of George D. Pratt, 1933",Textiles-Woven,Peru,,,,http://www.metmuseum.org/art/collection/search/307681,"Metropolitan Museum of Art, New York, NY",
307682,,True,"Arts of Africa, Oceania, and the Americas",Fragment,Embroidered Border Fragment,Paracas,,,5th–2nd century BCE,-500,-100,Camelid hair,"Overall: 11 x 65 in. (27.94 x 165.1 cm)
Other: 11 in. (27.94 cm)","Gift of George D. Pratt, 1933",Textiles-Woven,Peru,,,,http://www.metmuseum.org/art/collection/search/307682,"Metropolitan Museum of Art, New York, NY",
307683,,True,"Arts of Africa, Oceania, and the Americas",Mantle fragment,Embroidered Mantle Fragment,Paracas,,,5th–2nd century BCE,-500,-100,Camelid hair,"Overall: 12 1/2 x 31 in. (31.75 x 78.74 cm)
Other: 12 1/2 in. (31.75 cm)","Gift of George D. Pratt, 1933",Textiles-Woven,Peru,,,,http://www.metmuseum.org/art/collection/search/307683,"Metropolitan Museum of Art, New York, NY",
307684,,True,"Arts of Africa, Oceania, and the Americas",Textile fragment,Tapestry Fragment,Chimú,,,12th–15th century,1100,1500,"Camelid hair, cotton","Overall: 15 x 19 1/2 in. (38.1 x 49.53 cm)
Other: 15 in. (38.1 cm)","Gift of George D. Pratt, 1933",Textiles-Woven,Peru,,,,http://www.metmuseum.org/art/collection/search/307684,"Metropolitan Museum of Art, New York, NY",
307685,,True,"Arts of Africa, Oceania, and the Americas",Textile fragment,Tapestry Fragment,Peru; central coast (?),,,10th–15th century,900,1500,Camelid hair,"Overall: 16 x 27 1/2 in. (40.64 x 69.85 cm)
Other: 16 in. (40.64 cm)","Gift of George D. Pratt, 1933",Textiles-Woven,Peru,,,,http://www.metmuseum.org/art/collection/search/307685,"Metropolitan Museum of Art, New York, NY",Birds
307798,,True,"Arts of Africa, Oceania, and the Americas",Band fragment,Band Fragment,Peruvian; central coast (?),,,10th–15th century,900,1500,"Camelid hair, cotton","Overall: 1 1/4 x 17 3/4 in. (3.2 x 45.09 cm)
Other: 1 1/4 in. (3.18 cm)","Rogers Fund, 1909",Textiles-Woven,Peru,,,,http://www.metmuseum.org/art/collection/search/307798,"Metropolitan Museum of Art, New York, NY",Animals
307799,,True,"Arts of Africa, Oceania, and the Americas",Band fragment,Band Fragment,Peru; central coast (?),,,10th–15th century,900,1500,"Camelid hair, cotton","Overall: 1 1/8 x 16 3/4 in. (2.9 x 42.55 cm)
Other: 1 1/8 x 16 3/4 in. (2.84 x 42.55 cm)","Rogers Fund, 1909",Textiles-Woven,Peru,,,,http://www.metmuseum.org/art/collection/search/307799,"Metropolitan Museum of Art, New York, NY",
307800,,True,"Arts of Africa, Oceania, and the Americas",Border fragment,Border Fragment,Chimú (?),,,10th–15th century,900,1500,Camelid hair,"Overall: 6 1/2 x 7 1/2 in. (16.5 x 19.05 cm)
Other: 7 1/2 in. (19.05 cm)","Rogers Fund, 1909",Textiles-Woven,Peru,,,,http://www.metmuseum.org/art/collection/search/307800,"Metropolitan Museum of Art, New York, NY",Birds
307801,,True,"Arts of Africa, Oceania, and the Americas",Band fragment,Band Fragment,Peru; central coast (?),,,10th–15th century,900,1500,"Camelid hair, cotton","Overall: 3 1/2 x 1 1/8 in. (8.89 x 2.86 cm)
Other: 3 1/2 in. (8.89 cm)","Rogers Fund, 1909",Textiles-Woven,Peru,,,,http://www.metmuseum.org/art/collection/search/307801,"Metropolitan Museum of Art, New York, NY",
307802,,True,"Arts of Africa, Oceania, and the Americas",Fragment,Tapestry Fragment,Peru; central coast (?),,,10th–15th century,900,1500,"Camelid hair, cotton","Overall: 2 3/4 x 1 1/2 in. (6.99 x 3.81 cm)
Other: 2 3/4 in. (6.99 cm)","Rogers Fund, 1909",Textiles-Woven,Peru,,,,http://www.metmuseum.org/art/collection/search/307802,"Metropolitan Museum of Art, New York, NY",
307803,,True,"Arts of Africa, Oceania, and the Americas",Band fragment,Tapestry Band Fragment,Peru; central coast (?),,,10th–15th century,900,1500,"Camelid hair, cotton
","Overall: 1 3/8 x 3 3/8 in. (3.51 x 8.57 cm)
Other: 1 3/8 x 3 3/8 in. (3.51 x 8.59 cm)","Rogers Fund, 1909",Textiles-Woven,Peru,,,,http://www.metmuseum.org/art/collection/search/307803,"Metropolitan Museum of Art, New York, NY",
307804,,True,"Arts of Africa, Oceania, and the Americas",Fragment,Tapestry Fragment,Peru; south coast,,,10th–15th century,900,1500,"Camelid hair, cotton","Overall: 7 1/2 x 8 3/4 in. (19.05 x 22.23 cm)
Other: 7 1/2 in. (19.05 cm)","Rogers Fund, 1909",Textiles-Woven,Peru,,,,http://www.metmuseum.org/art/collection/search/307804,"Metropolitan Museum of Art, New York, NY",
307805,,True,"Arts of Africa, Oceania, and the Americas",Bag,Bag,Peru; central coast (?),,,10th–15th century,900,1500,"Camelid hair, cotton","Overall: 7 x 7 in. (17.78 x 17.78 cm)
Other: 7 in. (17.78 cm)","Rogers Fund, 1909",Textiles-Woven,Peru,,,,http://www.metmuseum.org/art/collection/search/307805,"Metropolitan Museum of Art, New York, NY",
307806,,True,"Arts of Africa, Oceania, and the Americas",Border fragment,Tapestry Border Fragment with Tab Fringes,Chancay,,,12th–14th century,1100,1400,"Camelid hair, cotton","Overall: 11 3/4 x 11 in. (29.85 x 27.94 cm)
Other: 11 3/4 in. (29.85 cm)","Rogers Fund, 1909",Textiles-Woven,Peru,,,,http://www.metmuseum.org/art/collection/search/307806,"Metropolitan Museum of Art, New York, NY",
307807,,True,"Arts of Africa, Oceania, and the Americas",Fragment,Tapestry Fragment with Fringe,Peru; central coast (?),,,10th–15th century,900,1500,"Camelid hair, cotton","Overall: 3 3/4 x 14 3/4 in. (9.53 x 37.47 cm)
Other: 3 3/4 in. (9.53 cm)","Rogers Fund, 1909",Textiles-Woven,Peru,,,,http://www.metmuseum.org/art/collection/search/307807,"Metropolitan Museum of Art, New York, NY",
307808,,True,"Arts of Africa, Oceania, and the Americas",Fragment,Braided Head Cord or Fillet,Peru; central coast (?),,,10th–14th century,900,1400,Cotton,"Overall: 3/4 x 17 in. (1.91 x 43.18 cm)
Other: 3/4 in. (1.91 cm)","Rogers Fund, 1909",Textiles-Woven,Peru,,,,http://www.metmuseum.org/art/collection/search/307808,"Metropolitan Museum of Art, New York, NY",
307809,,True,"Arts of Africa, Oceania, and the Americas",Textile panel,Gauze Panel,Peru; central coast (?),,,10th–15th century,900,1500,Cotton gauze,"Overall: 27 1/4 x 20 in. (69.22 x 50.8 cm)
Other: 27 1/4 in. (69.22 cm)","Rogers Fund, 1909",Textiles-Woven,Peru,,,,http://www.metmuseum.org/art/collection/search/307809,"Metropolitan Museum of Art, New York, NY",
307811,,True,"Arts of Africa, Oceania, and the Americas",Fragment,Cloth Fragment,Peru; central coast (?),,,14th–15th century,1300,1500,Cotton,"Overall: 12 x 7 1/4 in. (30.48 x 18.42 cm)
Other: 12 in. (30.48 cm)","Rogers Fund, 1909",Textiles-Woven,Peru,,,,http://www.metmuseum.org/art/collection/search/307811,"Metropolitan Museum of Art, New York, NY",
307812,,True,"Arts of Africa, Oceania, and the Americas",Fragment,Woven Fragment,Peru; central coast (?),,,14th–15th century,1300,1500,"Camelid hair, cotton","Overall: 15 1/4 x 6 3/4 in. (38.74 x 17.15 cm)
Other: 15 1/4 in. (38.74 cm)","Rogers Fund, 1909",Textiles-Woven,Peru,,,,http://www.metmuseum.org/art/collection/search/307812,"Metropolitan Museum of Art, New York, NY",
307813,,True,"Arts of Africa, Oceania, and the Americas",Fragment,Tapestry Fragment,Peru; south coast,,,10th–15th century,900,1500,"Camelid hair, cotton","Overall: 2 1/2 x 7 1/2 in. (6.35 x 19.05 cm)
Other: 2 1/2 in. (6.35 cm)","Rogers Fund, 1909",Textiles-Woven,Peru,,,,http://www.metmuseum.org/art/collection/search/307813,"Metropolitan Museum of Art, New York, NY",
307814,,True,"Arts of Africa, Oceania, and the Americas",Fragment,Tapestry Fragment,Peru; central coast (?),,,10th–15th century,900,1500,"Camelid hair, cotton","Overall: 1 x 10 3/4 in. (2.54 x 27.31 cm)
Other: 1 in. (2.54 cm)","Rogers Fund, 1909",Textiles-Woven,Peru,,,,http://www.metmuseum.org/art/collection/search/307814,"Metropolitan Museum of Art, New York, NY",
307815,,True,"Arts of Africa, Oceania, and the Americas",Fragment,Tapestry Fragment,Peru; south coast,,,10th–15th century,900,1500,"Camelid hair, cotton","Overall: 3 x 3 in. (7.62 x 7.62 cm)
Other: 3 in. (7.62 cm)","Rogers Fund, 1909",Textiles-Woven,Peru,,,,http://www.metmuseum.org/art/collection/search/307815,"Metropolitan Museum of Art, New York, NY",
307816,,True,"Arts of Africa, Oceania, and the Americas",Fragment,Tapestry Fragment,Peru; central coast (?),,,10th–15th century,900,1500,"Camelid hair, cotton","Overall: 1 1/2 x 2 1/2 in. (3.81 x 6.35 cm)
Other: 1 1/2 in. (3.81 cm)","Rogers Fund, 1909",Textiles-Woven,Peru,,,,http://www.metmuseum.org/art/collection/search/307816,"Metropolitan Museum of Art, New York, NY",
307817,,True,"Arts of Africa, Oceania, and the Americas",Fragment,Tapestry Fragment,Peru; central coast (?),,,10th–15th century,900,1500,"Camelid hair, cotton","Overall: 7 1/2 x 5 1/4 in. (19.05 x 13.34 cm)
Other: 7 1/2 in. (19.05 cm)","Rogers Fund, 1909",Textiles-Woven,Peru,,,,http://www.metmuseum.org/art/collection/search/307817,"Metropolitan Museum of Art, New York, NY",
307818,,True,"Arts of Africa, Oceania, and the Americas",Fragment,Tapestry Fragment,Peru; central coast (?),,,10th–15th century,900,1500,"Camelid hair, cotton","Overall: 8 1/2 x 5 1/4 in. (21.59 x 13.34 cm)
Other: 8 1/2 in. (21.59 cm)","Rogers Fund, 1909",Textiles-Woven,Peru,,,,http://www.metmuseum.org/art/collection/search/307818,"Metropolitan Museum of Art, New York, NY",Birds
307819,,True,"Arts of Africa, Oceania, and the Americas",Fragment,Tapestry Fragment,Peru; central coast (?),,,10th–15th century,900,1500,"Camelid hair, cotton","Overall: 8 x 7 in. (20.32 x 17.78 cm)
Other: 8 in. (20.32 cm)","Rogers Fund, 1909",Textiles-Woven,Peru,,,,http://www.metmuseum.org/art/collection/search/307819,"Metropolitan Museum of Art, New York, NY",
307820,,True,"Arts of Africa, Oceania, and the Americas",Fragment,Tapestry Fragment,Chimú,,,12th–15th century,1100,1500,Camelid hair,"Overall: 1 5/8 x 10 in. (4.11 x 25.4 cm)
Other: 1 5/8 in. (4.11 cm)","Rogers Fund, 1909",Textiles-Woven,Peru,,,,http://www.metmuseum.org/art/collection/search/307820,"Metropolitan Museum of Art, New York, NY",
307821,,True,"Arts of Africa, Oceania, and the Americas",Fragment,Tapestry Fragment,Peru; central coast (?),,,10th–15th century,900,1500,Camelid hair,"Overall: 6 1/4 x 14 1/4 in. (15.88 x 36.2 cm)
Other: 6 1/4 in. (15.88 cm)","Rogers Fund, 1909",Textiles-Woven,Peru,,,,http://www.metmuseum.org/art/collection/search/307821,"Metropolitan Museum of Art, New York, NY",
307822,,True,"Arts of Africa, Oceania, and the Americas",Fragment,Braided and Knotted Head Cord or Fillet,Peru; central coast (?),,,10th–15th century,900,1500,Camelid hair,Overall: 32 in. (81.28 cm),"Rogers Fund, 1909",Textiles-Woven,Peru,,,,http://www.metmuseum.org/art/collection/search/307822,"Metropolitan Museum of Art, New York, NY",
307823,,True,"Arts of Africa, Oceania, and the Americas",Hat or sling (?),Cap (fragment),Peru; central coast (?),,,before 1530,1400,1530,Camelid hair,Overall: 25 in. (63.5 cm),"Rogers Fund, 1909",Textiles-Woven,Peru,,,,http://www.metmuseum.org/art/collection/search/307823,"Metropolitan Museum of Art, New York, NY",
307824,,True,"Arts of Africa, Oceania, and the Americas",Panel,Woven Panel,Peru; central coast (?),,,10th–15th century,900,1500,Cotton,W. 24 × L. 31 in. (61 × 78.7 cm),"Rogers Fund, 1909",Textiles-Woven,Peru,,,,http://www.metmuseum.org/art/collection/search/307824,"Metropolitan Museum of Art, New York, NY",
307836,,True,"Arts of Africa, Oceania, and the Americas",Bag,Bag,Peruvian,,,19th century,1800,1900,Camelid hair,"Overall: 4 1/2 x 10 5/8 in. (11.43 x 26.99 cm)
Other: 4 1/2 in. (11.43 cm)","Gift of Mrs. George W. Case, 1913",Textiles-Woven,Peru,,,,http://www.metmuseum.org/art/collection/search/307836,"Metropolitan Museum of Art, New York, NY",
307841,,True,"Arts of Africa, Oceania, and the Americas",Bag,Fringed Bag,Nasca,,,7th century,600,700,Camelid hair,"W. 5 3/4 x L. 14 3/8 in. (14.61 x 36.51 cm)
","Gift of George D. Pratt, 1932",Textiles-Woven,Peru,,,,http://www.metmuseum.org/art/collection/search/307841,"Metropolitan Museum of Art, New York, NY",
307842,,True,"Arts of Africa, Oceania, and the Americas",Bag,Bag,Peruvian,,,10th–15th century,900,1500,Camelid hair,"Overall: 4 1/8 x 10 1/8 in. (10.46 x 25.72 cm)
Other: 4 1/8 in. (10.46 cm)","Gift of George D. Pratt, 1932",Textiles-Woven,Peru,,,,http://www.metmuseum.org/art/collection/search/307842,"Metropolitan Museum of Art, New York, NY",
307843,,True,"Arts of Africa, Oceania, and the Americas",Bag,Tapestry Bag with Fringes,Nasca,,,8th–9th century,700,900,Camelid hair,"Overall: 5 1/2 x 9 7/8 in. (13.97 x 25.08 cm)
Other: 5 1/2 in. (13.97 cm)","Gift of George D. Pratt, 1932",Textiles-Woven,Peru,,,,http://www.metmuseum.org/art/collection/search/307843,"Metropolitan Museum of Art, New York, NY",
307844,,True,"Arts of Africa, Oceania, and the Americas",Bag,Fringed Bag,Nasca,,,7th century,600,700,Camelid hair,"Overall: 5 3/4 x 9 1/4 in. (14.61 x 23.5 cm)
Other: 5 3/4 in. (14.61 cm)","Gift of George D. Pratt, 1932",Textiles-Woven,Peru,,,,http://www.metmuseum.org/art/collection/search/307844,"Metropolitan Museum of Art, New York, NY",
307845,,True,"Arts of Africa, Oceania, and the Americas",Bag,Tapestry Bag,Nasca,,,7th century,600,700,Camelid hair,"Overall: 4 1/2 x 4 3/4 in. (11.43 x 12.07 cm)
Other: 4 1/2 in. (11.43 cm)","Gift of George D. Pratt, 1932",Textiles-Woven,Peru,,,,http://www.metmuseum.org/art/collection/search/307845,"Metropolitan Museum of Art, New York, NY",
307846,,True,"Arts of Africa, Oceania, and the Americas",Panel,Panel with Birds,Inca,,,15th–16th century,1400,1600,Camelid hair,"Overall: 16 1/2 x 37 in. (41.91 x 93.98 cm)
Other: 16 1/2 in. (41.91 cm)","Gift of George D. Pratt, 1932",Textiles-Woven,Peru,,,,http://www.metmuseum.org/art/collection/search/307846,"Metropolitan Museum of Art, New York, NY",Birds
307847,,True,"Arts of Africa, Oceania, and the Americas",Panel,Tapestry Panel Fragment,Peru; central coast (?),,,10th–15th century,900,1500,Camelid hair,"Overall: 42 x 54 in. (106.68 x 137.16 cm)
Other: 42 in. (106.68 cm)","Gift of George D. Pratt, 1932",Textiles-Woven,Peru,,,,http://www.metmuseum.org/art/collection/search/307847,"Metropolitan Museum of Art, New York, NY",
307848,,True,"Arts of Africa, Oceania, and the Americas",Panel,Embroidered Panel Fragment,Peru; north coast (?),,,10th–15th century,900,1500,"Cotton, camelid hair","Overall: 42 x 70 1/4 in. (106.68 x 178.44 cm)
Other: 42 in. (106.68 cm)","Gift of George D. Pratt, 1932",Textiles-Woven,Peru,,,,http://www.metmuseum.org/art/collection/search/307848,"Metropolitan Museum of Art, New York, NY",Ducks
307849,,True,"Arts of Africa, Oceania, and the Americas",Panel,Gauze and Brocade Mantle Fragment,Chimú,,,12th–15th century,1100,1500,"Cotton gauze, camelid hair","Overall: 40 x 84 1/2 in. (101.6 x 214.63 cm)
Other: 40 in. (101.6 cm)","Gift of George D. Pratt, 1932",Textiles-Woven,Peru,,,,http://www.metmuseum.org/art/collection/search/307849,"Metropolitan Museum of Art, New York, NY",
307850,,True,"Arts of Africa, Oceania, and the Americas",Mantle fragment,Mantle Fragment,Paracas,,,5th–3rd century BCE,-500,-200,"Camelid hair, cotton","Overall: 55 x 103 in. (139.7 x 261.62 cm)
Other: 55 in. (139.7 cm)","Gift of George D. Pratt, 1932",Textiles-Woven,Peru,,,,http://www.metmuseum.org/art/collection/search/307850,"Metropolitan Museum of Art, New York, NY",Human Figures
307851,,True,"Arts of Africa, Oceania, and the Americas",Mantle fragment,Embroidered Mantle Fragment,Paracas,,,3rd–2nd century BCE,-300,-100,Camelid hair,"Overall: 3 1/4 x 3 3/4 in. (8.26 x 9.53 cm)
Other: 3 1/4 in. (8.26 cm)","Gift of George D. Pratt, 1933",Textiles-Woven,Peru,,,,http://www.metmuseum.org/art/collection/search/307851,"Metropolitan Museum of Art, New York, NY",
307852,,True,"Arts of Africa, Oceania, and the Americas",Mantle fragment,Embroidered Mantle Fragment,Paracas,,,5th–2nd century BCE,-500,-100,Camelid hair,"Overall: 4 1/2 x 5 1/4 in. (11.43 x 13.34 cm)
Other: 4 1/2 in. (11.43 cm)","Gift of George D. Pratt, 1933",Textiles-Woven,Peru,,,,http://www.metmuseum.org/art/collection/search/307852,"Metropolitan Museum of Art, New York, NY",
307853,,True,"Arts of Africa, Oceania, and the Americas",Textile fragment,Embroidered Fragment,Paracas,,,5th–2nd century BCE,-500,-100,Camelid hair,"Overall: 4 1/2 x 3 3/8 in. (11.43 x 8.57 cm)
Other: 4 1/2 in. (11.43 cm)","Gift of George D. Pratt, 1933",Textiles-Woven,Peru,,,,http://www.metmuseum.org/art/collection/search/307853,"Metropolitan Museum of Art, New York, NY",
307854,,True,"Arts of Africa, Oceania, and the Americas",Mantle fragment,Embroidered Mantle Fragment,Paracas,,,3rd–2nd century BCE,-300,-100,"Camelid hair, cotton","Overall: 3 3/8 x 4 1/2 in. (8.56 x 11.43 cm)
Other: 3 3/8 in. (8.56 cm)","Gift of George D. Pratt, 1933",Textiles-Woven,Peru,,,,http://www.metmuseum.org/art/collection/search/307854,"Metropolitan Museum of Art, New York, NY",Heads|Mythical Creatures
307855,,True,"Arts of Africa, Oceania, and the Americas",Mantle fragment,Embroidered Mantle Fragment,Paracas,,,3rd–2nd century BCE,-300,-100,"Camelid hair, cotton","Overall: 4 x 4 1/4 in. (10.16 x 10.8 cm)
Other: 4 in. (10.16 cm)","Gift of George D. Pratt, 1933",Textiles-Woven,Peru,,,,http://www.metmuseum.org/art/collection/search/307855,"Metropolitan Museum of Art, New York, NY",
307886,,True,"Arts of Africa, Oceania, and the Americas",Gauze fragment,Gauze Fragment,Peru; central coast (?),,,10th–15th century,900,1500,Cotton gauze,"Overall: 6 1/2 x 5 1/4 in. (16.51 x 13.34 cm)
Other: 6 1/2 in. (16.51 cm)","Gift of the American Museum of Natural History, 1920",Textiles-Woven,Peru,,,,http://www.metmuseum.org/art/collection/search/307886,"Metropolitan Museum of Art, New York, NY",
307887,,True,"Arts of Africa, Oceania, and the Americas",Sash,Sash,Chimú,,,12th–15th century,1100,1500,"Camelid hair, cotton","Overall: 2 1/2 x 112 in. (6.35 x 284.48 cm)
Other: 2 1/2 in. (6.35 cm)","Gift of Mrs. Robert Bacon, 1919",Textiles-Woven,Peru,,,,http://www.metmuseum.org/art/collection/search/307887,"Metropolitan Museum of Art, New York, NY",
307901,,True,"Arts of Africa, Oceania, and the Americas",Headband,Headband,Wari,,,9th–10th century,800,1000,"Cotton, camelid hair","W. 4 1/4 x D. 22 1/4 in. (10.8 x 56.52 cm)
","Gift of Colonel F. D. Trask, 1924",Textiles-Woven,Peru,,,,http://www.metmuseum.org/art/collection/search/307901,"Metropolitan Museum of Art, New York, NY",
307907,,True,"Arts of Africa, Oceania, and the Americas",Loincloth fragment,Tapestry Loincloth Fragment,Peru; central coast (?),,,10th–15th century,900,1500,"Camelid hair, cotton","Overall: 21 x 58 in. (53.34 x 147.32 cm)
Other: 21 in. (53.34 cm)","Rogers Fund, 1928",Textiles-Woven,Peru,,,,http://www.metmuseum.org/art/collection/search/307907,"Metropolitan Museum of Art, New York, NY",
307908,,True,"Arts of Africa, Oceania, and the Americas",Tunic,Tapestry Sleeveless Tunic,Peru; central coast (?),,,10th–15th century,900,1500,"Camelid hair, cotton","Overall: 40 x 20 in. (101.6 x 50.8 cm)
Other: 40 in. (101.6 cm)","Rogers Fund, 1928",Textiles-Woven,Peru,,,,http://www.metmuseum.org/art/collection/search/307908,"Metropolitan Museum of Art, New York, NY",Birds|Cats
307909,,True,"Arts of Africa, Oceania, and the Americas",Panel,Tapestry Panel with Spotted Cat,Chimú,,,12th–15th century,1100,1500,"Camelid hair, cotton","Overall: 12 3/8 x 13 1/4 in. (31.45 x 33.66 cm)
Other: 12 3/8 in. (31.45 cm)","Rogers Fund, 1928",Textiles-Woven,Peru,,,,http://www.metmuseum.org/art/collection/search/307909,"Metropolitan Museum of Art, New York, NY",Cats
307910,,True,"Arts of Africa, Oceania, and the Americas",Band,Band Fragment with Tufts,Lambayeque (Sicán),,,9th–13th century,800,1300,"Camelid hair, cotton","Overall: 6 1/4 x 24 1/4 in. (15.88 x 61.6 cm)
Other: 6 1/4 in. (15.88 cm)","Rogers Fund, 1928",Textiles-Woven,Peru,,,,http://www.metmuseum.org/art/collection/search/307910,"Metropolitan Museum of Art, New York, NY",Birds|Human Figures
307911,,True,"Arts of Africa, Oceania, and the Americas",Textile fragment,Tapestry Fragment,Chimú (?),,,10th–15th century,900,1500,Camelid hair,"Overall: 9 1/4 x 15 3/4 in. (23.5 x 40.01 cm)
Other: 9 1/4 in. (23.5 cm)","Rogers Fund, 1928",Textiles-Woven,Peru,,,,http://www.metmuseum.org/art/collection/search/307911,"Metropolitan Museum of Art, New York, NY",Birds
307912,,True,"Arts of Africa, Oceania, and the Americas",Textile fragment,Tapestry Fragment,Peru; central coast (?),,,10th–15th century,900,1500,"Camelid hair, cotton","Overall: 5 1/4 x 13 in. (13.34 x 33.02 cm)
Other: 5 1/4 in. (13.34 cm)","Rogers Fund, 1928",Textiles-Woven,Peru,,,,http://www.metmuseum.org/art/collection/search/307912,"Metropolitan Museum of Art, New York, NY",Faces
307913,,True,"Arts of Africa, Oceania, and the Americas",Textile fragment,Tapestry Fragment,Peru; central coast (?),,,10th–15th century,900,1500,"Camelid hair, cotton","Overall: 4 3/4 x 9 3/4 in. (12.07 x 24.77 cm)
Other: 4 3/4 in. (12.07 cm)","Rogers Fund, 1928",Textiles-Woven,Peru,,,,http://www.metmuseum.org/art/collection/search/307913,"Metropolitan Museum of Art, New York, NY",
307914,,True,"Arts of Africa, Oceania, and the Americas",Panel,Tapestry Panel with Birds,Central Coast,,,12th–15th century,1100,1500,Cotton,H. 4 3/4 × W. 4 1/4 in. (12.1 × 10.8 cm),"Rogers Fund, 1928",Textiles-Woven,Peru,,,,http://www.metmuseum.org/art/collection/search/307914,"Metropolitan Museum of Art, New York, NY",
307915,,True,"Arts of Africa, Oceania, and the Americas",Textile fragment,Tapestry Fragment with Figures,Chimú,,,12th–15th century,1100,1500,"Camelid hair, cotton","Overall: 3 x 5 5/16 in. (7.62 x 13.55 cm)
Other: 3 in. (7.62 cm)","Rogers Fund, 1928",Textiles-Woven,Peru,,,,http://www.metmuseum.org/art/collection/search/307915,"Metropolitan Museum of Art, New York, NY",Human Figures
307916,,True,"Arts of Africa, Oceania, and the Americas",Textile fragment,Tapestry Fragment,Peru; central coast (?),,,10th–15th century,900,1500,Camelid hair,"Overall: 3 3/4 x 12 1/2 in. (9.53 x 31.75 cm)
Other: 3 3/4 in. (9.53 cm)","Rogers Fund, 1928",Textiles-Woven,Peru,,,,http://www.metmuseum.org/art/collection/search/307916,"Metropolitan Museum of Art, New York, NY",Animals
307917,,True,"Arts of Africa, Oceania, and the Americas",Textile fragment,Tapestry Fragment,Peru; central coast (?),,,10th–15th century,900,1500,Camelid hair,"Overall: 3 1/2 x 13 3/4 in. (8.89 x 34.93 cm)
Other: 3 1/2 in. (8.89 cm)","Rogers Fund, 1928",Textiles-Woven,Peru,,,,http://www.metmuseum.org/art/collection/search/307917,"Metropolitan Museum of Art, New York, NY",
307918,,True,"Arts of Africa, Oceania, and the Americas",Textile fragment,Tapestry Fragment with Plumed Figure,Peru; central coast (?),,,10th–15th century,900,1500,Camelid hair,"Overall: 7 3/4 x 9 in. (19.69 x 22.86 cm)
Other: 7 3/4 in. (19.69 cm)","Rogers Fund, 1928",Textiles-Woven,Peru,,,,http://www.metmuseum.org/art/collection/search/307918,"Metropolitan Museum of Art, New York, NY",
307919,,True,"Arts of Africa, Oceania, and the Americas",Textile fragment,Tapestry Fragment with Plumed Figure,Lambayeque (Sicán),,,9th–13th century,800,1300,"Camelid hair, cotton","Overall: 6 1/2 x 8 in. (16.51 x 20.32 cm)
Other: 6 1/2 in. (16.51 cm)","Rogers Fund, 1928",Textiles-Woven,Peru,,,,http://www.metmuseum.org/art/collection/search/307919,"Metropolitan Museum of Art, New York, NY",
307920,,True,"Arts of Africa, Oceania, and the Americas",Textile fragment,Tapestry Fragment,Lambayeque (Sicán),,,9th–13th century,800,1300,"Camelid hair, cotton","Overall: 4 1/2 x 7 in. (11.43 x 17.78 cm)
Other: 4 1/2 in. (11.43 cm)","Rogers Fund, 1928",Textiles-Woven,Peru,,,,http://www.metmuseum.org/art/collection/search/307920,"Metropolitan Museum of Art, New York, NY",Birds
307921,,True,"Arts of Africa, Oceania, and the Americas",Textile fragment,Tapestry Fragment with Plumed Figure,Chimú,,,12th–15th century,1100,1500,"Camelid hair, cotton","Overall: 6 x 7 in. (15.24 x 17.78 cm)
Other: 6 in. (15.24 cm)","Rogers Fund, 1928",Textiles-Woven,Peru,,,,http://www.metmuseum.org/art/collection/search/307921,"Metropolitan Museum of Art, New York, NY",Human Figures
307922,,True,"Arts of Africa, Oceania, and the Americas",Textile fragment,Tapestry Fragment with Plumed Figure,Lambayeque (Sicán),,,9th–13th century,800,1300,"Camelid hair, cotton","Overall: 5 1/4 x 7 1/2 in. (13.34 x 19.05 cm)
Other: 5 1/4 in. (13.34 cm)","Rogers Fund, 1928",Textiles-Woven,Peru,,,,http://www.metmuseum.org/art/collection/search/307922,"Metropolitan Museum of Art, New York, NY",
307923,,True,"Arts of Africa, Oceania, and the Americas",Textile fragment,Woven Fragment,Lambayeque (Sicán),,,9th–13th century,800,1300,"Camelid hair, cotton","Overall: 4 7/8 x 6 3/8 in. (12.37 x 16.19 cm)
Other: 4 7/8 in. (12.37 cm)","Rogers Fund, 1928",Textiles-Woven,Peru,,,,http://www.metmuseum.org/art/collection/search/307923,"Metropolitan Museum of Art, New York, NY",
307924,,True,"Arts of Africa, Oceania, and the Americas",Textile fragment,Tapestry Fragment with Plumed Figure,Lambayeque (Sicán),,,9th–13th century,800,1300,"Cotton, camelid hair","Overall: 3 1/2 x 6 3/4 in. (8.89 x 17.15 cm)
Other: 3 1/2 in. (8.89 cm)","Rogers Fund, 1928",Textiles-Woven,Peru,,,,http://www.metmuseum.org/art/collection/search/307924,"Metropolitan Museum of Art, New York, NY",Human Figures
307925,,True,"Arts of Africa, Oceania, and the Americas",Textile fragment,Tapestry Fragment with Plumed Figure,Lambayeque (Sicán),,,9th–13th century,800,1300,"Camelid hair, cotton","Overall: 5 1/4 x 6 3/4 in. (13.34 x 17.15 cm)
Other: 5 1/4 in. (13.34 cm)","Rogers Fund, 1928",Textiles-Woven,Peru,,,,http://www.metmuseum.org/art/collection/search/307925,"Metropolitan Museum of Art, New York, NY",Human Figures
307926,,True,"Arts of Africa, Oceania, and the Americas",Textile fragment,Brocade Fragment,Chimú,,,12th–15th century,1100,1500,"Camelid hair, cotton","Overall: 5 x 9 in. (12.7 x 22.86 cm)
Other: 5 in. (12.7 cm)","Rogers Fund, 1928",Textiles-Woven,Peru,,,,http://www.metmuseum.org/art/collection/search/307926,"Metropolitan Museum of Art, New York, NY",
307927,,True,"Arts of Africa, Oceania, and the Americas",Panel,Tapestry Panel Fragment,Peru; central coast (?),,,10th–15th century,900,1500,Camelid hair,"Overall: 4 3/4 x 16 3/4 in. (12.07 x 42.55 cm)
Other: 4 3/4 in. (12.07 cm)","Rogers Fund, 1928",Textiles-Woven,Peru,,,,http://www.metmuseum.org/art/collection/search/307927,"Metropolitan Museum of Art, New York, NY",
307928,,True,"Arts of Africa, Oceania, and the Americas",Band fragment,Tapestry Band Fragment with Grotesque Heads,Peru; central coast (?),,,10th–15th century,900,1500,Camelid hair,"Overall: 3 1/2 x 16 1/2 in. (8.89 x 41.91 cm)
Other: 3 1/2 in. (8.89 cm)","Rogers Fund, 1928",Textiles-Woven,Peru,,,,http://www.metmuseum.org/art/collection/search/307928,"Metropolitan Museum of Art, New York, NY",
307929,,True,"Arts of Africa, Oceania, and the Americas",Textile fragment,Tapestry Fragment with Figure,Central Coast,,,12th–15th century,1100,1500,Cotton,"H. 5 x W. 5 in. (12.7 x 12.7 cm)
","Rogers Fund, 1928",Textiles-Woven,Peru,,,,http://www.metmuseum.org/art/collection/search/307929,"Metropolitan Museum of Art, New York, NY",Human Figures
307930,,True,"Arts of Africa, Oceania, and the Americas",Textile fragment,Tapestry Fragment with Plumed Figure,Chimú,,,12th–15th century,1100,1500,Camelid hair,Overall: 5 3/8 in. (13.65 cm),"Rogers Fund, 1928",Textiles-Woven,Peru,,,,http://www.metmuseum.org/art/collection/search/307930,"Metropolitan Museum of Art, New York, NY",Human Figures
307931,,True,"Arts of Africa, Oceania, and the Americas",Textile fragment,Brocade Fragment with Plumed Figure,Chimú,,,15th–16th century,1400,1600,"Camelid hair, cotton","Overall: 3 3/8 x 5 in. (8.59 x 12.7 cm)
Other: 3 3/8 in. (8.59 cm)","Rogers Fund, 1928",Textiles-Woven,Peru,,,,http://www.metmuseum.org/art/collection/search/307931,"Metropolitan Museum of Art, New York, NY",
307932,,True,"Arts of Africa, Oceania, and the Americas",Textile fragment,Tapestry Fragment,Lambayeque (Sicán),,,9th–13th century,800,1300,"Camelid hair, cotton","Overall: 4 x 5 in. (10.16 x 12.7 cm)
Other: 4 in. (10.16 cm)","Rogers Fund, 1928",Textiles-Woven,Peru,,,,http://www.metmuseum.org/art/collection/search/307932,"Metropolitan Museum of Art, New York, NY",
307933,,True,"Arts of Africa, Oceania, and the Americas",Textile fragment,Tapestry Fragment with Figures,Nasca (?),,,10th–15th century,900,1500,"Camelid hair, cotton","Overall: 3 3/8 x 4 3/4 in. (8.59 x 12.07 cm)
Other: 3 3/8 in. (8.59 cm)","Rogers Fund, 1928",Textiles-Woven,Peru,,,,http://www.metmuseum.org/art/collection/search/307933,"Metropolitan Museum of Art, New York, NY",
307934,,True,"Arts of Africa, Oceania, and the Americas",Textile fragment,Tapestry Fragment with Plumed Figure,Chimú,,,12th–15th century,1100,1500,Camelid hair,"Overall: 4 7/8 x 5 in. (12.37 x 12.7 cm)
Other: 4 7/8 in. (12.37 cm)","Rogers Fund, 1928",Textiles-Woven,Peru,,,,http://www.metmuseum.org/art/collection/search/307934,"Metropolitan Museum of Art, New York, NY",
307935,,True,"Arts of Africa, Oceania, and the Americas",Textile fragment,Tapestry Fragment with Figure,Chimú,,,12th–15th century,1100,1500,Camelid hair,"Overall: 13 x 13 in. (33.02 x 33.02 cm)
Other: 13 in. (33.02 cm)","Rogers Fund, 1928",Textiles-Woven,Peru,,,,http://www.metmuseum.org/art/collection/search/307935,"Metropolitan Museum of Art, New York, NY",
307936,,True,"Arts of Africa, Oceania, and the Americas",Scarf,Doublecloth Scarf,Peru; central coast (?),,,10th–15th century,900,1500,Camelid hair,"Overall: 10 3/4 x 45 in. (27.31 x 114.3 cm)
Other: 10 3/4 in. (27.31 cm)","Rogers Fund, 1928",Textiles-Woven,Peru,,,,http://www.metmuseum.org/art/collection/search/307936,"Metropolitan Museum of Art, New York, NY",Human Figures
307938,,True,"Arts of Africa, Oceania, and the Americas",Band,Tapestry Band Fragment,Peru; central coast (?),,,10th–15th century,900,1500,Camelid hair,"Overall: 3 3/4 x 35 1/4 in. (9.53 x 89.54 cm)
Other: 3 3/4 in. (9.53 cm)","Rogers Fund, 1928",Textiles-Woven,Peru,,,,http://www.metmuseum.org/art/collection/search/307938,"Metropolitan Museum of Art, New York, NY",
307939,,True,"Arts of Africa, Oceania, and the Americas",Band,Tapestry Band Fragment,Lambayeque (Sicán),,,9th–13th century,800,1300,"Camelid hair, cotton","Overall: 8 x 36 in. (20.32 x 91.44 cm)
Other: 8 in. (20.32 cm)","Rogers Fund, 1928",Textiles-Woven,Peru,,,,http://www.metmuseum.org/art/collection/search/307939,"Metropolitan Museum of Art, New York, NY",
307940,,True,"Arts of Africa, Oceania, and the Americas",Textile fragment,Fragment,Chancay,,,12th–14th century,1100,1400,"Camelid hair, cotton","Overall: 28 1/2 x 34 3/4 in. (72.39 x 88.27 cm)
Other: 28 1/2 in. (72.39 cm)","Rogers Fund, 1928",Textiles-Woven,Peru,,,,http://www.metmuseum.org/art/collection/search/307940,"Metropolitan Museum of Art, New York, NY",Birds
307941,,True,"Arts of Africa, Oceania, and the Americas",Bag fragment,Bag Tassel,Inca,,,15th–16th century,1400,1600,"Camelid hair, cotton","Overall: 8 x 15 3/4 in. (20.32 x 40.01 cm)
Other: 8 in. (20.32 cm)","Rogers Fund, 1928",Textiles-Woven,Peru,,,,http://www.metmuseum.org/art/collection/search/307941,"Metropolitan Museum of Art, New York, NY",Animals
307942,,True,"Arts of Africa, Oceania, and the Americas",Panel,Tapestry Panel Fragment,Chimú,,,12th–15th century,1100,1500,"Camelid hair, cotton","Overall: 23 x 27 in. (58.42 x 68.58 cm)
Other: 23 in. (58.42 cm)","Rogers Fund, 1928",Textiles-Woven,Peru,,,,http://www.metmuseum.org/art/collection/search/307942,"Metropolitan Museum of Art, New York, NY",Human Figures
307943,,True,"Arts of Africa, Oceania, and the Americas",Fragment,Fragment,Chancay,,,12th–14th century,1100,1400,"Camelid hair, cotton","Overall: 14 x 21 1/2 in. (35.56 x 54.61 cm)
Other: 14 in. (35.56 cm)","Rogers Fund, 1928",Textiles-Woven,Peru,,,,http://www.metmuseum.org/art/collection/search/307943,"Metropolitan Museum of Art, New York, NY",
307944,,True,"Arts of Africa, Oceania, and the Americas",Sash,Sash,Chimú,,,10th–15th century,900,1500,Camelid hair,"Overall: 3 x 76 in. (7.62 x 193.04 cm)
Other: 3 in. (7.62 cm)","Rogers Fund, 1928",Textiles-Woven,Peru,,,,http://www.metmuseum.org/art/collection/search/307944,"Metropolitan Museum of Art, New York, NY",
307945,,True,"Arts of Africa, Oceania, and the Americas",Textile fragments,Band Fragments,Chimú,,,12th–15th century,1100,1500,"Camelid hair, cotton","Overall: 26 3/4 x 19 in. (67.95 x 48.26 cm)
Other: 26 3/4 in. (67.95 cm)","Rogers Fund, 1928",Textiles-Woven,Peru,,,,http://www.metmuseum.org/art/collection/search/307945,"Metropolitan Museum of Art, New York, NY",Birds
307946,,True,"Arts of Africa, Oceania, and the Americas",Mantle,Mantle,Peru; central coast (?),,,10th–15th century,900,1500,"Camelid hair, cotton","Overall: 34 x 77 in. (86.36 x 195.58 cm)
Other: 34 in. (86.36 cm)","Rogers Fund, 1928",Textiles-Woven,Peru,,,,http://www.metmuseum.org/art/collection/search/307946,"Metropolitan Museum of Art, New York, NY",
307947,,True,"Arts of Africa, Oceania, and the Americas",Textile fragment,Panel Fragments,Peru; central coast (?),,,10th–15th century,900,1500,"Cotton, camelid hair","Overall: 21 3/8 x 46 1/2 in. (54.28 x 118.11 cm)
Other: 21 3/8 in. (54.28 cm)","Rogers Fund, 1928",Textiles-Woven,Peru,,,,http://www.metmuseum.org/art/collection/search/307947,"Metropolitan Museum of Art, New York, NY",Fish
307948,,True,"Arts of Africa, Oceania, and the Americas",Panel,Panel Fragment,Peru; central coast (?),,,10th–15th century,900,1500,"Camelid hair, cotton","Overall: 11 1/2 x 35 in. (29.21 x 88.9 cm)
Other: 11 1/2 in. (29.21 cm)","Rogers Fund, 1928",Textiles-Woven,Peru,,,,http://www.metmuseum.org/art/collection/search/307948,"Metropolitan Museum of Art, New York, NY",
307949,,True,"Arts of Africa, Oceania, and the Americas",Panel,Panel Fragment,Peru; central coast (?),,,10th–15th century,900,1500,"Camelid hair, cotton","Overall: 16 1/4 x 11 1/4 in. (41.28 x 28.58 cm)
Other: 16 1/4 in. (41.28 cm)","Rogers Fund, 1928",Textiles-Woven,Peru,,,,http://www.metmuseum.org/art/collection/search/307949,"Metropolitan Museum of Art, New York, NY",
307950,,True,"Arts of Africa, Oceania, and the Americas",Tunic,Tunic,Nasca,,,7th century,600,700,Camelid hair,"Overall: 33 in. (83.82 cm)
Other: 24 in. (60.96 cm)","Rogers Fund, 1928",Textiles-Woven,Peru,,,,http://www.metmuseum.org/art/collection/search/307950,"Metropolitan Museum of Art, New York, NY",
307952,,True,"Arts of Africa, Oceania, and the Americas",Tunic fragment,Tunic Fragment,Nasca (?),,,8th–9th century,700,900,Camelid hair,"Overall: 15 x 16 1/2 in. (38.1 x 41.91 cm)
Other: 15 in. (38.1 cm)","Gift of George D. Pratt, 1929",Textiles-Woven,Peru,,,,http://www.metmuseum.org/art/collection/search/307952,"Metropolitan Museum of Art, New York, NY",
307953,,True,"Arts of Africa, Oceania, and the Americas",Band fragment,Fragmentary Band,Nasca,,,2nd century BCE,-200,-100,"Camelid hair, cotton","Overall: 2 x 59 1/2 in. (5.08 x 151.13 cm)
Other: 2 in. (5.08 cm)","Gift of George D. Pratt, 1929",Textiles-Woven,Peru,,,,http://www.metmuseum.org/art/collection/search/307953,"Metropolitan Museum of Art, New York, NY",
307954,,True,"Arts of Africa, Oceania, and the Americas",Tunic fragment,Tunic Fragment,Wari,,,7th–9th century,600,900,"Camelid hair, cotton","Overall: 9 5/8 x 11 1/4 in. (24.43 x 28.58 cm)
Other: 9 5/8 in. (24.43 cm)","Gift of George D. Pratt, 1929",Textiles-Woven,Peru,,,,http://www.metmuseum.org/art/collection/search/307954,"Metropolitan Museum of Art, New York, NY",
307955,,True,"Arts of Africa, Oceania, and the Americas",Band fragment,Band Fragment,Peru; central coast (?),,,10th–15th century,900,1500,"Camelid hair, cotton","Overall: 4 x 9 3/4 in. (10.16 x 24.77 cm)
Other: 4 in. (10.16 cm)","Gift of George D. Pratt, 1929",Textiles-Woven,Peru,,,,http://www.metmuseum.org/art/collection/search/307955,"Metropolitan Museum of Art, New York, NY",
307956,,True,"Arts of Africa, Oceania, and the Americas",Band fragment,Band Fragment,Recuay,,,4th–6th century,300,600,Camelid hair,"Overall: 1 1/4 x 10 7/8 in. (3.18 x 27.62 cm)
Other: 1 1/4 in. (3.18 cm)","Gift of George D. Pratt, 1929",Textiles-Woven,Peru,,,,http://www.metmuseum.org/art/collection/search/307956,"Metropolitan Museum of Art, New York, NY",
307957,,True,"Arts of Africa, Oceania, and the Americas",Sash,Sash or Headband,Nasca,,,7th century,600,700,"Camelid hair, cotton","Overall: 1 3/8 x 32 in. (3.51 x 81.28 cm)
Other: 1 3/8 in. (3.51 cm)","Gift of George D. Pratt, 1929",Textiles-Woven,Peru,,,,http://www.metmuseum.org/art/collection/search/307957,"Metropolitan Museum of Art, New York, NY",
307958,,True,"Arts of Africa, Oceania, and the Americas",Sash,Sash or Headband,Nasca,,,8th–9th century,700,900,"Camelid hair, cotton","Overall: 1 1/4 x 29 in. (3.18 x 73.66 cm)
Other: 1 1/4 in. (3.18 cm)","Gift of George D. Pratt, 1929",Textiles-Woven,Peru,,,,http://www.metmuseum.org/art/collection/search/307958,"Metropolitan Museum of Art, New York, NY",
307959,,True,"Arts of Africa, Oceania, and the Americas",Sash,Sash or Headband,Nasca,,,7th century,600,700,Camelid hair,"Overall: 1 1/2 x 31 3/4 in. (3.81 x 80.65 cm)
Other: 1 1/2 in. (3.81 cm)","Gift of George D. Pratt, 1929",Textiles-Woven,Peru,,,,http://www.metmuseum.org/art/collection/search/307959,"Metropolitan Museum of Art, New York, NY",
307960,,True,"Arts of Africa, Oceania, and the Americas",Textile fragment,Band Fragment,Nasca,,,7th century,600,700,Camelid hair,"Overall: 2 x 8 7/8 in. (5.08 x 22.54 cm)
Other: 2 in. (5.08 cm)","Gift of George D. Pratt, 1929",Textiles-Woven,Peru,,,,http://www.metmuseum.org/art/collection/search/307960,"Metropolitan Museum of Art, New York, NY",
307961,,True,"Arts of Africa, Oceania, and the Americas",Textile fragment,Band Fragment,Nasca,,,7th century,600,700,"Camelid hair, cotton","Overall: 2 1/8 x 6 1/4 in. (5.41 x 15.88 cm)
Other: 2 1/8 in. (5.41 cm)","Gift of George D. Pratt, 1929",Textiles-Woven,Peru,,,,http://www.metmuseum.org/art/collection/search/307961,"Metropolitan Museum of Art, New York, NY",
307962,,True,"Arts of Africa, Oceania, and the Americas",Bag fragment,Bag Fragment,Nasca,,,7th century,600,700,"Camelid hair, cotton","Overall: 7 1/4 x 7 5/8 in. (18.42 x 19.37 cm)
Other: 7 1/4 in. (18.42 cm)","Gift of George D. Pratt, 1929",Textiles-Woven,Peru,,,,http://www.metmuseum.org/art/collection/search/307962,"Metropolitan Museum of Art, New York, NY",
307963,,True,"Arts of Africa, Oceania, and the Americas",Bag,Bag,Nasca,,,8th–9th century,700,900,Camelid hair,"Overall: 4 3/8 x 4 1/4 in. (11.13 x 10.8 cm)
Other: 4 3/8 in. (11.13 cm)","Gift of George D. Pratt, 1929",Textiles-Woven,Peru,,,,http://www.metmuseum.org/art/collection/search/307963,"Metropolitan Museum of Art, New York, NY",
307964,,True,"Arts of Africa, Oceania, and the Americas",Band fragment,Band Fragment,Nasca,,,7th century,600,700,Camelid hair,"Overall: 5/8 x 33 1/2 in. (1.57 x 85.09 cm)
Other: 5/8 in. (1.57 cm)","Gift of George D. Pratt, 1929",Textiles-Woven,Peru,,,,http://www.metmuseum.org/art/collection/search/307964,"Metropolitan Museum of Art, New York, NY",
307965,,True,"Arts of Africa, Oceania, and the Americas",Band fragment,Band Fragment,Nasca,,,7th century,600,700,Camelid hair,"Overall: 5/8 x 17 in. (1.57 x 43.18 cm)
Other: 5/8 in. (1.57 cm)","Gift of George D. Pratt, 1929",Textiles-Woven,Peru,,,,http://www.metmuseum.org/art/collection/search/307965,"Metropolitan Museum of Art, New York, NY",
307966,,True,"Arts of Africa, Oceania, and the Americas",Band fragment,Band Fragment,Nasca,,,7th century,600,700,Camelid hair,"Overall: 1/2 x 35 1/4 in. (1.27 x 89.54 cm)
Other: 1/2 in. (1.27 cm)","Gift of George D. Pratt, 1929",Textiles-Woven,Peru,,,,http://www.metmuseum.org/art/collection/search/307966,"Metropolitan Museum of Art, New York, NY",
307967,,True,"Arts of Africa, Oceania, and the Americas",Band fragment,Band Fragment,Nasca,,,7th century,600,700,Camelid hair,"Overall: 1/2 x 8 3/4 in. (1.27 x 22.23 cm)
Other: 1/2 in. (1.27 cm)","Gift of George D. Pratt, 1929",Textiles-Woven,Peru,,,,http://www.metmuseum.org/art/collection/search/307967,"Metropolitan Museum of Art, New York, NY",
307968,,True,"Arts of Africa, Oceania, and the Americas",Band fragment,Band Fragment,Nasca,,,7th century,600,700,Camelid hair,"Overall: 3/4 x 10 1/2 in. (1.91 x 26.67 cm)
Other: 3/4 in. (1.91 cm)","Gift of George D. Pratt, 1929",Textiles-Woven,Peru,,,,http://www.metmuseum.org/art/collection/search/307968,"Metropolitan Museum of Art, New York, NY",
307969,,True,"Arts of Africa, Oceania, and the Americas",Border fragment,Border Fragment,Nasca,,,2nd century BCE,-200,-100,"Camelid hair, cotton","Overall: 1 3/4 x 39 1/2 in. (4.45 x 100.33 cm)
Other: 1 3/4 in. (4.45 cm)","Gift of George D. Pratt, 1929",Textiles-Woven,Peru,,,,http://www.metmuseum.org/art/collection/search/307969,"Metropolitan Museum of Art, New York, NY",
307970,,True,"Arts of Africa, Oceania, and the Americas",Border fragment,Border Fragment,Nasca,,,2nd century BCE,-199,-100,Camelid hair,Overall: 1 x 67 in. (2.54 cm),"Gift of George D. Pratt, 1929",Textiles-Woven,Peru,,,,http://www.metmuseum.org/art/collection/search/307970,"Metropolitan Museum of Art, New York, NY",
307971,,True,"Arts of Africa, Oceania, and the Americas",Border fragments,Border Fragments,Nasca,,,2nd century BCE,-200,-100,Camelid hair,"Overall: 2 1/4 x 37 1/2 in. (5.72 x 95.25 cm)
Other: 2 1/4 in. (5.72 cm)","Gift of George D. Pratt, 1929",Textiles-Woven,Peru,,,,http://www.metmuseum.org/art/collection/search/307971,"Metropolitan Museum of Art, New York, NY",
307972,,True,"Arts of Africa, Oceania, and the Americas",Textile fragment,Band Fragment,Nasca,,,7th century,600,700,Camelid hair,"Overall: 2 x 8 in. (5.08 x 20.32 cm)
Other: 2 in. (5.08 cm)","Gift of George D. Pratt, 1929",Textiles-Woven,Peru,,,,http://www.metmuseum.org/art/collection/search/307972,"Metropolitan Museum of Art, New York, NY",
307973,,True,"Arts of Africa, Oceania, and the Americas",Band fragment,Band Fragment,Nasca,,,1st century BCE–7th century CE,-100,700,Camelid hair,"Overall: 1 1/4 x 14 3/4 in. (3.18 x 37.47 cm)
Other: 1 1/4 in. (3.18 cm)","Gift of George D. Pratt, 1929",Textiles-Woven,Peru,,,,http://www.metmuseum.org/art/collection/search/307973,"Metropolitan Museum of Art, New York, NY",
307974,,True,"Arts of Africa, Oceania, and the Americas",Fragment,Mantle Fragment (?),Peru; central coast (?),,,10th–15th century,900,1500,Camelid hair,"Overall: 4 x 10 3/8 in. (10.16 x 26.35 cm)
Other: 4 in. (10.16 cm)","Gift of George D. Pratt, 1929",Textiles-Woven,Peru,,,,http://www.metmuseum.org/art/collection/search/307974,"Metropolitan Museum of Art, New York, NY",
307975,,True,"Arts of Africa, Oceania, and the Americas",Tunic,Tunic with Confronting Catfish,Nasca-Wari,,,800–850 CE,800,850,"Camelid hair, tapestry-weave",H. 21 1/2 × W. 43 1/4 in. (54.6 × 109.9 cm),"Gift of George D. Pratt, 1929",Textiles-Woven,Peru,,,,http://www.metmuseum.org/art/collection/search/307975,"Metropolitan Museum of Art, New York, NY",Fish
307976,,True,"Arts of Africa, Oceania, and the Americas",Panel,Tunic Panel,Peru; central coast (?),,,10th–15th century,900,1500,Camelid hair,"Overall: 39 x 23 1/8 in. (99.06 x 58.74 cm)
Other: 39 in. (99.06 cm)","Gift of George D. Pratt, 1929",Textiles-Woven,Peru,,,,http://www.metmuseum.org/art/collection/search/307976,"Metropolitan Museum of Art, New York, NY",Birds
307977,,True,"Arts of Africa, Oceania, and the Americas",Tunic,Feathered Tunic,Wari,,,13th–14th century,1200,1400,"Cotton, feathers",W. 30 x H. 35 in. (76.2 x 88.9 cm),"Gift of George D. Pratt, 1929",Feathers-Costumes,Peru,,,,http://www.metmuseum.org/art/collection/search/307977,"Metropolitan Museum of Art, New York, NY",
307988,,True,"Arts of Africa, Oceania, and the Americas",Tunic fragment,Tunic Fragment,Wari,,,7th–9th century,600,900,"Camelid hair, cotton","Overall: 22 1/2 x 80 in. (57.15 x 203.2 cm)
Other: 22 1/2 in. (57.15 cm)","Gift of George D. Pratt, 1930",Textiles-Woven,Peru,,,,http://www.metmuseum.org/art/collection/search/307988,"Metropolitan Museum of Art, New York, NY",
307989,,True,"Arts of Africa, Oceania, and the Americas",Tunic fragment,Tunic Fragment,Wari,,,7th–9th century,600,900,"Cotton, camelid hair","Overall: 34 1/2 x 37 in. (87.63 x 93.98 cm)
Other: 34 1/2 in. (87.63 cm)","Gift of George D. Pratt, 1930",Textiles-Woven,Peru,,,,http://www.metmuseum.org/art/collection/search/307989,"Metropolitan Museum of Art, New York, NY",
307990,,True,"Arts of Africa, Oceania, and the Americas",Tunic,Tunic Fragment,Wari,,,7th–9th century,600,900,"Camelid hair, cotton","Overall: 45 1/4 x 80 in. (114.94 x 203.2 cm)
Other: 45 1/4 in. (114.94 cm)","Gift of George D. Pratt, 1930",Textiles-Woven,Peru,,,,http://www.metmuseum.org/art/collection/search/307990,"Metropolitan Museum of Art, New York, NY",
307991,,True,"Arts of Africa, Oceania, and the Americas",Tunic fragment,Tunic Fragment,Wari,,,7th–9th century,600,900,"Camelid hair, cotton","Overall: 20 7/8 x 27 1/4 in. (53.01 x 69.22 cm)
Other: 20 7/8 in. (53.01 cm)","Gift of George D. Pratt, 1930",Textiles-Woven,Peru,,,,http://www.metmuseum.org/art/collection/search/307991,"Metropolitan Museum of Art, New York, NY",
307992,,True,"Arts of Africa, Oceania, and the Americas",Tunic fragment,Tunic Fragment,Wari,,,7th–9th century,600,900,"Cotton, camelid hair","Overall: 21 x 34 1/4 in. (53.34 x 87 cm)
Other: 21 in. (53.34 cm)","Gift of George D. Pratt, 1930",Textiles-Woven,Peru,,,,http://www.metmuseum.org/art/collection/search/307992,"Metropolitan Museum of Art, New York, NY",
307993,,True,"Arts of Africa, Oceania, and the Americas",Panel,Tapestry Panel Fragment,Peru; central coast (?),,,10th–15th century,900,1500,Camelid hair,"Overall: 17 1/8 x 24 1/2 in. (43.48 x 62.23 cm)
Other: 17 1/8 in. (43.48 cm)","Gift of George D. Pratt, 1930",Textiles-Woven,Peru,,,,http://www.metmuseum.org/art/collection/search/307993,"Metropolitan Museum of Art, New York, NY",
307994,,True,"Arts of Africa, Oceania, and the Americas",Textile fragment,Textile Fragment,Recuay,,,4th–6th century,300,600,Camelid hair,"Overall: 13 x 32 1/2 in. (33.02 x 82.55 cm)
Other: 13 in. (33.02 cm)","Gift of George D. Pratt, 1930",Textiles-Woven,Peru,,,,http://www.metmuseum.org/art/collection/search/307994,"Metropolitan Museum of Art, New York, NY",Birds|Faces
307995,,True,"Arts of Africa, Oceania, and the Americas",Panel,Panel,Wari,,,10th–12th century,900,1200,"Cotton, camelid hair","Overall: 23 1/4 x 28 7/8 in. (59.06 x 73.34 cm)
Other: 23 1/4 in. (59.06 cm)","Gift of George D. Pratt, 1930",Textiles-Woven,Peru,,,,http://www.metmuseum.org/art/collection/search/307995,"Metropolitan Museum of Art, New York, NY",
307996,,True,"Arts of Africa, Oceania, and the Americas",Textile fragment,Mantle Fragment,Wari,,,9th–10th century,800,1000,"Camelid hair, cotton","Overall: 17 7/8 x 20 3/8 in. (45.39 x 51.75 cm)
Other: 17 7/8 in. (45.39 cm)","Gift of George D. Pratt, 1930",Textiles-Woven,Peru,,,,http://www.metmuseum.org/art/collection/search/307996,"Metropolitan Museum of Art, New York, NY",Human Figures
307997,,True,"Arts of Africa, Oceania, and the Americas",Tunic fragment,Tunic Fragment,Wari,,,7th–9th century,600,900,"Camelid hair, cotton","Overall: 17 x 41 3/4 in. (43.18 x 106.05 cm)
Other: 17 in. (43.18 cm)","Gift of George D. Pratt, 1930",Textiles-Woven,Peru,,,,http://www.metmuseum.org/art/collection/search/307997,"Metropolitan Museum of Art, New York, NY",
307998,,True,"Arts of Africa, Oceania, and the Americas",Textile fragment,Fragment,Peru; south coast (?),,,15th–16th century,1400,1600,"Cotton, camelid hair","5 1/4 x 18 3/4 in. (13.34 x 47.63 cm)
","Rogers Fund, 1930",Textiles-Woven,Peru,,,,http://www.metmuseum.org/art/collection/search/307998,"Metropolitan Museum of Art, New York, NY",
307999,,True,"Arts of Africa, Oceania, and the Americas",Textile fragment,Band Fragment,Peru; south coast (?),,,9th–10th century,800,1000,"Cotton, camelid hair","3 3/8 x 18 1/4 in. (8.59 x 46.36 cm)
","Rogers Fund, 1930",Textiles-Woven,Peru,,,,http://www.metmuseum.org/art/collection/search/307999,"Metropolitan Museum of Art, New York, NY",Birds
308000,,False,"Arts of Africa, Oceania, and the Americas",Fragments,Textile Bands,Nasca,,,7th century (?),600,700,"Camelid hair, cotton","W. 30 x D. 46 1/2 in. (76.2 x 118.11 cm)
","Gift of George D. Pratt, 1930",Textiles-Woven,Peru,,,,http://www.metmuseum.org/art/collection/search/308000,"Metropolitan Museum of Art, New York, NY",
308012,,True,"Arts of Africa, Oceania, and the Americas",Border fragment,Border Fragment,Nasca,,,2nd century BCE,-200,-100,"Camelid hair, cotton","W. 10 x L.17 3/4 in. (25.4 x 45.09 cm)
","Gift of George D. Pratt, 1931",Textiles-Woven,Peru,,,,http://www.metmuseum.org/art/collection/search/308012,"Metropolitan Museum of Art, New York, NY",
308013,,True,"Arts of Africa, Oceania, and the Americas",Border fragment,Border Fragment,Nasca,,,2nd century BCE,-200,-100,"Camelid hair, cotton",W. 2 1/2 x L. 16 in. (6.35 x 40.64 cm),"Gift of George D. Pratt, 1931",Textiles-Woven,Peru,,,,http://www.metmuseum.org/art/collection/search/308013,"Metropolitan Museum of Art, New York, NY",
308014,,True,"Arts of Africa, Oceania, and the Americas",Tunic fragment,Tunic Fragment,Wari,,,7th–9th century,600,900,"Camelid hair, cotton","Overall: 20 x 12 3/4 in. (50.8 x 32.39 cm)
Other: 20 in. (50.8 cm)","Gift of George D. Pratt, 1932",Textiles-Woven,Peru,,,,http://www.metmuseum.org/art/collection/search/308014,"Metropolitan Museum of Art, New York, NY",Hands
308015,,True,"Arts of Africa, Oceania, and the Americas",Textile fragment,Tapestry Panel,Nasca,,,7th century,600,700,"Camelid hair, cotton","Overall: 10 1/2 x 14 in. (26.67 x 35.56 cm)
Other: 10 1/2 in. (26.67 cm)","Gift of George D. Pratt, 1932",Textiles-Woven,Peru,,,,http://www.metmuseum.org/art/collection/search/308015,"Metropolitan Museum of Art, New York, NY",
308016,,True,"Arts of Africa, Oceania, and the Americas",Textile fragment,Fragment with Figures,Nasca,,,7th century,600,700,Camelid hair,"Overall: 8 x 11 in. (20.32 x 27.94 cm)
Other: 8 in. (20.32 cm)","Gift of George D. Pratt, 1932",Textiles-Woven,Peru,,,,http://www.metmuseum.org/art/collection/search/308016,"Metropolitan Museum of Art, New York, NY",
308017,,True,"Arts of Africa, Oceania, and the Americas",Textile fragment,Embroidered Fragment,Nasca,,,7th century,600,700,Camelid hair,"Overall: 12 1/2 x 14 1/4 in. (31.75 x 36.2 cm)
Other: 12 1/2 in. (31.75 cm)","Gift of George D. Pratt, 1932",Textiles-Woven,Peru,,,,http://www.metmuseum.org/art/collection/search/308017,"Metropolitan Museum of Art, New York, NY",
308018,,True,"Arts of Africa, Oceania, and the Americas",Sash,Sash Fragment,Nasca,,,7th century,600,700,Camelid hair,"Overall: 1 x 151 in. (2.54 x 383.54 cm)
Other: 1 in. (2.54 cm)","Gift of George D. Pratt, 1932",Textiles-Woven,Peru,,,,http://www.metmuseum.org/art/collection/search/308018,"Metropolitan Museum of Art, New York, NY",
308019,,True,"Arts of Africa, Oceania, and the Americas",Sash,Sash Fragment,Nasca,,,7th century,600,700,Camelid hair,"Overall: 1 5/8 x 135 1/2 in. (4.11 x 344.17 cm)
Other: 1 5/8 in. (4.11 cm)","Gift of George D. Pratt, 1932",Textiles-Woven,Peru,,,,http://www.metmuseum.org/art/collection/search/308019,"Metropolitan Museum of Art, New York, NY",
308020,,True,"Arts of Africa, Oceania, and the Americas",Sash,Sash Fragment,Nasca,,,7th century,600,700,Camelid hair,"Overall: 1 1/2 x 158 3/4 in. (3.81 x 403.23 cm)
Other: 1 1/2 in. (3.81 cm)","Gift of George D. Pratt, 1932",Textiles-Woven,Peru,,,,http://www.metmuseum.org/art/collection/search/308020,"Metropolitan Museum of Art, New York, NY",
308021,,True,"Arts of Africa, Oceania, and the Americas",Bag,Bag,Nasca,,,7th century,600,700,Camelid hair,"Overall: 7 1/8 x 18 1/2 in. (18.08 x 46.99 cm)
Other: 7 1/8 in. (18.08 cm)","Gift of George D. Pratt, 1932",Textiles-Woven,Peru,,,,http://www.metmuseum.org/art/collection/search/308021,"Metropolitan Museum of Art, New York, NY",
308022,,True,"Arts of Africa, Oceania, and the Americas",Bag,Bag,Nasca,,,7th century,600,700,Camelid hair,"W. 7 1/4 x D.12 1/2 in. (18.42 x 31.75 cm)
","Gift of George D. Pratt, 1932",Textiles-Woven,Peru,,,,http://www.metmuseum.org/art/collection/search/308022,"Metropolitan Museum of Art, New York, NY",
308023,,True,"Arts of Africa, Oceania, and the Americas",Bag,Bag,Nasca,,,7th century,600,700,Camelid hair,"Overall: 8 1/8 x 21 1/8 in. (20.62 x 53.66 cm)
Other: 8 1/8 in. (20.62 cm)","Gift of George D. Pratt, 1932",Textiles-Woven,Peru,,,,http://www.metmuseum.org/art/collection/search/308023,"Metropolitan Museum of Art, New York, NY",
308024,,True,"Arts of Africa, Oceania, and the Americas",Bag,Bag,Nasca,,,7th century,600,700,Camelid hair,"W. 8 3/8 × L. 16 1/2 in. (21.26 × 41.91 cm)
","Gift of George D. Pratt, 1932",Textiles-Woven,Peru,,,,http://www.metmuseum.org/art/collection/search/308024,"Metropolitan Museum of Art, New York, NY",
308025,,True,"Arts of Africa, Oceania, and the Americas",Bag,Bag,Nasca,,,7th century,600,700,Camelid hair,"Overall: 5 x 14 3/4 in. (12.7 x 37.47 cm)
Other: 5 in. (12.7 cm)","Gift of George D. Pratt, 1932",Textiles-Woven,Peru,,,,http://www.metmuseum.org/art/collection/search/308025,"Metropolitan Museum of Art, New York, NY",
308026,,True,"Arts of Africa, Oceania, and the Americas",Bag,Fringed Bag,Nasca,,,7th century,600,700,Camelid hair,"Overall: 8 1/4 x 20 1/2 in. (20.96 x 52.07 cm)
Other: 8 1/4 in. (20.96 cm)","Gift of George D. Pratt, 1932",Textiles-Woven,Peru,,,,http://www.metmuseum.org/art/collection/search/308026,"Metropolitan Museum of Art, New York, NY",
308027,,True,"Arts of Africa, Oceania, and the Americas",Bag,Fringed Bag,Nasca,,,7th century,600,700,Camelid hair,"Overall: 6 1/2 x 15 1/2 in. (16.51 x 39.37 cm)
Other: 6 1/2 in. (16.51 cm)","Gift of George D. Pratt, 1932",Textiles-Woven,Peru,,,,http://www.metmuseum.org/art/collection/search/308027,"Metropolitan Museum of Art, New York, NY",
308028,,True,"Arts of Africa, Oceania, and the Americas",Bag,Bag,Nasca,,,7th century,600,700,Camelid hair,"Overall: 8 x 11 1/2 in. (20.32 x 29.21 cm)
Other: 8 in. (20.32 cm)","Gift of George D. Pratt, 1932",Textiles-Woven,Peru,,,,http://www.metmuseum.org/art/collection/search/308028,"Metropolitan Museum of Art, New York, NY",
308029,,True,"Arts of Africa, Oceania, and the Americas",Bag,Fringed Bag,Nasca,,,7th century,600,700,Camelid hair,"Overall: 5 1/2 x 12 3/4 in. (13.97 x 32.39 cm)
Other: 5 1/2 in. (13.97 cm)","Gift of George D. Pratt, 1932",Textiles-Woven,Peru,,,,http://www.metmuseum.org/art/collection/search/308029,"Metropolitan Museum of Art, New York, NY",
308030,,True,"Arts of Africa, Oceania, and the Americas",Tunic,Tunic Fragment,Wari,,,7th–9th century,600,900,"Cotton, camelid hair","Overall: 42 1/4 x 81 1/2 in. (107.32 x 207.01 cm)
Other: 42 1/4 in. (107.32 cm)","Gift of George D. Pratt, 1932",Textiles-Woven,Peru,,,,http://www.metmuseum.org/art/collection/search/308030,"Metropolitan Museum of Art, New York, NY",
308031,,True,"Arts of Africa, Oceania, and the Americas",Textile fragment,Embroidered Fragment with Figures,Paracas,,,3rd–2nd century BCE,-300,-100,"Camelid hair, cotton","Overall: 4 1/2 x 99 in. (11.43 x 251.46 cm)
Other: 4 1/2 in. (11.43 cm)","Gift of George D. Pratt, 1933",Textiles-Woven,Peru,,,,http://www.metmuseum.org/art/collection/search/308031,"Metropolitan Museum of Art, New York, NY",Human Figures|Birds|Heads
308034,,True,"Arts of Africa, Oceania, and the Americas",Mantle fragment,Embroidered Mantle Fragment,Paracas,,,5th–2nd century BCE,-500,-100,Camelid hair,"Overall: 11 1/8 x 21 1/4 in. (28.24 x 53.98 cm)
Other: 11 1/8 in. (28.24 cm)","Gift of George D. Pratt, 1933",Textiles-Woven,Peru,,,,http://www.metmuseum.org/art/collection/search/308034,"Metropolitan Museum of Art, New York, NY",
308035,,True,"Arts of Africa, Oceania, and the Americas",Mantle fragment,Embroidered Mantle Fragment,Paracas,,,5th–2nd century BCE,-500,-100,Camelid hair,"Overall: 5 1/2 x 14 3/4 in. (13.97 x 37.47 cm)
Other: 5 1/2 in. (13.97 cm)","Gift of George D. Pratt, 1933",Textiles-Woven,Peru,,,,http://www.metmuseum.org/art/collection/search/308035,"Metropolitan Museum of Art, New York, NY",
308036,,True,"Arts of Africa, Oceania, and the Americas",Mantle fragment,Embroidered Mantle Fragment,Paracas,,,5th–2nd century BCE,-500,-100,Camelid hair,"Overall: 4 x 3 5/8 in. (10.16 x 9.21 cm)
Other: 4 in. (10.16 cm)","Gift of George D. Pratt, 1933",Textiles-Woven,Peru,,,,http://www.metmuseum.org/art/collection/search/308036,"Metropolitan Museum of Art, New York, NY",
308037,,True,"Arts of Africa, Oceania, and the Americas",Border Fragment,Embroidered Border Fragment,Paracas,,,4th–2nd century BCE,-400,-100,Camelid hair,"Overall: 2 3/4 x 26 in. (6.99 x 66.04 cm)
Other: 2 3/4 in. (6.99 cm)","Gift of George D. Pratt, 1933",Textiles-Woven,Peru,,,,http://www.metmuseum.org/art/collection/search/308037,"Metropolitan Museum of Art, New York, NY",Mythical Creatures
308038,,True,"Arts of Africa, Oceania, and the Americas",Border Fragment,Border Fragment,Nasca,,,2nd century BCE,-200,-100,"Camelid hair, cotton","Overall: 3 1/2 x 7 1/2 in. (8.89 x 19.05 cm)
Other: 3 1/2 in. (8.89 cm)","Gift of George D. Pratt, 1933",Textiles-Woven,Peru,,,,http://www.metmuseum.org/art/collection/search/308038,"Metropolitan Museum of Art, New York, NY",
308039,,True,"Arts of Africa, Oceania, and the Americas",Mantle fragment,Embroidered Mantle Fragment,Paracas,,,3rd–2nd century BCE,-300,-100,Camelid hair,"Overall: 3 3/4 x 5 in. (9.53 x 12.7 cm)
Other: 3 3/4 in. (9.53 cm)","Gift of George D. Pratt, 1933",Textiles-Woven,Peru,,,,http://www.metmuseum.org/art/collection/search/308039,"Metropolitan Museum of Art, New York, NY",Human Figures|Birds|Serpents
308040,,True,"Arts of Africa, Oceania, and the Americas",Mantle fragment,Embroidered Mantle Fragment,Paracas,,,3rd–2nd century BCE,-300,-100,Camelid hair,"Overall: 3 1/4 x 5 in. (8.26 x 12.7 cm)
Other: 3 1/4 in. (8.26 cm)","Gift of George D. Pratt, 1933",Textiles-Woven,Peru,,,,http://www.metmuseum.org/art/collection/search/308040,"Metropolitan Museum of Art, New York, NY",Human Figures|Birds|Serpents
308041,,True,"Arts of Africa, Oceania, and the Americas",Border Fragment,Border Fragment,Nasca,,,2nd century BCE,-200,-100,"Camelid hair, cotton","Overall: 2 x 13 1/2 in. (5.08 x 34.29 cm)
Other: 2 in. (5.08 cm)","Gift of George D. Pratt, 1933",Textiles-Woven,Peru,,,,http://www.metmuseum.org/art/collection/search/308041,"Metropolitan Museum of Art, New York, NY",
308042,,True,"Arts of Africa, Oceania, and the Americas",Border Fragment,Embroidered Border Fragment,Paracas,,,5th–3rd century BCE,-500,-200,Camelid hair,"Overall: 4 1/2 x 7 1/2 in. (11.43 x 19.05 cm)
Other: 4 1/2 in. (11.43 cm)","Gift of George D. Pratt, 1933",Textiles-Woven,Peru,,,,http://www.metmuseum.org/art/collection/search/308042,"Metropolitan Museum of Art, New York, NY",
308043,,True,"Arts of Africa, Oceania, and the Americas",Border Fragment,Embroidered Border Fragment,Paracas,,,5th–2nd century BCE,-500,-100,"Camelid hair, cotton","Overall: 10 x 16 in. (25.4 x 40.64 cm)
Other: 10 in. (25.4 cm)","Gift of George D. Pratt, 1933",Textiles-Woven,Peru,,,,http://www.metmuseum.org/art/collection/search/308043,"Metropolitan Museum of Art, New York, NY",
308044,,True,"Arts of Africa, Oceania, and the Americas",Border Fragment,Embroidered Border Fragment,Paracas,,,5th–4th century BCE,-500,-300,Camelid hair,"Overall: 3 1/2 x 24 3/16 in. (8.89 x 61.47 cm)
Other: 3 1/2 in. (8.89 cm)","Gift of George D. Pratt, 1933",Textiles-Woven,Peru,,,,http://www.metmuseum.org/art/collection/search/308044,"Metropolitan Museum of Art, New York, NY",
308045,,True,"Arts of Africa, Oceania, and the Americas",Border Fragment,Embroidered Border Fragment,Nasca,,,3rd–2nd century BCE,-300,-100,Camelid hair,"Overall: 2 x 5 1/4 in. (5.08 x 13.34 cm)
Other: 2 in. (5.08 cm)","Gift of George D. Pratt, 1933",Textiles-Woven,Peru,,,,http://www.metmuseum.org/art/collection/search/308045,"Metropolitan Museum of Art, New York, NY",Mythical Creatures
308046,,True,"Arts of Africa, Oceania, and the Americas",Border Fragment,Embroidered Border Fragment,Paracas,,,5th–2nd century BCE,-500,-100,Camelid hair,"Overall: 7 1/4 x 18 in. (18.42 x 45.72 cm)
Other: 7 1/4 in. (18.42 cm)","Gift of George D. Pratt, 1933",Textiles-Velvets,Peru,,,,http://www.metmuseum.org/art/collection/search/308046,"Metropolitan Museum of Art, New York, NY",
308047,,True,"Arts of Africa, Oceania, and the Americas",Border Fragment,Embroidered Border Fragment,Paracas,,,5th–2nd century BCE,-500,-100,"Camelid hair, cotton","Overall: 6 x 17 3/4 in. (15.24 x 45.09 cm)
Other: 6 in. (15.24 cm)","Gift of George D. Pratt, 1933",Textiles-Woven,Peru,,,,http://www.metmuseum.org/art/collection/search/308047,"Metropolitan Museum of Art, New York, NY",
308048,,True,"Arts of Africa, Oceania, and the Americas",Textile fragment,Embroidered Fragment with Figures,Paracas,,,5th–2nd century BCE,-500,-100,Camelid hair,"Overall: 10 3/4 x 5 3/4 in. (27.31 x 14.61 cm)
Other: 5 3/4 in. (14.61 cm)","Gift of George D. Pratt, 1933",Textiles-Woven,Peru,,,,http://www.metmuseum.org/art/collection/search/308048,"Metropolitan Museum of Art, New York, NY",
308049,,True,"Arts of Africa, Oceania, and the Americas",Border Fragment,Embroidered Border Fragment,Paracas,,,4th–2nd century BCE,-400,-100,"Camelid hair, cotton","Overall: 7 x 12 3/8 in. (17.78 x 31.43 cm)
Other: 7 in. (17.78 cm)","Gift of George D. Pratt, 1933",Textiles-Woven,Peru,,,,http://www.metmuseum.org/art/collection/search/308049,"Metropolitan Museum of Art, New York, NY",Mythical Creatures
308050,,True,"Arts of Africa, Oceania, and the Americas",Border Fragment,Embroidered Border Fragment,Paracas,,,4th–3rd century BCE,-400,-200,"Camelid hair, cotton","Overall: 5 1/2 x 15 3/4 in. (13.97 x 40.01 cm)
Other: 5 1/2 in. (13.97 cm)","Gift of George D. Pratt, 1933",Textiles-Woven,Peru,,,,http://www.metmuseum.org/art/collection/search/308050,"Metropolitan Museum of Art, New York, NY",Serpents
308051,,True,"Arts of Africa, Oceania, and the Americas",Border Fragment,Embroidered Border Fragment,Paracas,,,5th–2nd century BCE,-500,-100,"Camelid hair, cotton","Overall: 7 x 11 1/4 in. (17.78 x 28.58 cm)
Other: 7 in. (17.78 cm)","Gift of George D. Pratt, 1933",Textiles-Woven,Peru,,,,http://www.metmuseum.org/art/collection/search/308051,"Metropolitan Museum of Art, New York, NY",
308052,,True,"Arts of Africa, Oceania, and the Americas",Border Fragment,Embroidered Border Fragment,Paracas,,,5th–2nd century BCE,-500,-100,"Camelid hair, cotton","Overall: 7 x 11 1/4 in. (17.78 x 28.58 cm)
Other: 7 in. (17.78 cm)","Gift of George D. Pratt, 1933",Textiles-Woven,Peru,,,,http://www.metmuseum.org/art/collection/search/308052,"Metropolitan Museum of Art, New York, NY",
308053,,True,"Arts of Africa, Oceania, and the Americas",Border Fragment,Embroidered Border Fragment,Paracas,,,5th–3rd century BCE,-500,-200,Camelid hair,"Overall: 6 x 8 3/4 in. (15.24 x 22.23 cm)
Other: 6 in. (15.24 cm)","Gift of George D. Pratt, 1933",Textiles-Woven,Peru,,,,http://www.metmuseum.org/art/collection/search/308053,"Metropolitan Museum of Art, New York, NY",Mythical Creatures
308054,,True,"Arts of Africa, Oceania, and the Americas",Border Fragment,Embroidered Border Fragment,Paracas,,,4th–3rd century BCE,-400,-200,"Camelid hair, cotton","Overall: 3 x 15 1/2 in. (7.62 x 39.37 cm)
Other: 3 in. (7.62 cm)","Gift of George D. Pratt, 1933",Textiles-Woven,Peru,,,,http://www.metmuseum.org/art/collection/search/308054,"Metropolitan Museum of Art, New York, NY",Men
308055,,True,"Arts of Africa, Oceania, and the Americas",Border Fragment,Embroidered Neck Border,Paracas,,,4th–3rd century BCE,-400,-200,"Camelid hair, cotton","Overall: 6 x 14 3/4 in. (15.24 x 37.47 cm)
Other: 6 in. (15.24 cm)","Gift of George D. Pratt, 1933",Textiles-Woven,Peru,,,,http://www.metmuseum.org/art/collection/search/308055,"Metropolitan Museum of Art, New York, NY",Birds
308056,,True,"Arts of Africa, Oceania, and the Americas",Textile fragment,Embroidered Fragment,Paracas,,,5th–2nd century BCE,-500,-100,Camelid hair,"Overall: 4 1/4 x 5 1/4 in. (10.8 x 13.34 cm)
Other: 4 1/4 in. (10.8 cm)","Gift of George D. Pratt, 1933",Textiles-Woven,Peru,,,,http://www.metmuseum.org/art/collection/search/308056,"Metropolitan Museum of Art, New York, NY",Mythical Creatures
308057,,True,"Arts of Africa, Oceania, and the Americas",Textile fragment,Embroidered Fragment with Figures,Paracas,,,5th–2nd century BCE,-500,-100,Camelid hair,"Overall: 4 1/8 x 5 in. (10.46 x 12.7 cm)
Other: 4 1/8 in. (10.46 cm)","Gift of George D. Pratt, 1933",Textiles-Woven,Peru,,,,http://www.metmuseum.org/art/collection/search/308057,"Metropolitan Museum of Art, New York, NY",
308058,,True,"Arts of Africa, Oceania, and the Americas",Border Fragment,Embroidered Border Fragment,Paracas,,,4th–3rd century BCE,-400,-200,Camelid hair,"Overall: 4 x 6 1/2 in. (10.16 x 16.51 cm)
Other: 4 in. (10.16 cm)","Gift of George D. Pratt, 1933",Textiles-Woven,Peru,,,,http://www.metmuseum.org/art/collection/search/308058,"Metropolitan Museum of Art, New York, NY",Serpents
308059,,True,"Arts of Africa, Oceania, and the Americas",Border Fragment,Embroidered Border Fragment,Paracas,,,4th century BCE,-400,-300,"Camelid hair, cotton","Overall: 5 3/4 x 6 3/8 in. (14.61 x 16.19 cm)
Other: 5 3/4 in. (14.61 cm)","Gift of George D. Pratt, 1933",Textiles-Woven,Peru,,,,http://www.metmuseum.org/art/collection/search/308059,"Metropolitan Museum of Art, New York, NY",Fish
308060,,True,"Arts of Africa, Oceania, and the Americas",Border Fragment,Embroidered Border Fragment,Paracas,,,5th–4th century BCE,-500,-300,Camelid hair,"Overall: 4 1/2 x 13 1/4 in. (11.43 x 33.66 cm)
Other: 4 1/2 in. (11.43 cm)","Gift of George D. Pratt, 1933",Textiles-Woven,Peru,,,,http://www.metmuseum.org/art/collection/search/308060,"Metropolitan Museum of Art, New York, NY",
308061,,True,"Arts of Africa, Oceania, and the Americas",Border Fragment,Embroidered Border Fragment,Paracas,,,4th–3rd century BCE,-400,-200,"Camelid hair, cotton","Overall: 5 x 11 in. (12.7 x 27.94 cm)
Other: 5 in. (12.7 cm)","Gift of George D. Pratt, 1933",Textiles-Woven,Peru,,,,http://www.metmuseum.org/art/collection/search/308061,"Metropolitan Museum of Art, New York, NY",
308062,,True,"Arts of Africa, Oceania, and the Americas",Border Fragment,Embroidered Border Fragment,Paracas,,,5th–3rd century BCE,-500,-200,"Camelid hair, cotton","Overall: 6 x 10 1/2 in. (15.24 x 26.67 cm)
Other: 6 in. (15.24 cm)","Gift of George D. Pratt, 1933",Textiles-Woven,Peru,,,,http://www.metmuseum.org/art/collection/search/308062,"Metropolitan Museum of Art, New York, NY",
308063,,True,"Arts of Africa, Oceania, and the Americas",Border Fragment,Embroidered Border Fragment,Paracas,,,4th–3rd century BCE,-400,-200,"Camelid hair, cotton","Overall: 6 x 28 in. (15.24 x 71.12 cm)
Other: 6 in. (15.24 cm)","Gift of George D. Pratt, 1933",Textiles-Woven,Peru,,,,http://www.metmuseum.org/art/collection/search/308063,"Metropolitan Museum of Art, New York, NY",Serpents
308064,,True,"Arts of Africa, Oceania, and the Americas",Border Fragment,Embroidered Border Fragment,Paracas,,,5th–2nd century BCE,-500,-100,"Camelid hair, cotton","Overall: 1 7/8 x 14 in. (4.75 x 35.56 cm)
Other: 1 7/8 in. (4.75 cm)","Gift of George D. Pratt, 1933",Textiles-Woven,Peru,,,,http://www.metmuseum.org/art/collection/search/308064,"Metropolitan Museum of Art, New York, NY",
308065,,True,"Arts of Africa, Oceania, and the Americas",Border Fragment,Embroidered Border Fragment,Paracas,,,5th–2nd century BCE,-500,-100,"Camelid hair, cotton","Overall: 3 x 12 5/8 in. (7.62 x 32.07 cm)
Other: 3 in. (7.62 cm)","Gift of George D. Pratt, 1933",Textiles-Woven,Peru,,,,http://www.metmuseum.org/art/collection/search/308065,"Metropolitan Museum of Art, New York, NY",Mythical Creatures
308066,,True,"Arts of Africa, Oceania, and the Americas",Border Fragment,Embroidered Border Fragment,Paracas,,,5th–2nd century BCE,-500,-100,"Camelid hair, cotton","Overall: 2 7/8 x 5 5/8 in. (7.29 x 14.29 cm)
Other: 2 7/8 in. (7.29 cm)","Gift of George D. Pratt, 1933",Textiles-Woven,Peru,,,,http://www.metmuseum.org/art/collection/search/308066,"Metropolitan Museum of Art, New York, NY",
308067,,True,"Arts of Africa, Oceania, and the Americas",Border Fragment,Embroidered Border Fragment,Paracas,,,4th–3rd century BCE,-400,-200,"Camelid hair, cotton","Overall: 2 3/8 x 17 in. (6.02 x 43.18 cm)
Other: 2 3/8 in. (6.02 cm)","Gift of George D. Pratt, 1933",Textiles-Woven,Peru,,,,http://www.metmuseum.org/art/collection/search/308067,"Metropolitan Museum of Art, New York, NY",Human Figures
308068,,True,"Arts of Africa, Oceania, and the Americas",Mantle fragment,Embroidered Mantle Fragment,Paracas,,,5th–2nd century BCE,-500,-100,Camelid hair,"Overall: 3 1/2 x 12 3/4 in. (8.89 x 32.39 cm)
Other: 3 1/2 in. (8.89 cm)","Gift of George D. Pratt, 1933",Textiles-Woven,Peru,,,,http://www.metmuseum.org/art/collection/search/308068,"Metropolitan Museum of Art, New York, NY",
308069,,True,"Arts of Africa, Oceania, and the Americas",Border Fragment,Embroidered Border Fragment,Paracas,,,4th–3rd century BCE,-400,-200,"Camelid hair, cotton","Overall: 2 5/8 x 13 1/4 in. (6.65 x 33.66 cm)
Other: 2 5/8 in. (6.65 cm)","Gift of George D. Pratt, 1933",Textiles-Woven,Peru,,,,http://www.metmuseum.org/art/collection/search/308069,"Metropolitan Museum of Art, New York, NY",Human Figures
308070,,True,"Arts of Africa, Oceania, and the Americas",Mantle fragment,Embroidered Mantle Fragment,Paracas,,,3rd–2nd century BCE,-300,-100,Camelid hair,"Overall: 5 1/8 x 7 3/8 in. (13 x 18.73 cm)
Other: 5 1/8 in. (13 cm)","Gift of George D. Pratt, 1933",Textiles-Woven,Peru,,,,http://www.metmuseum.org/art/collection/search/308070,"Metropolitan Museum of Art, New York, NY",Heads|Serpents
308071,,True,"Arts of Africa, Oceania, and the Americas",Border Fragment,Embroidered Border Fragment,Paracas,,,4th–2nd century BCE,-400,-100,"Camelid hair, cotton","Overall: 1 1/2 x 12 5/8 in. (3.81 x 32.07 cm)
Other: 1 1/2 in. (3.81 cm)","Gift of George D. Pratt, 1933",Textiles-Woven,Peru,,,,http://www.metmuseum.org/art/collection/search/308071,"Metropolitan Museum of Art, New York, NY",Mythical Creatures
308072,,True,"Arts of Africa, Oceania, and the Americas",Mantle fragment,Embroidered Mantle Fragment,Paracas,,,3rd–2nd century BCE,-300,-100,Camelid hair,"Overall: 5 1/4 x 7 1/2 in. (13.34 x 19.05 cm)
Other: 5 1/4 in. (13.34 cm)","Gift of George D. Pratt, 1933",Textiles-Woven,Peru,,,,http://www.metmuseum.org/art/collection/search/308072,"Metropolitan Museum of Art, New York, NY",Faces
308073,,True,"Arts of Africa, Oceania, and the Americas",Border Fragment,Embroidered Border Fragment,Paracas,,,4th–3rd century BCE,-400,-200,"Camelid hair, cotton","Overall: 1 7/8 x 21 in. (4.75 x 53.34 cm)
Other: 1 7/8 in. (4.75 cm)","Gift of George D. Pratt, 1933",Textiles-Woven,Peru,,,,http://www.metmuseum.org/art/collection/search/308073,"Metropolitan Museum of Art, New York, NY",Animals
308074,,True,"Arts of Africa, Oceania, and the Americas",Border Fragment,Embroidered Border Fragment,Paracas,,,5th–3rd century BCE,-500,-200,"Camelid hair, cotton","Overall: 6 1/2 x 8 1/4 in. (16.51 x 20.96 cm)
Other: 6 1/2 in. (16.51 cm)","Gift of George D. Pratt, 1933",Textiles-Woven,Peru,,,,http://www.metmuseum.org/art/collection/search/308074,"Metropolitan Museum of Art, New York, NY",
308075,,True,"Arts of Africa, Oceania, and the Americas",Border Fragment,Border Fragment,Paracas,,,4th–3rd century BCE,-400,-200,"Camelid hair, cotton","Overall: 4 1/2 x 5 in. (11.43 x 12.7 cm)
Other: 4 1/2 in. (11.43 cm)","Gift of George D. Pratt, 1933",Textiles-Woven,Peru,,,,http://www.metmuseum.org/art/collection/search/308075,"Metropolitan Museum of Art, New York, NY",Birds
308076,,True,"Arts of Africa, Oceania, and the Americas",Mantle fragment,Embroidered Mantle Fragment,Paracas,,,3rd–2nd century BCE,-300,-100,Camelid hair,"Overall: 5 x 5 3/4 in. (12.7 x 14.61 cm)
Other: 5 in. (12.7 cm)","Gift of George D. Pratt, 1933",Textiles-Woven,Peru,,,,http://www.metmuseum.org/art/collection/search/308076,"Metropolitan Museum of Art, New York, NY",
308077,,True,"Arts of Africa, Oceania, and the Americas",Mantle fragment,Embroidered Mantle Fragment,Paracas,,,3rd–2nd century BCE,-300,-100,Camelid hair,"Overall: 5 x 6 in. (12.7 x 15.24 cm)
Other: 5 in. (12.7 cm)","Gift of George D. Pratt, 1933",Textiles-Woven,Peru,,,,http://www.metmuseum.org/art/collection/search/308077,"Metropolitan Museum of Art, New York, NY",Human Figures|Heads|Fish
308078,,True,"Arts of Africa, Oceania, and the Americas",Fragment,"Border fragment, figures with staves",Paracas,,,4th–3rd century BCE,-400,-200,Camelid hair,"Overall: 4 x 19 in. (10.16 x 48.26 cm)
Other: 4 in. (10.16 cm)","Gift of George D. Pratt, 1933",Textiles-Woven,Peru,,,,http://www.metmuseum.org/art/collection/search/308078,"Metropolitan Museum of Art, New York, NY",
308079,,True,"Arts of Africa, Oceania, and the Americas",Panel,Tapestry Panel with Stars,Inca,,,15th–16th century,1400,1600,"Camelid hair, cotton","Overall: 6 3/4 x 9 3/4 in. (17.15 x 24.77 cm)
Other: 6 3/4 in. (17.15 cm)","Gift of George D. Pratt, 1933",Textiles-Woven,Peru,,,,http://www.metmuseum.org/art/collection/search/308079,"Metropolitan Museum of Art, New York, NY",Stars
308080,,True,"Arts of Africa, Oceania, and the Americas",Band Fragment,Tapestry Band Fragment,Lambayeque (Sicán),,,9th–13th century,800,1300,"Camelid hair, cotton","Overall: 4 3/4 x 22 3/16 in. (12.07 x 56.39 cm)
Other: 4 3/4 in. (12.07 cm)","Gift of George D. Pratt, 1933",Textiles-Woven,Peru,,,,http://www.metmuseum.org/art/collection/search/308080,"Metropolitan Museum of Art, New York, NY",
308081,,True,"Arts of Africa, Oceania, and the Americas",Tunic fragment,Tunic Fragment,Wari,,,7th–9th century,600,900,Camelid hair,"Overall: 7 3/4 x 22 3/4 in. (19.69 x 57.79 cm)
Other: 7 3/4 in. (19.69 cm)","Gift of George D. Pratt, 1933",Textiles-Woven,Peru,,,,http://www.metmuseum.org/art/collection/search/308081,"Metropolitan Museum of Art, New York, NY",
308082,,True,"Arts of Africa, Oceania, and the Americas",Textile fragment,Cloth Fragment with Birds,Peru; north coast (?),,,10th–15th century,900,1500,"Cotton, camelid hair","Overall: 13 3/4 x 15 3/16 in. (34.93 x 38.61 cm)
Other: 13 3/4 in. (34.93 cm)","Gift of George D. Pratt, 1933",Textiles-Woven,Peru,,,,http://www.metmuseum.org/art/collection/search/308082,"Metropolitan Museum of Art, New York, NY",Birds
308083,,True,"Arts of Africa, Oceania, and the Americas",Textile fragment,Tapestry Fragment,Inca (?),,,15th–16th century,1400,1600,Camelid hair,"Overall: 11 1/2 x 15 1/4 in. (29.21 x 38.74 cm)
Other: 11 1/2 in. (29.21 cm)","Gift of George D. Pratt, 1933",Textiles-Woven,Peru,,,,http://www.metmuseum.org/art/collection/search/308083,"Metropolitan Museum of Art, New York, NY",
308084,,True,"Arts of Africa, Oceania, and the Americas",Border Fragment,Tapestry Border Fragment,Peruvian,,,10th–14th century,900,1400,Camelid hair,"Overall: 3 x 20 1/4 in. (7.62 x 51.44 cm)
Other: 3 in. (7.62 cm)","Gift of George D. Pratt, 1933",Textiles-Woven,Peru,,,,http://www.metmuseum.org/art/collection/search/308084,"Metropolitan Museum of Art, New York, NY",Human Figures
308085,,True,"Arts of Africa, Oceania, and the Americas",Textile fragment,Joined Tapestry Fragments with Fringe,Peru; central coast (?),,,10th–15th century,900,1500,Camelid hair,"Overall: 8 x 18 in. (20.32 x 45.72 cm)
Other: 8 in. (20.32 cm)","Gift of George D. Pratt, 1933",Textiles-Woven,Peru,,,,http://www.metmuseum.org/art/collection/search/308085,"Metropolitan Museum of Art, New York, NY",
308086,,True,"Arts of Africa, Oceania, and the Americas",Textile fragment,Tapestry Fragment,Peru; central coast (?),,,10th–15th century,900,1500,Camelid hair,"Overall: 5 1/4 x 20 1/2 in. (13.34 x 52.07 cm)
Other: 5 1/4 in. (13.34 cm)","Gift of George D. Pratt, 1933",Textiles-Woven,Peru,,,,http://www.metmuseum.org/art/collection/search/308086,"Metropolitan Museum of Art, New York, NY",
308087,,True,"Arts of Africa, Oceania, and the Americas",Textile fragment,Tapestry Fragment,Peru; central coast (?),,,10th–15th century,900,1500,Camelid hair,Overall: 18 1/2 in. (46.99 cm),"Gift of George D. Pratt, 1933",Textiles-Woven,Peru,,,,http://www.metmuseum.org/art/collection/search/308087,"Metropolitan Museum of Art, New York, NY",
308088,,True,"Arts of Africa, Oceania, and the Americas",Tunic fragment,Tunic Fragment,Wari,,,7th–9th century,600,900,"Cotton, camelid hair","Overall: 10 1/4 x 17 3/4 in. (26.04 x 45.09 cm)
Other: 10 1/4 in. (26.04 cm)","Gift of George D. Pratt, 1933",Textiles-Woven,Peru,,,,http://www.metmuseum.org/art/collection/search/308088,"Metropolitan Museum of Art, New York, NY",
308089,,True,"Arts of Africa, Oceania, and the Americas",Border Fragment,Border Fragment,Peru; central coast (?),,,10th–15th century,900,1500,"Camelid hair, cotton","Overall: 8 1/2 x 11 3/16 in. (21.59 x 28.45 cm)
Other: 8 1/2 in. (21.59 cm)","Gift of George D. Pratt, 1933",Textiles-Woven,Peru,,,,http://www.metmuseum.org/art/collection/search/308089,"Metropolitan Museum of Art, New York, NY",Animals|Fish
308090,,True,"Arts of Africa, Oceania, and the Americas",Tunic fragment,Tunic Fragment,Wari,,,7th–9th century,600,900,"Cotton, camelid hair","Overall: 8 1/2 x 18 3/4 in. (21.59 x 47.63 cm)
Other: 8 1/2 in. (21.59 cm)","Gift of George D. Pratt, 1933",Textiles-Woven,Peru,,,,http://www.metmuseum.org/art/collection/search/308090,"Metropolitan Museum of Art, New York, NY",
308091,,True,"Arts of Africa, Oceania, and the Americas",Fragment,Border Fragment,Chimú,,,12th–14th century,1100,1400,"Camelid hair, cotton","Overall: 5 x 9 1/2 in. (12.7 x 24.13 cm)
Other: 5 in. (12.7 cm)","Gift of George D. Pratt, 1933",Textiles-Woven,Peru,,,,http://www.metmuseum.org/art/collection/search/308091,"Metropolitan Museum of Art, New York, NY",Birds
308092,,True,"Arts of Africa, Oceania, and the Americas",Tunic fragment,Tunic Fragment,Wari,,,7th–9th century,600,900,"Camelid hair, cotton","Overall: 13 3/4 x 10 1/8 in. (34.93 x 25.72 cm)
Other: 13 3/4 in. (34.93 cm)","Gift of George D. Pratt, 1933",Textiles-Woven,Peru,,,,http://www.metmuseum.org/art/collection/search/308092,"Metropolitan Museum of Art, New York, NY",
308093,,True,"Arts of Africa, Oceania, and the Americas",Textile fragment,Fragment with Hook Pattern,Ica,,,10th–15th century,900,1500,"Camelid hair, cotton","Overall: 5 x 16 1/4 in. (12.7 x 41.28 cm)
Other: 5 in. (12.7 cm)","Gift of George D. Pratt, 1933",Textiles-Woven,Peru,,,,http://www.metmuseum.org/art/collection/search/308093,"Metropolitan Museum of Art, New York, NY",
308094,,True,"Arts of Africa, Oceania, and the Americas",Tunic fragment,Tunic Fragment,Wari,,,7th–9th century,600,900,"Camelid hair, cotton","Overall: 9 1/2 x 13 5/8 in. (24.13 x 34.61 cm)
Other: 9 1/2 in. (24.13 cm)","Gift of George D. Pratt, 1933",Textiles-Woven,Peru,,,,http://www.metmuseum.org/art/collection/search/308094,"Metropolitan Museum of Art, New York, NY",
308095,,True,"Arts of Africa, Oceania, and the Americas",Textile fragment,Embroidered Fragment,Peru; north coast (?),,,10th–15th century,900,1500,"Cotton, camelid hair","Overall: 8 1/2 x 14 3/4 in. (21.59 x 37.47 cm)
Other: 8 1/2 in. (21.59 cm)","Gift of George D. Pratt, 1933",Textiles-Woven,Peru,,,,http://www.metmuseum.org/art/collection/search/308095,"Metropolitan Museum of Art, New York, NY",Birds
308096,,True,"Arts of Africa, Oceania, and the Americas",Textile fragment,Embroidered Fragment,Peru; north coast (?),,,10th–15th century,900,1500,"Cotton, camelid hair","Overall: 13 x 15 1/4 in. (33.02 x 38.74 cm)
Other: 13 in. (33.02 cm)","Gift of George D. Pratt, 1933",Textiles-Woven,Peru,,,,http://www.metmuseum.org/art/collection/search/308096,"Metropolitan Museum of Art, New York, NY",Heads
308097,,True,"Arts of Africa, Oceania, and the Americas",Mantle fragment,Embroidered Mantle Fragment,Paracas,,,3rd–2nd century BCE,-300,-100,"Camelid hair, cotton","Overall: 4 1/4 x 5 1/4 in. (10.8 x 13.34 cm)
Other: 4 1/4 in. (10.8 cm)","Gift of George D. Pratt, 1933",Textiles-Woven,Peru,,,,http://www.metmuseum.org/art/collection/search/308097,"Metropolitan Museum of Art, New York, NY",Heads|Serpents
308098,,True,"Arts of Africa, Oceania, and the Americas",Mantle fragment,Embroidered Mantle Fragment,Paracas,,,3rd–2nd century BCE,-300,-100,Camelid hair,"Overall: 3 x 4 in. (7.62 x 10.16 cm)
Other: 3 in. (7.62 cm)","Gift of George D. Pratt, 1933",Textiles-Woven,Peru,,,,http://www.metmuseum.org/art/collection/search/308098,"Metropolitan Museum of Art, New York, NY",Mythical Creatures
308099,,True,"Arts of Africa, Oceania, and the Americas",Mantle fragment,Mantle Fragment,Paracas,,,3rd–2nd century BCE,-300,-100,"Camelid hair, cotton","Overall: 5 1/2 x 5 1/2 in. (13.97 x 13.97 cm)
Other: 5 1/2 in. (13.97 cm)","Gift of George D. Pratt, 1933",Textiles-Woven,Peru,,,,http://www.metmuseum.org/art/collection/search/308099,"Metropolitan Museum of Art, New York, NY",
308100,,True,"Arts of Africa, Oceania, and the Americas",Textile fragment,Embroidered Fragment,Paracas,,,5th–2nd century BCE,-500,-100,Camelid hair,"Overall: 4 x 4 1/4 in. (10.16 x 10.8 cm)
Other: 4 in. (10.16 cm)","Gift of George D. Pratt, 1933",Textiles-Woven,Peru,,,,http://www.metmuseum.org/art/collection/search/308100,"Metropolitan Museum of Art, New York, NY",
308101,,True,"Arts of Africa, Oceania, and the Americas",Mantle fragment,Embroidered Mantle Fragment,Paracas,,,5th–2nd century BCE,-500,-100,Camelid hair,"Overall: 4 x 5 in. (10.16 x 12.7 cm)
Other: 4 in. (10.16 cm)","Gift of George D. Pratt, 1933",Textiles-Woven,Peru,,,,http://www.metmuseum.org/art/collection/search/308101,"Metropolitan Museum of Art, New York, NY",
308102,,True,"Arts of Africa, Oceania, and the Americas",Mantle fragment,Embroidered Mantle Fragment,Paracas,,,3rd–2nd century BCE,-300,-100,"Camelid hair, cotton","Overall: 3 1/8 x 4 in. (7.92 x 10.16 cm)
Other: 3 1/8 in. (7.92 cm)","Gift of George D. Pratt, 1933",Textiles-Woven,Peru,,,,http://www.metmuseum.org/art/collection/search/308102,"Metropolitan Museum of Art, New York, NY",
308103,,True,"Arts of Africa, Oceania, and the Americas",Mantle fragment,Mantle Fragment,Paracas,,,3rd–2nd century BCE,-300,-100,"Camelid hair, cotton","Overall: 5 x 5 in. (12.7 x 12.7 cm)
Other: 5 in. (12.7 cm)","Gift of George D. Pratt, 1933",Textiles-Woven,Peru,,,,http://www.metmuseum.org/art/collection/search/308103,"Metropolitan Museum of Art, New York, NY",Faces
308104,,True,"Arts of Africa, Oceania, and the Americas",Mantle fragment,Embroidered Mantle Fragment,Paracas,,,3rd–2nd century BCE,-300,-100,"Camelid hair, cotton","Overall: 3 1/4 x 4 3/8 in. (8.26 x 11.11 cm)
Other: 3 1/4 in. (8.26 cm)","Gift of George D. Pratt, 1933",Textiles-Woven,Peru,,,,http://www.metmuseum.org/art/collection/search/308104,"Metropolitan Museum of Art, New York, NY",Mythical Creatures|Heads
308105,,True,"Arts of Africa, Oceania, and the Americas",Mantle fragment,Embroidered Mantle Fragment,Paracas,,,5th–2nd century BCE,-500,-100,Camelid hair,"Overall: 4 3/4 x 5 in. (12.07 x 12.7 cm)
Other: 4 3/4 in. (12.07 cm)","Gift of George D. Pratt, 1933",Textiles-Woven,Peru,,,,http://www.metmuseum.org/art/collection/search/308105,"Metropolitan Museum of Art, New York, NY",
308106,,True,"Arts of Africa, Oceania, and the Americas",Textile fragment,Embroidered Fragment,Paracas,,,5th–2nd century BCE,-500,-100,Camelid hair,"Overall: 4 1/2 x 4 3/4 in. (11.43 x 12.07 cm)
Other: 4 1/2 in. (11.43 cm)","Gift of George D. Pratt, 1933",Textiles-Woven,Peru,,,,http://www.metmuseum.org/art/collection/search/308106,"Metropolitan Museum of Art, New York, NY",
308107,,True,"Arts of Africa, Oceania, and the Americas",Mantle fragment,Embroidered Mantle Fragment,Paracas,,,3rd–2nd century BCE,-300,-100,"Camelid hair, cotton","Overall: 3 1/4 x 4 1/8 in. (8.26 x 10.48 cm)
Other: 3 1/4 in. (8.26 cm)","Gift of George D. Pratt, 1933",Textiles-Woven,Peru,,,,http://www.metmuseum.org/art/collection/search/308107,"Metropolitan Museum of Art, New York, NY",Mythical Creatures|Heads
308108,,True,"Arts of Africa, Oceania, and the Americas",Mantle fragment,Embroidered Mantle Fragment,Paracas,,,3rd–2nd century BCE,-300,-100,"Camelid hair, cotton","Overall: 2 7/8 x 4 1/8 in. (7.29 x 10.48 cm)
Other: 2 7/8 in. (7.29 cm)","Gift of George D. Pratt, 1933",Textiles-Woven,Peru,,,,http://www.metmuseum.org/art/collection/search/308108,"Metropolitan Museum of Art, New York, NY",Mythical Creatures|Heads
308109,,True,"Arts of Africa, Oceania, and the Americas",Textile fragment,Embroidered Fragment,Paracas,,,5th–2nd century BCE,-500,-100,Camelid hair,"Overall: 4 1/4 x 4 in. (10.8 x 10.16 cm)
Other: 4 1/4 in. (10.8 cm)","Gift of George D. Pratt, 1933",Textiles-Woven,Peru,,,,http://www.metmuseum.org/art/collection/search/308109,"Metropolitan Museum of Art, New York, NY",
308110,,True,"Arts of Africa, Oceania, and the Americas",Textile fragment,Embroidered Fragment,Paracas,,,4th–3rd century BCE,-400,-200,"Camelid hair, cotton","Overall: 4 x 5 1/4 in. (10.16 x 13.34 cm)
Other: 4 in. (10.16 cm)","Gift of George D. Pratt, 1933",Textiles-Woven,Peru,,,,http://www.metmuseum.org/art/collection/search/308110,"Metropolitan Museum of Art, New York, NY",Birds
308111,,True,"Arts of Africa, Oceania, and the Americas",Textile fragment,Embroidered Fragment,Paracas,,,3rd–2nd century BCE,-300,-100,"Camelid hair, cotton","Overall: 4 3/4 x 8 3/4 in. (12.07 x 22.23 cm)
Other: 4 3/4 in. (12.07 cm)","Gift of George D. Pratt, 1933",Textiles-Woven,Peru,,,,http://www.metmuseum.org/art/collection/search/308111,"Metropolitan Museum of Art, New York, NY",
308112,,True,"Arts of Africa, Oceania, and the Americas",Textile fragment,Embroidered Fragment,Paracas,,,4th–3rd century BCE,-400,-200,"Camelid hair, cotton","Overall: 4 1/4 x 4 3/4 in. (10.8 x 12.07 cm)
Other: 4 1/4 in. (10.8 cm)","Gift of George D. Pratt, 1933",Textiles-Woven,Peru,,,,http://www.metmuseum.org/art/collection/search/308112,"Metropolitan Museum of Art, New York, NY",Birds
308113,,True,"Arts of Africa, Oceania, and the Americas",Textile fragment,Embroidered Fragment with Figure,Paracas,,,3rd–2nd century BCE,-300,-100,Camelid hair,Overall: 5 7/8 in. (14.92 cm),"Gift of George D. Pratt, 1933",Textiles-Woven,Peru,,,,http://www.metmuseum.org/art/collection/search/308113,"Metropolitan Museum of Art, New York, NY",Faces|Heads|Serpents
308114,,True,"Arts of Africa, Oceania, and the Americas",Border Fragment,Embroidered Border Fragment,Nasca,,,3rd–2nd century BCE,-300,-100,"Camelid hair, cotton","Overall: 2 1/2 x 13 in. (6.35 x 33.02 cm)
Other: 2 1/2 in. (6.35 cm)","Gift of George D. Pratt, 1933",Textiles-Woven,Peru,,,,http://www.metmuseum.org/art/collection/search/308114,"Metropolitan Museum of Art, New York, NY",Birds|Fish
308115,,True,"Arts of Africa, Oceania, and the Americas",Panel,Panel with Face,Wari,,,7th–12th century,600,1200,"Cotton, camelid hair","Overall: 4 3/8 x 4 3/8 in. (11.13 x 11.11 cm)
Other: 4 3/8 in. (11.13 cm)","Gift of George D. Pratt, 1933",Textiles-Woven,Peru,,,,http://www.metmuseum.org/art/collection/search/308115,"Metropolitan Museum of Art, New York, NY",Faces
308116,,True,"Arts of Africa, Oceania, and the Americas",Panel,Panel,Wari,,,7th–12th century,600,1200,"Cotton, camelid hair","Overall: 4 3/8 x 4 5/8 in. (11.13 x 11.75 cm)
Other: 4 3/8 in. (11.13 cm)","Gift of George D. Pratt, 1933",Textiles-Woven,Peru,,,,http://www.metmuseum.org/art/collection/search/308116,"Metropolitan Museum of Art, New York, NY",
308117,,True,"Arts of Africa, Oceania, and the Americas",Border fragment,Tapestry Border Fragment,Peru; central coast (?),,,10th–15th century,900,1500,"Camelid hair, cotton","Overall: 5 1/2 x 28 in. (13.97 x 71.12 cm)
Other: 5 1/2 in. (13.97 cm)","Gift of George D. Pratt, 1933",Textiles-Woven,Peru,,,,http://www.metmuseum.org/art/collection/search/308117,"Metropolitan Museum of Art, New York, NY",
308118,,True,"Arts of Africa, Oceania, and the Americas",Border Fragment,Tapestry Border Fragment,Peru; central coast (?),,,10th–15th century,900,1500,"Camelid hair, cotton","Overall: 3 1/2 x 28 1/2 in. (8.89 x 72.39 cm)
Other: 3 1/2 in. (8.89 cm)","Gift of George D. Pratt, 1933",Textiles-Woven,Peru,,,,http://www.metmuseum.org/art/collection/search/308118,"Metropolitan Museum of Art, New York, NY",
308119,,True,"Arts of Africa, Oceania, and the Americas",Mantle fragment,Mantle Fragment,Chimú,,,12th–15th century,1100,1500,"Cotton, camelid hair","Overall: 24 1/4 x 27 1/2 in. (61.6 x 69.85 cm)
Other: 24 1/4 in. (61.6 cm)","Gift of George D. Pratt, 1933",Textiles-Woven,Peru,,,,http://www.metmuseum.org/art/collection/search/308119,"Metropolitan Museum of Art, New York, NY",Owls
308120,,True,"Arts of Africa, Oceania, and the Americas",Tunic,Eight-Pointed Star Tunic,Inca,,,1460–1540,1460,1540,"Camelid hair, cotton",W. 29 3/4 in. × H. 37 in. (75.6 × 94 cm),"Gift of George D. Pratt, 1933",Textiles-Woven,Peru,,,,http://www.metmuseum.org/art/collection/search/308120,"Metropolitan Museum of Art, New York, NY",
308121,,True,"Arts of Africa, Oceania, and the Americas",Hat,Four-Cornered Hat,Wari,,,7th–9th century,600,900,"Camelid hair, cotton",H. 7 in. × Circum. 22 1/2 in. (17.8 × 57.2 cm),"Gift of George D. Pratt, 1933",Textiles-Woven,Peru,,,,http://www.metmuseum.org/art/collection/search/308121,"Metropolitan Museum of Art, New York, NY",
308122,,True,"Arts of Africa, Oceania, and the Americas",Band Fragment,Embroidered Band Fragment,Paracas,,,4th–3rd century BCE,-400,-200,"Camelid hair, cotton","Overall: 1 1/2 x 11 3/4 in. (3.81 x 29.85 cm)
Other: 1 1/2 in. (3.81 cm)","Gift of George D. Pratt, 1933",Textiles-Woven,Peru,,,,http://www.metmuseum.org/art/collection/search/308122,"Metropolitan Museum of Art, New York, NY",Birds
308124,,True,"Arts of Africa, Oceania, and the Americas",Skein,Skein of Camelid Hair,Peruvian,,,10th–16th century (?),900,1600,Camelid hair,"Overall: 3/4 x 16 in. (1.91 x 40.64 cm)
Other: 3/4 in. (1.91 cm)","Gift of George D. Pratt, 1933",Textiles,Peru,,,,http://www.metmuseum.org/art/collection/search/308124,"Metropolitan Museum of Art, New York, NY",
308125,,True,"Arts of Africa, Oceania, and the Americas",Skein,Skein of Camelid Hair,Peruvian,,,10th–16th century (?),900,1600,Camelid hair,"Overall: 1/2 x 16 1/4 in. (1.27 x 41.28 cm)
Other: 1/2 in. (1.27 cm)","Gift of George D. Pratt, 1933",Textiles,Peru,,,,http://www.metmuseum.org/art/collection/search/308125,"Metropolitan Museum of Art, New York, NY",
308126,,True,"Arts of Africa, Oceania, and the Americas",Skein,Skein of Camelid Hair,Peruvian,,,10th–16th century (?),900,1600,Camelid hair,"Overall: 1/2 x 14 1/2 in. (1.27 x 36.83 cm)
Other: 1/2 in. (1.27 cm)","Gift of George D. Pratt, 1933",Textiles,Peru,,,,http://www.metmuseum.org/art/collection/search/308126,"Metropolitan Museum of Art, New York, NY",
308127,,True,"Arts of Africa, Oceania, and the Americas",Skein,Skein of Camelid Hair,Peruvian,,,10th–16th century (?),900,1600,Camelid hair,"Overall: 1/2 x 14 3/4 in. (1.27 x 37.47 cm)
Other: 1/2 in. (1.27 cm)","Gift of George D. Pratt, 1933",Textiles,Peru,,,,http://www.metmuseum.org/art/collection/search/308127,"Metropolitan Museum of Art, New York, NY",
308128,,True,"Arts of Africa, Oceania, and the Americas",Skein,Skein of Camelid Hair,Peruvian,,,10th–16th century (?),900,1600,Camelid hair,"Overall: 1/2 x 10 in. (1.27 x 25.4 cm)
Other: 1/2 in. (1.27 cm)","Gift of George D. Pratt, 1933",Textiles,Peru,,,,http://www.metmuseum.org/art/collection/search/308128,"Metropolitan Museum of Art, New York, NY",
308129,,True,"Arts of Africa, Oceania, and the Americas",Skein,Skein of Camelid Hair,Peruvian,,,10th–16th century (?),900,1600,Camelid hair,"Overall: 1/2 x 13 in. (1.27 x 33.02 cm)
Other: 1/2 in. (1.27 cm)","Gift of George D. Pratt, 1933",Textiles,Peru,,,,http://www.metmuseum.org/art/collection/search/308129,"Metropolitan Museum of Art, New York, NY",
308130,,True,"Arts of Africa, Oceania, and the Americas",Skein,Skein of Camelid Hair,Peruvian,,,10th–16th century (?),900,1600,Camelid hair,"Overall: 1/2 x 12 in. (1.27 x 30.48 cm)
Other: 1/2 in. (1.27 cm)","Gift of George D. Pratt, 1933",Textiles,Peru,,,,http://www.metmuseum.org/art/collection/search/308130,"Metropolitan Museum of Art, New York, NY",
308131,,True,"Arts of Africa, Oceania, and the Americas",Skein,Skein of Camelid Hair,Peruvian,,,10th–16th century (?),900,1600,Camelid hair,W. 1/2 × L. 12 1/2 in. (1.3 × 31.8 cm),"Gift of George D. Pratt, 1933",Textiles,Peru,,,,http://www.metmuseum.org/art/collection/search/308131,"Metropolitan Museum of Art, New York, NY",
308132,,True,"Arts of Africa, Oceania, and the Americas",Skein,Skein of Camelid Hair,Peruvian,,,10th–16th century (?),900,1600,Camelid hair,"Overall: 1/2 x 13 in. (1.27 x 33.02 cm)
Other: 1/2 in. (1.27 cm)","Gift of George D. Pratt, 1933",Textiles,Peru,,,,http://www.metmuseum.org/art/collection/search/308132,"Metropolitan Museum of Art, New York, NY",
308133,,True,"Arts of Africa, Oceania, and the Americas",Skein,Skein of Camelid Hair,Peruvian,,,10th–16th century (?),900,1600,Camelid hair,"Overall: 1 x 28 1/4 in. (2.54 x 71.76 cm)
Other: 1 in. (2.54 cm)","Gift of George D. Pratt, 1933",Textiles,Peru,,,,http://www.metmuseum.org/art/collection/search/308133,"Metropolitan Museum of Art, New York, NY",
308134,,True,"Arts of Africa, Oceania, and the Americas",Skein,Skein of Camelid Hair,Peruvian,,,10th–16th century (?),900,1600,Camelid hair,"Overall: 1 x 15 1/4 in. (2.54 x 38.74 cm)
Other: 1 in. (2.54 cm)","Gift of George D. Pratt, 1933",Textiles,Peru,,,,http://www.metmuseum.org/art/collection/search/308134,"Metropolitan Museum of Art, New York, NY",
308135,,True,"Arts of Africa, Oceania, and the Americas",Spindle,Wooden Spindle,Peruvian,,,10th–16th century (?),900,1600,"Wood, camelid hair","Overall: 1/4 x 7 3/4 in. (0.64 x 19.69 cm)
Other: 1/4 in. (0.64 cm)","Gift of George D. Pratt, 1933",Textiles-Implements,Peru,,,,http://www.metmuseum.org/art/collection/search/308135,"Metropolitan Museum of Art, New York, NY",
308136,,True,"Arts of Africa, Oceania, and the Americas",Spindle,Wooden Spindle,Peruvian,,,10th–16th century (?),900,1600,"Wood, camelid hair","Overall: 1/4 x 8 1/4 in. (0.64 x 20.96 cm)
Other: 1/4 in. (0.64 cm)","Gift of George D. Pratt, 1933",Textiles-Implements,Peru,,,,http://www.metmuseum.org/art/collection/search/308136,"Metropolitan Museum of Art, New York, NY",
308137,,True,"Arts of Africa, Oceania, and the Americas",Spindle,Wooden Spindle,Peruvian,,,10th–16th century (?),900,1600,"Wood, camelid hair","Overall: 1/4 x 8 in. (0.64 x 20.32 cm)
Other: 1/4 in. (0.64 cm)","Gift of George D. Pratt, 1933",Textiles-Implements,Peru,,,,http://www.metmuseum.org/art/collection/search/308137,"Metropolitan Museum of Art, New York, NY",
308138,,True,"Arts of Africa, Oceania, and the Americas",Spindle,Wooden Spindle,Peruvian,,,10th–16th century (?),900,1600,"Wood, camelid hair","Overall: 8 3/4 x 1/4 in. (22.23 x 0.64 cm)
Other: 1/4 in. (0.64 cm)","Gift of George D. Pratt, 1933",Textiles-Implements,Peru,,,,http://www.metmuseum.org/art/collection/search/308138,"Metropolitan Museum of Art, New York, NY",
308139,,True,"Arts of Africa, Oceania, and the Americas",Spindle,Wooden Spindle,Peruvian,,,10th–16th century (?),900,1600,"Wood, camelid hair","Overall: 8 1/2 x 1/4 in. (21.59 x 0.64 cm)
Other: 1/4 in. (0.64 cm)","Gift of George D. Pratt, 1933",Textiles-Implements,Peru,,,,http://www.metmuseum.org/art/collection/search/308139,"Metropolitan Museum of Art, New York, NY",
308140,,True,"Arts of Africa, Oceania, and the Americas",Spindle,Wooden Spindle,Peruvian,,,10th–16th century (?),900,1600,"Wood, camelid hair","Overall: 8 x 1/4 in. (20.32 x 0.64 cm)
Other: 1/4 in. (0.64 cm)","Gift of George D. Pratt, 1933",Textiles-Implements,Peru,,,,http://www.metmuseum.org/art/collection/search/308140,"Metropolitan Museum of Art, New York, NY",
308141,,True,"Arts of Africa, Oceania, and the Americas",Spindle,Wooden Spindle,Peruvian,,,10th–16th century (?),900,1600,"Wood, camelid hair","Overall: 8 3/4 x 1/4 in. (22.23 x 0.64 cm)
Other: 1/4 in. (0.64 cm)","Gift of George D. Pratt, 1933",Textiles-Implements,Peru,,,,http://www.metmuseum.org/art/collection/search/308141,"Metropolitan Museum of Art, New York, NY",
308142,,True,"Arts of Africa, Oceania, and the Americas",Spindle,Wooden Spindle,Peruvian,,,10th–16th century (?),900,1600,"Wood, camelid hair","Overall: 8 3/4 x 1/4 in. (22.23 x 0.64 cm)
Other: 1/4 in. (0.64 cm)","Gift of George D. Pratt, 1933",Textiles-Implements,Peru,,,,http://www.metmuseum.org/art/collection/search/308142,"Metropolitan Museum of Art, New York, NY",
308143,,True,"Arts of Africa, Oceania, and the Americas",Spindle,Wooden Spindle,Peruvian,,,10th–16th century (?),900,1600,"Wood, camelid hair","Overall: 8 1/2 x 1/4 in. (21.59 x 0.64 cm)
Other: 1/4 in. (0.64 cm)","Gift of George D. Pratt, 1933",Textiles-Implements,Peru,,,,http://www.metmuseum.org/art/collection/search/308143,"Metropolitan Museum of Art, New York, NY",
308144,,True,"Arts of Africa, Oceania, and the Americas",Spindle,Wooden Spindle,Peruvian,,,10th–16th century (?),900,1600,"Wood, camelid hair","Overall: 8 1/2 x 1/4 in. (21.59 x 0.64 cm)
Other: 1/4 in. (0.64 cm)","Gift of George D. Pratt, 1933",Textiles-Implements,Peru,,,,http://www.metmuseum.org/art/collection/search/308144,"Metropolitan Museum of Art, New York, NY",
308145,,True,"Arts of Africa, Oceania, and the Americas",Spindle,Wooden Spindle,Peruvian,,,10th–16th century (?),900,1600,"Wood, camelid hair","Overall: 8 1/4 x 1/4 in. (20.96 x 0.64 cm)
Other: 1/4 in. (0.64 cm)","Gift of George D. Pratt, 1933",Textiles-Implements,Peru,,,,http://www.metmuseum.org/art/collection/search/308145,"Metropolitan Museum of Art, New York, NY",
308146,,True,"Arts of Africa, Oceania, and the Americas",Spindle,Wooden Spindle,Peruvian,,,10th–16th century (?),900,1600,"Wood, camelid hair","Overall: 8 1/2 x 1/4 in. (21.59 x 0.64 cm)
Other: 1/4 in. (0.64 cm)","Gift of George D. Pratt, 1933",Textiles-Implements,Peru,,,,http://www.metmuseum.org/art/collection/search/308146,"Metropolitan Museum of Art, New York, NY",
308147,,True,"Arts of Africa, Oceania, and the Americas",Spindle,Wooden Spindle,Peruvian,,,10th–16th century (?),900,1600,"Wood, camelid hair","Overall: 9 x 1/4 in. (22.86 x 0.64 cm)
Other: 1/4 in. (0.64 cm)","Gift of George D. Pratt, 1933",Textiles-Implements,Peru,,,,http://www.metmuseum.org/art/collection/search/308147,"Metropolitan Museum of Art, New York, NY",
308148,,True,"Arts of Africa, Oceania, and the Americas",Spindle,Wooden Spindle,Peruvian,,,10th–16th century (?),900,1600,"Wood, camelid hair","Overall: 8 1/4 x 1/4 in. (20.96 x 0.64 cm)
Other: 1/4 in. (0.64 cm)","Gift of George D. Pratt, 1933",Textiles-Implements,Peru,,,,http://www.metmuseum.org/art/collection/search/308148,"Metropolitan Museum of Art, New York, NY",
308149,,True,"Arts of Africa, Oceania, and the Americas",Spindle,Wooden Spindle,Peruvian,,,10th–16th century (?),900,1600,"Wood, camelid hair","Overall: 7 3/4 x 1/4 in. (19.69 x 0.64 cm)
Other: 1/4 in. (0.64 cm)","Gift of George D. Pratt, 1933",Textiles-Implements,Peru,,,,http://www.metmuseum.org/art/collection/search/308149,"Metropolitan Museum of Art, New York, NY",
308150,,True,"Arts of Africa, Oceania, and the Americas",Spindle,Wooden Spindle,Peruvian,,,10th–16th century (?),900,1600,"Wood, camelid hair","Overall: 8 x 1/4 in. (20.32 x 0.64 cm)
Other: 1/4 in. (0.64 cm)","Gift of George D. Pratt, 1933",Textiles-Implements,Peru,,,,http://www.metmuseum.org/art/collection/search/308150,"Metropolitan Museum of Art, New York, NY",
308151,,True,"Arts of Africa, Oceania, and the Americas",Spindle,Wooden Spindle,Peruvian,,,10th–16th century (?),900,1600,"Wood, camelid hair","Overall: 8 x 1/4 in. (20.32 x 0.64 cm)
Other: 1/4 in. (0.64 cm)","Gift of George D. Pratt, 1933",Textiles-Implements,Peru,,,,http://www.metmuseum.org/art/collection/search/308151,"Metropolitan Museum of Art, New York, NY",
308152,,True,"Arts of Africa, Oceania, and the Americas",Spindle,Wooden Spindle,Peruvian,,,10th–16th century (?),900,1600,"Wood, camelid hair","Overall: 8 1/2 x 1/4 in. (21.59 x 0.64 cm)
Other: 1/4 in. (0.64 cm)","Gift of George D. Pratt, 1933",Textiles-Implements,Peru,,,,http://www.metmuseum.org/art/collection/search/308152,"Metropolitan Museum of Art, New York, NY",
308153,,True,"Arts of Africa, Oceania, and the Americas",Spindle,Wooden Spindle,Peruvian,,,10th–16th century (?),900,1600,"Wood, camelid hair","Overall: 8 3/4 x 1/4 in. (22.23 x 0.64 cm)
Other: 1/4 in. (0.64 cm)","Gift of George D. Pratt, 1933",Textiles-Implements,Peru,,,,http://www.metmuseum.org/art/collection/search/308153,"Metropolitan Museum of Art, New York, NY",
308154,,True,"Arts of Africa, Oceania, and the Americas",Spindle,Wooden Spindle,Peruvian,,,10th–16th century (?),900,1600,"Wood, camelid hair","Overall: 10 1/4 x 1/4 in. (26.04 x 0.64 cm)
Other: 1/4 in. (0.64 cm)","Gift of George D. Pratt, 1933",Textiles-Implements,Peru,,,,http://www.metmuseum.org/art/collection/search/308154,"Metropolitan Museum of Art, New York, NY",
308155,,True,"Arts of Africa, Oceania, and the Americas",Spindle,Wooden Spindle,Peruvian,,,10th–16th century (?),900,1600,"Wood, camelid hair","Overall: 8 3/4 x 1/4 in. (22.23 x 0.64 cm)
Other: 1/4 in. (0.64 cm)","Gift of George D. Pratt, 1933",Textiles-Implements,Peru,,,,http://www.metmuseum.org/art/collection/search/308155,"Metropolitan Museum of Art, New York, NY",
308156,,True,"Arts of Africa, Oceania, and the Americas",Spindle,Wooden Spindle,Peruvian,,,10th–16th century (?),900,1600,"Wood, camelid hair","Overall: 10 1/4 x 1/4 in. (26.04 x 0.64 cm)
Other: 1/4 in. (0.64 cm)","Gift of George D. Pratt, 1933",Textiles-Implements,Peru,,,,http://www.metmuseum.org/art/collection/search/308156,"Metropolitan Museum of Art, New York, NY",
308157,,True,"Arts of Africa, Oceania, and the Americas",Spindle,Wooden Spindle,Peruvian,,,10th–16th century (?),900,1600,"Wood, camelid hair","Overall: 8 1/4 x 1/4 in. (20.96 x 0.64 cm)
Other: 1/4 in. (0.64 cm)","Gift of George D. Pratt, 1933",Textiles-Implements,Peru,,,,http://www.metmuseum.org/art/collection/search/308157,"Metropolitan Museum of Art, New York, NY",
308158,,True,"Arts of Africa, Oceania, and the Americas",Spindle,Wooden Spindle,Peruvian,,,10th–16th century (?),900,1600,"Wood, camelid hair","Overall: 8 3/4 x 1/4 in. (22.23 x 0.64 cm)
Other: 1/4 in. (0.64 cm)","Gift of George D. Pratt, 1933",Textiles-Implements,Peru,,,,http://www.metmuseum.org/art/collection/search/308158,"Metropolitan Museum of Art, New York, NY",
308159,,True,"Arts of Africa, Oceania, and the Americas",Spindle,Wooden Spindle,Peruvian,,,10th–16th century (?),900,1600,"Wood, camelid hair","Overall: 7 1/4 x 1/4 in. (18.42 x 0.64 cm)
Other: 1/4 in. (0.64 cm)","Gift of George D. Pratt, 1933",Textiles-Implements,Peru,,,,http://www.metmuseum.org/art/collection/search/308159,"Metropolitan Museum of Art, New York, NY",
308160,,True,"Arts of Africa, Oceania, and the Americas",Spindle,Wooden Spindle,Peruvian,,,10th–16th century (?),900,1600,"Wood, camelid hair","Overall: 8 1/2 x 1/4 in. (21.59 x 0.64 cm)
Other: 1/4 in. (0.64 cm)","Gift of George D. Pratt, 1933",Textiles-Implements,Peru,,,,http://www.metmuseum.org/art/collection/search/308160,"Metropolitan Museum of Art, New York, NY",
308161,,True,"Arts of Africa, Oceania, and the Americas",Spindle,Wooden Spindle,Peruvian,,,10th–16th century (?),900,1600,"Wood, camelid hair","Overall: 7 3/4 x 1/4 in. (19.69 x 0.64 cm)
Other: 1/4 in. (0.64 cm)","Gift of George D. Pratt, 1933",Textiles-Implements,Peru,,,,http://www.metmuseum.org/art/collection/search/308161,"Metropolitan Museum of Art, New York, NY",
308162,,True,"Arts of Africa, Oceania, and the Americas",Spindle,Wooden Spindle,Peruvian,,,10th–16th century (?),900,1600,"Wood, camelid hair","Overall: 8 1/2 x 1/4 in. (21.59 x 0.64 cm)
Other: 1/4 in. (0.64 cm)","Gift of George D. Pratt, 1933",Textiles-Implements,Peru,,,,http://www.metmuseum.org/art/collection/search/308162,"Metropolitan Museum of Art, New York, NY",
308163,,True,"Arts of Africa, Oceania, and the Americas",Spindle,Spindle,Peruvian,,,10th–16th century (?),900,1600,"Wood, camelid hair","Overall: 8 1/4 x 1/4 in. (20.96 x 0.64 cm)
Other: 1/4 in. (0.64 cm)","Gift of George D. Pratt, 1933",Textiles-Implements,Peru,,,,http://www.metmuseum.org/art/collection/search/308163,"Metropolitan Museum of Art, New York, NY",
308164,,True,"Arts of Africa, Oceania, and the Americas",Spindle,Spindle,Peruvian,,,10th–16th century (?),900,1600,"Wood, camelid hair","Overall: 8 1/2 x 1/4 in. (21.59 x 0.64 cm)
Other: 1/4 in. (0.64 cm)","Gift of George D. Pratt, 1933",Textiles-Implements,Peru,,,,http://www.metmuseum.org/art/collection/search/308164,"Metropolitan Museum of Art, New York, NY",
308165,,True,"Arts of Africa, Oceania, and the Americas",Spindle,Spindle,Peruvian,,,10th–16th century (?),900,1600,"Wood, camelid hair","Overall: 8 x 1/4 in. (20.32 x 0.64 cm)
Other: 1/4 in. (0.64 cm)","Gift of George D. Pratt, 1933",Textiles-Implements,Peru,,,,http://www.metmuseum.org/art/collection/search/308165,"Metropolitan Museum of Art, New York, NY",
308166,,True,"Arts of Africa, Oceania, and the Americas",Spindle,Wooden Spindle,Peruvian,,,10th–16th century (?),900,1600,"Wood, camelid hair","Overall: 8 1/4 x 1/4 in. (20.96 x 0.64 cm)
Other: 1/4 in. (0.64 cm)","Gift of George D. Pratt, 1933",Textiles-Implements,Peru,,,,http://www.metmuseum.org/art/collection/search/308166,"Metropolitan Museum of Art, New York, NY",
308167,,True,"Arts of Africa, Oceania, and the Americas",Spindle,Wooden Spindle,Peruvian,,,10th–16th century (?),900,1600,"Wood, camelid hair","Overall: 10 x 1/4 in. (25.4 x 0.64 cm)
Other: 1/4 in. (0.64 cm)","Gift of George D. Pratt, 1933",Textiles-Implements,Peru,,,,http://www.metmuseum.org/art/collection/search/308167,"Metropolitan Museum of Art, New York, NY",
308168,,True,"Arts of Africa, Oceania, and the Americas",Spindle,Wooden Spindle,Peruvian,,,10th–16th century (?),900,1600,"Wood, camelid hair","Overall: 8 1/2 x 1/4 in. (21.59 x 0.64 cm)
Other: 1/4 in. (0.64 cm)","Gift of George D. Pratt, 1933",Textiles-Implements,Peru,,,,http://www.metmuseum.org/art/collection/search/308168,"Metropolitan Museum of Art, New York, NY",
308169,,True,"Arts of Africa, Oceania, and the Americas",Spindle,Wooden Spindle,Peruvian,,,10th–16th century (?),900,1600,"Wood, camelid hair","Overall: 10 x 1/4 in. (25.4 x 0.64 cm)
Other: 1/4 in. (0.64 cm)","Gift of George D. Pratt, 1933",Textiles-Implements,Peru,,,,http://www.metmuseum.org/art/collection/search/308169,"Metropolitan Museum of Art, New York, NY",
308170,,True,"Arts of Africa, Oceania, and the Americas",Spindle,Wooden Spindle,Peruvian,,,10th–16th century (?),900,1600,"Wood, camelid hair","Overall: 8 1/2 x 1/4 in. (21.59 x 0.64 cm)
Other: 1/4 in. (0.64 cm)","Gift of George D. Pratt, 1933",Textiles-Implements,Peru,,,,http://www.metmuseum.org/art/collection/search/308170,"Metropolitan Museum of Art, New York, NY",
308171,,True,"Arts of Africa, Oceania, and the Americas",Spindle,Wooden Spindle,Peruvian,,,10th–16th century (?),900,1600,"Wood, camelid hair","Overall: 8 1/4 x 1/4 in. (20.96 x 0.64 cm)
Other: 1/4 in. (0.64 cm)","Gift of George D. Pratt, 1933",Textiles-Implements,Peru,,,,http://www.metmuseum.org/art/collection/search/308171,"Metropolitan Museum of Art, New York, NY",
308172,,True,"Arts of Africa, Oceania, and the Americas",Spindle,Wooden Spindle,Peruvian,,,10th–16th century (?),900,1600,"Wood, camelid hair","Overall: 8 1/2 x 1/4 in. (21.59 x 0.64 cm)
Other: 1/4 in. (0.64 cm)","Gift of George D. Pratt, 1933",Textiles-Implements,Peru,,,,http://www.metmuseum.org/art/collection/search/308172,"Metropolitan Museum of Art, New York, NY",
308173,,True,"Arts of Africa, Oceania, and the Americas",Spindle,Wooden Spindle,Peruvian,,,10th–16th century (?),900,1600,"Wood, camelid hair","Overall: 8 x 1/4 in. (20.32 x 0.64 cm)
Other: 1/4 in. (0.64 cm)","Gift of George D. Pratt, 1933",Textiles-Implements,Peru,,,,http://www.metmuseum.org/art/collection/search/308173,"Metropolitan Museum of Art, New York, NY",
308174,,True,"Arts of Africa, Oceania, and the Americas",Spindle,Wooden Spindle,Peruvian,,,10th–16th century (?),900,1600,"Wood, camelid hair","Overall: 8 1/2 x 1/4 in. (21.59 x 0.64 cm)
Other: 1/4 in. (0.64 cm)","Gift of George D. Pratt, 1933",Textiles-Implements,Peru,,,,http://www.metmuseum.org/art/collection/search/308174,"Metropolitan Museum of Art, New York, NY",
308175,,True,"Arts of Africa, Oceania, and the Americas",Spindle,Wooden Spindle,Peruvian,,,10th–16th century (?),900,1600,"Wood, camelid hair","Overall: 7 1/2 x 1/4 in. (19.05 x 0.64 cm)
Other: 1/4 in. (0.64 cm)","Gift of George D. Pratt, 1933",Textiles-Implements,Peru,,,,http://www.metmuseum.org/art/collection/search/308175,"Metropolitan Museum of Art, New York, NY",
308176,,True,"Arts of Africa, Oceania, and the Americas",Spindle,Wooden Spindle,Peruvian,,,10th–16th century (?),900,1600,"Wood, camelid hair","Overall: 8 3/4 x 1/4 in. (22.23 x 0.64 cm)
Other: 1/4 in. (0.64 cm)","Gift of George D. Pratt, 1933",Textiles-Implements,Peru,,,,http://www.metmuseum.org/art/collection/search/308176,"Metropolitan Museum of Art, New York, NY",
308177,,True,"Arts of Africa, Oceania, and the Americas",Spindle,Wooden Spindle,Peruvian,,,10th–16th century (?),900,1600,"Wood, camelid hair","Overall: 8 1/2 x 1/4 in. (21.59 x 0.64 cm)
Other: 1/4 in. (0.64 cm)","Gift of George D. Pratt, 1933",Textiles-Implements,Peru,,,,http://www.metmuseum.org/art/collection/search/308177,"Metropolitan Museum of Art, New York, NY",
308178,,True,"Arts of Africa, Oceania, and the Americas",Spindle,Wooden Spindle,Peruvian,,,10th–16th century (?),900,1600,"Wood, camelid hair","Overall: 8 1/4 x 1/4 in. (20.96 x 0.64 cm)
Other: 1/4 in. (0.64 cm)","Gift of George D. Pratt, 1933",Textiles-Implements,Peru,,,,http://www.metmuseum.org/art/collection/search/308178,"Metropolitan Museum of Art, New York, NY",
308179,,True,"Arts of Africa, Oceania, and the Americas",Spindle,Wooden Spindle,Peruvian,,,10th–16th century (?),900,1600,"Wood, camelid hair","Overall: 8 1/2 x 1/4 in. (21.59 x 0.64 cm)
Other: 1/4 in. (0.64 cm)","Gift of George D. Pratt, 1933",Textiles-Implements,Peru,,,,http://www.metmuseum.org/art/collection/search/308179,"Metropolitan Museum of Art, New York, NY",
308180,,True,"Arts of Africa, Oceania, and the Americas",Spindle,Wooden Spindle,Peruvian,,,10th–16th century (?),900,1600,"Wood, camelid hair","Overall: 8 1/2 x 1/4 in. (21.59 x 0.64 cm)
Other: 1/4 in. (0.64 cm)","Gift of George D. Pratt, 1933",Textiles-Implements,Peru,,,,http://www.metmuseum.org/art/collection/search/308180,"Metropolitan Museum of Art, New York, NY",
308181,,True,"Arts of Africa, Oceania, and the Americas",Spindle,Wooden Spindle,Peruvian,,,10th–16th century (?),900,1600,"Wood, camelid hair","Overall: 9 1/4 x 1/4 in. (23.5 x 0.64 cm)
Other: 1/4 in. (0.64 cm)","Gift of George D. Pratt, 1933",Textiles-Implements,Peru,,,,http://www.metmuseum.org/art/collection/search/308181,"Metropolitan Museum of Art, New York, NY",
308182,,True,"Arts of Africa, Oceania, and the Americas",Spindle,Wooden Spindle,Peruvian,,,10th–16th century (?),900,1600,"Wood, camelid hair","Overall: 8 1/4 x 1/4 in. (20.96 x 0.64 cm)
Other: 1/4 in. (0.64 cm)","Gift of George D. Pratt, 1933",Textiles-Implements,Peru,,,,http://www.metmuseum.org/art/collection/search/308182,"Metropolitan Museum of Art, New York, NY",
308183,,True,"Arts of Africa, Oceania, and the Americas",Spindle,Wooden Spindle,Peruvian,,,10th–16th century (?),900,1600,"Wood, camelid hair","Overall: 8 1/4 x 1/4 in. (20.96 x 0.64 cm)
Other: 1/4 in. (0.64 cm)","Gift of George D. Pratt, 1933",Textiles-Implements,Peru,,,,http://www.metmuseum.org/art/collection/search/308183,"Metropolitan Museum of Art, New York, NY",
308184,,True,"Arts of Africa, Oceania, and the Americas",Spindle,Wooden Spindle,Peruvian,,,10th–16th century (?),900,1600,"Wood, camelid hair","Overall: 8 1/2 x 1/4 in. (21.59 x 0.64 cm)
Other: 1/4 in. (0.64 cm)","Gift of George D. Pratt, 1933",Textiles-Implements,Peru,,,,http://www.metmuseum.org/art/collection/search/308184,"Metropolitan Museum of Art, New York, NY",
308185,,True,"Arts of Africa, Oceania, and the Americas",Spindle,Wooden Spindle,Peruvian,,,10th–16th century (?),900,1600,"Wood, camelid hair","Overall: 8 1/4 x 1/4 in. (20.96 x 0.64 cm)
Other: 1/4 in. (0.64 cm)","Gift of George D. Pratt, 1933",Textiles-Implements,Peru,,,,http://www.metmuseum.org/art/collection/search/308185,"Metropolitan Museum of Art, New York, NY",
308186,,True,"Arts of Africa, Oceania, and the Americas",Spindle,Wooden Spindle,Peruvian,,,10th–16th century (?),900,1600,"Wood, camelid hair","Overall: 8 3/4 x 1/4 in. (22.23 x 0.64 cm)
Other: 1/4 in. (0.64 cm)","Gift of George D. Pratt, 1933",Textiles-Implements,Peru,,,,http://www.metmuseum.org/art/collection/search/308186,"Metropolitan Museum of Art, New York, NY",
308187,,True,"Arts of Africa, Oceania, and the Americas",Spindle,Wooden Spindle,Peruvian,,,10th–16th century (?),900,1600,"Wood, camelid hair","Overall: 5 3/4 x 1/4 in. (14.61 x 0.64 cm)
Other: 1/4 in. (0.64 cm)","Gift of George D. Pratt, 1933",Textiles-Implements,Peru,,,,http://www.metmuseum.org/art/collection/search/308187,"Metropolitan Museum of Art, New York, NY",
308188,,True,"Arts of Africa, Oceania, and the Americas",Spindle,Wooden Spindle,Peruvian,,,10th–16th century (?),900,1600,"Wood, camelid hair","Overall: 8 3/4 x 1/4 in. (22.23 x 0.64 cm)
Other: 1/4 in. (0.64 cm)","Gift of George D. Pratt, 1933",Textiles-Implements,Peru,,,,http://www.metmuseum.org/art/collection/search/308188,"Metropolitan Museum of Art, New York, NY",
308189,,True,"Arts of Africa, Oceania, and the Americas",Spindle,Wooden Spindle,Peruvian,,,10th–16th century (?),900,1600,"Wood, camelid hair","Overall: 8 1/2 x 1/4 in. (21.59 x 0.64 cm)
Other: 1/4 in. (0.64 cm)","Gift of George D. Pratt, 1933",Textiles-Implements,Peru,,,,http://www.metmuseum.org/art/collection/search/308189,"Metropolitan Museum of Art, New York, NY",
308190,,True,"Arts of Africa, Oceania, and the Americas",Spindle,Wooden Spindle,Peruvian,,,10th–16th century (?),900,1600,"Wood, camelid hair","Overall: 8 3/4 x 1/4 in. (22.23 x 0.64 cm)
Other: 1/4 in. (0.64 cm)","Gift of George D. Pratt, 1933",Textiles-Implements,Peru,,,,http://www.metmuseum.org/art/collection/search/308190,"Metropolitan Museum of Art, New York, NY",
308191,,True,"Arts of Africa, Oceania, and the Americas",Spindle,Wooden Spindle,Peruvian,,,10th–16th century (?),900,1600,"Wood, camelid hair","Overall: 8 x 1/4 in. (20.32 x 0.64 cm)
Other: 1/4 in. (0.64 cm)","Gift of George D. Pratt, 1933",Textiles-Implements,Peru,,,,http://www.metmuseum.org/art/collection/search/308191,"Metropolitan Museum of Art, New York, NY",
308192,,True,"Arts of Africa, Oceania, and the Americas",Spindle,Wooden Spindle,Peruvian,,,10th–16th century (?),900,1600,"Wood, camelid hair","Overall: 8 1/2 x 1/4 in. (21.59 x 0.64 cm)
Other: 1/4 in. (0.64 cm)","Gift of George D. Pratt, 1933",Textiles-Implements,Peru,,,,http://www.metmuseum.org/art/collection/search/308192,"Metropolitan Museum of Art, New York, NY",
308193,,True,"Arts of Africa, Oceania, and the Americas",Spindle,Wooden Spindle,Peruvian,,,10th–16th century (?),900,1600,"Wood, camelid hair","Overall: 7 3/4 x 1/4 in. (19.69 x 0.64 cm)
Other: 1/4 in. (0.64 cm)","Gift of George D. Pratt, 1933",Textiles-Implements,Peru,,,,http://www.metmuseum.org/art/collection/search/308193,"Metropolitan Museum of Art, New York, NY",
308194,,True,"Arts of Africa, Oceania, and the Americas",Spindle,Wooden Spindle,Peruvian,,,10th–16th century (?),900,1600,"Wood, camelid hair","Overall: 9 x 1/4 in. (22.86 x 0.64 cm)
Other: 1/4 in. (0.64 cm)","Gift of George D. Pratt, 1933",Textiles-Implements,Peru,,,,http://www.metmuseum.org/art/collection/search/308194,"Metropolitan Museum of Art, New York, NY",
308195,,True,"Arts of Africa, Oceania, and the Americas",Spindle,Wooden Spindle,Peruvian,,,10th–16th century (?),900,1600,"Wood, camelid hair","Overall: 8 1/4 x 1/4 in. (20.96 x 0.64 cm)
Other: 1/4 in. (0.64 cm)","Gift of George D. Pratt, 1933",Textiles-Implements,Peru,,,,http://www.metmuseum.org/art/collection/search/308195,"Metropolitan Museum of Art, New York, NY",
308196,,True,"Arts of Africa, Oceania, and the Americas",Spindle,Wooden Spindle,Peruvian,,,10th–16th century (?),900,1600,"Wood, camelid hair","Overall: 8 3/4 x 1/4 in. (22.23 x 0.64 cm)
Other: 1/4 in. (0.64 cm)","Gift of George D. Pratt, 1933",Textiles-Implements,Peru,,,,http://www.metmuseum.org/art/collection/search/308196,"Metropolitan Museum of Art, New York, NY",
308197,,True,"Arts of Africa, Oceania, and the Americas",Spindle,Wooden Spindle,Peruvian,,,10th–16th century (?),900,1600,"Wood, camelid hair","Overall: 7 3/4 x 1/4 in. (19.69 x 0.64 cm)
Other: 1/4 in. (0.64 cm)","Gift of George D. Pratt, 1933",Textiles-Implements,Peru,,,,http://www.metmuseum.org/art/collection/search/308197,"Metropolitan Museum of Art, New York, NY",
308198,,True,"Arts of Africa, Oceania, and the Americas",Spindle,Wooden Spindle,Peruvian,,,10th–16th century (?),900,1600,"Wood, camelid hair","Overall: 8 1/2 x 1/4 in. (21.59 x 0.64 cm)
Other: 1/4 in. (0.64 cm)","Gift of George D. Pratt, 1933",Textiles-Implements,Peru,,,,http://www.metmuseum.org/art/collection/search/308198,"Metropolitan Museum of Art, New York, NY",
308199,,True,"Arts of Africa, Oceania, and the Americas",Spindle,Wooden Spindle,Peruvian,,,10th–16th century (?),900,1600,"Wood, camelid hair","Overall: 7 1/2 x 1/4 in. (19.05 x 0.64 cm)
Other: 1/4 in. (0.64 cm)","Gift of George D. Pratt, 1933",Textiles-Implements,Peru,,,,http://www.metmuseum.org/art/collection/search/308199,"Metropolitan Museum of Art, New York, NY",
308200,,True,"Arts of Africa, Oceania, and the Americas",Spindle,Wooden Spindle,Peruvian,,,10th–16th century (?),900,1600,"Wood, camelid hair","Overall: 8 3/4 x 1/4 in. (22.23 x 0.64 cm)
Other: 1/4 in. (0.64 cm)","Gift of George D. Pratt, 1933",Textiles-Implements,Peru,,,,http://www.metmuseum.org/art/collection/search/308200,"Metropolitan Museum of Art, New York, NY",
308201,,True,"Arts of Africa, Oceania, and the Americas",Spindle,Wooden Spindle,Peruvian,,,10th–16th century (?),900,1600,"Wood, camelid hair","Overall: 8 1/2 x 1/4 in. (21.59 x 0.64 cm)
Other: 1/4 in. (0.64 cm)","Gift of George D. Pratt, 1933",Textiles-Implements,Peru,,,,http://www.metmuseum.org/art/collection/search/308201,"Metropolitan Museum of Art, New York, NY",
308202,,True,"Arts of Africa, Oceania, and the Americas",Spindle,Wooden Spindle,Peruvian,,,10th–16th century (?),900,1600,"Wood, camelid hair","Overall: 8 x 1/4 in. (20.32 x 0.64 cm)
Other: 1/4 in. (0.64 cm)","Gift of George D. Pratt, 1933",Textiles-Implements,Peru,,,,http://www.metmuseum.org/art/collection/search/308202,"Metropolitan Museum of Art, New York, NY",
308203,,True,"Arts of Africa, Oceania, and the Americas",Spindle,Wooden Spindle,Peruvian,,,10th–16th century (?),900,1600,"Wood, camelid hair","Overall: 8 1/4 x 1/4 in. (20.96 x 0.64 cm)
Other: 1/4 in. (0.64 cm)","Gift of George D. Pratt, 1933",Textiles-Implements,Peru,,,,http://www.metmuseum.org/art/collection/search/308203,"Metropolitan Museum of Art, New York, NY",
308204,,True,"Arts of Africa, Oceania, and the Americas",Spindle,Wooden Spindle,Peruvian,,,10th–16th century (?),900,1600,"Wood, camelid hair","Overall: 8 x 1/4 in. (20.32 x 0.64 cm)
Other: 1/4 in. (0.64 cm)","Gift of George D. Pratt, 1933",Textiles-Implements,Peru,,,,http://www.metmuseum.org/art/collection/search/308204,"Metropolitan Museum of Art, New York, NY",
308205,,True,"Arts of Africa, Oceania, and the Americas",Spindle,Wooden Spindle,Peruvian,,,10th–16th century (?),900,1600,"Wood, camelid hair","Overall: 9 x 1/4 in. (22.86 x 0.64 cm)
Other: 1/4 in. (0.64 cm)","Gift of George D. Pratt, 1933",Textiles-Implements,Peru,,,,http://www.metmuseum.org/art/collection/search/308205,"Metropolitan Museum of Art, New York, NY",
308206,,True,"Arts of Africa, Oceania, and the Americas",Spindle,Wooden Spindle,Peruvian,,,10th–16th century (?),900,1600,"Wood, camelid hair","Overall: 7 3/4 x 1/4 in. (19.69 x 0.64 cm)
Other: 1/4 in. (0.64 cm)","Gift of George D. Pratt, 1933",Textiles-Implements,Peru,,,,http://www.metmuseum.org/art/collection/search/308206,"Metropolitan Museum of Art, New York, NY",
308207,,True,"Arts of Africa, Oceania, and the Americas",Spindle,Wooden Spindle,Peruvian,,,10th–16th century (?),900,1600,"Wood, camelid hair","Overall: 8 3/4 x 1/4 in. (22.23 x 0.64 cm)
Other: 1/4 in. (0.64 cm)","Gift of George D. Pratt, 1933",Textiles-Implements,Peru,,,,http://www.metmuseum.org/art/collection/search/308207,"Metropolitan Museum of Art, New York, NY",
308217,,True,"Arts of Africa, Oceania, and the Americas",Bag,Bag,Arica,,,12th–15th century,1100,1500,Camelid hair,"W. 9 x D. 7 1/2 in. (22.86 x 19.05 cm)
","Gift of Arthur Posnansky, 1944",Textiles-Woven,Chile,Central Andes,,,http://www.metmuseum.org/art/collection/search/308217,"Metropolitan Museum of Art, New York, NY",
308278,,True,"Arts of Africa, Oceania, and the Americas",Kilt,Man's Kilt,Paracas,,,2nd–1st century BCE,-200,-1,"Cotton, camelid hair","28 5/8 x 100 in. (72.69 x 254 cm)
","Fletcher Fund, 1959",Textiles-Woven,Peru,,,,http://www.metmuseum.org/art/collection/search/308278,"Metropolitan Museum of Art, New York, NY",
308279,,True,"Arts of Africa, Oceania, and the Americas",Headband,Headband,Chimú,,,12th–15th century,1100,1500,"Cotton, camelid hair","5 x 156 in. (12.7 x 396.24 cm)
","Fletcher Fund, 1959",Textiles-Woven,Peru,,,,http://www.metmuseum.org/art/collection/search/308279,"Metropolitan Museum of Art, New York, NY",
308280,,True,"Arts of Africa, Oceania, and the Americas",Mantle,Mantle,Chimú,,,12th–15th century,1100,1500,"Cotton, camelid hair","W. 58 1/2 x D. 69 3/4 in. (148.59 x 177.17 cm)
","Fletcher Fund, 1959",Textiles-Woven,Peru,,,,http://www.metmuseum.org/art/collection/search/308280,"Metropolitan Museum of Art, New York, NY",
308281,,True,"Arts of Africa, Oceania, and the Americas",Loincloth,Loincloth,Chimú,,,12th–15th century,1100,1500,"Cotton, camelid hair","40 3/4 x 168 in. (103.51 x 426.72 cm)
","Fletcher Fund, 1959",Textiles-Woven,Peru,,,,http://www.metmuseum.org/art/collection/search/308281,"Metropolitan Museum of Art, New York, NY",
308282,,True,"Arts of Africa, Oceania, and the Americas",Textile fragment,Panel with Figures,Nasca,,,7th century,600,700,Camelid hair,"18 x 59 1/2 in. (45.72 x 151.13 cm)
","Fletcher Fund, 1959",Textiles-Non-Woven,Peru,,,,http://www.metmuseum.org/art/collection/search/308282,"Metropolitan Museum of Art, New York, NY",
308283,,True,"Arts of Africa, Oceania, and the Americas",Textile fragment,Panel with Figures,Chancay,,,12th–14th century,1100,1400,"Cotton, paint",120 x 27 1/4 in. (304.8 x 69.22 cm),"Fletcher Fund, 1959",Textiles-Woven,Peru,,,,http://www.metmuseum.org/art/collection/search/308283,"Metropolitan Museum of Art, New York, NY",Animals
308284,,True,"Arts of Africa, Oceania, and the Americas",Panel,Panel,Nasca,,,7th century,600,700,Camelid hair,"33 3/8 x 63 1/4 in. (84.79 x 160.66 cm)
","Fletcher Fund, 1959",Textiles-Woven,Peru,,,,http://www.metmuseum.org/art/collection/search/308284,"Metropolitan Museum of Art, New York, NY",
308285,,True,"Arts of Africa, Oceania, and the Americas",Panel,Panel,Nasca,,,7th century,600,700,Camelid hair,"38 x 91 in. (96.52 x 231.14 cm)
","Fletcher Fund, 1959",Textiles-Woven,Peru,,,,http://www.metmuseum.org/art/collection/search/308285,"Metropolitan Museum of Art, New York, NY",
308286,,True,"Arts of Africa, Oceania, and the Americas",Hanging,Hanging,Chimú,,,12th–15th century,1100,1500,"Cotton, camelid hair","46 1/8 x 28 1/2 in. (117.14 x 72.39 cm)
","Fletcher Fund, 1959",Textiles-Woven,Peru,,,,http://www.metmuseum.org/art/collection/search/308286,"Metropolitan Museum of Art, New York, NY",Human Figures
308287,,True,"Arts of Africa, Oceania, and the Americas",Tabard,Feathered Tabard,Chimú,,,15th–16th century,1400,1599,"Cotton, feathers",H. 30 × W. 25 in. (76.2 × 63.5 cm),"Fletcher Fund, 1959",Feathers-Costumes,Peru,,,,http://www.metmuseum.org/art/collection/search/308287,"Metropolitan Museum of Art, New York, NY",Birds
308290,,True,"Arts of Africa, Oceania, and the Americas",Panel,Fragment,Chancay,,,12th–14th century,1100,1400,"Cotton, camelid hair","Overall: 68 x 72 1/2 in. (172.72 x 184.15 cm)
Other: 68 in. (172.72 cm)","Rogers Fund, 1962",Textiles-Woven,Peru,,,,http://www.metmuseum.org/art/collection/search/308290,"Metropolitan Museum of Art, New York, NY",
308378,,True,"Arts of Africa, Oceania, and the Americas",Sampler with loom,Unfinished Sampler Panel on Loom,Peru; central coast (?),,,10th–15th century,900,1500,"Cotton, camelid hair, wood","Overall: 14 1/2 x 5 3/8 in. (36.83 x 13.67 cm)
Other: 5 3/8 in. (13.67 cm)","Rogers Fund, 1963",Textiles-Woven,Peru,,,,http://www.metmuseum.org/art/collection/search/308378,"Metropolitan Museum of Art, New York, NY",
308402,,True,"Arts of Africa, Oceania, and the Americas",Tunic,Feathered Tunic,Chimú,,,15th–early 17th century,1400,1650,"Cotton, feathers",H. 27 1/2 × W. 27 in. (69.9 × 68.6 cm),"Harris Brisbane Dick Fund, 1963",Feathers-Containers,Peru,,,,http://www.metmuseum.org/art/collection/search/308402,"Metropolitan Museum of Art, New York, NY",Birds
308417,,True,"Arts of Africa, Oceania, and the Americas",Bottle,Stirrup spout bottle with figure with llama headdress,Moche,,,3rd–6th century,200,600,"Ceramic, slip",H. 10 1/16 × W. 4 3/4 in. (25.6 × 12 cm),"Gift of Mrs. George Whitney, 1963",Ceramics-Containers,Peru,,,,http://www.metmuseum.org/art/collection/search/308417,"Metropolitan Museum of Art, New York, NY",Animals|Heads
308725,,True,"Arts of Africa, Oceania, and the Americas",Ornament,Copper Belt Fragment,Moche,,,1st–5th century,100,500,"Copper, silver gilt",H. 3 3/16 x W. 4 1/8 in. (8 x 10.5 cm),"Gift of Mr. and Mrs. Nathan Cummings, 1964",Metal-Ornaments,Peru,,,,http://www.metmuseum.org/art/collection/search/308725,"Metropolitan Museum of Art, New York, NY",Animals
308726,,True,"Arts of Africa, Oceania, and the Americas",Ornament,Copper Belt Fragment,Moche,,,1st–5th century,100,500,"Copper, silver gilt",H x W: 3 x 4 1/8 in. (7.6 x 10.5 cm),"Gift of Mr. and Mrs. Nathan Cummings, 1964",Metal-Ornaments,Peru,,,,http://www.metmuseum.org/art/collection/search/308726,"Metropolitan Museum of Art, New York, NY",Animals
308744,,True,"Arts of Africa, Oceania, and the Americas",Ornament,Textile Ornament,Chimú,,,14th–15th century,1300,1500,Silver,D.  1 3/8 in. (3.5 cm),"Gift of Mr. and Mrs. Nathan Cummings, 1964",Metal-Ornaments,Peru,,,,http://www.metmuseum.org/art/collection/search/308744,"Metropolitan Museum of Art, New York, NY",Fish
308745,,True,"Arts of Africa, Oceania, and the Americas",Ornament,Textile Ornament,Chimú,,,14th–15th century,1300,1500,Silver,D. 2 3/8 in. (6 cm),"Gift of Mr. and Mrs. Nathan Cummings, 1964",Metal-Ornaments,Peru,,,,http://www.metmuseum.org/art/collection/search/308745,"Metropolitan Museum of Art, New York, NY",Fish
308746,,True,"Arts of Africa, Oceania, and the Americas",Ornament,Textile Ornament,Chimú,,,14th–15th century,1300,1500,Silver,D.  2 1/8 in. (5.4 cm),"Gift of Mr. and Mrs. Nathan Cummings, 1964",Metal-Ornaments,Peru,,,,http://www.metmuseum.org/art/collection/search/308746,"Metropolitan Museum of Art, New York, NY",Fish
308747,,True,"Arts of Africa, Oceania, and the Americas",Ornament,Textile Ornament,Chimú,,,14th–15th century,1300,1500,Silver,D.  2 in. (5.1 cm),"Gift of Mr. and Mrs. Nathan Cummings, 1964",Metal-Ornaments,Peru,,,,http://www.metmuseum.org/art/collection/search/308747,"Metropolitan Museum of Art, New York, NY",Fish
308748,,True,"Arts of Africa, Oceania, and the Americas",Ornament,Textile Ornament,Chimú,,,14th–15th century,1300,1500,Silver,D.  1 1/2 in. (3.8 cm),"Gift of Mr. and Mrs. Nathan Cummings, 1964",Metal-Ornaments,Peru,,,,http://www.metmuseum.org/art/collection/search/308748,"Metropolitan Museum of Art, New York, NY",Fish
308749,,True,"Arts of Africa, Oceania, and the Americas",Ornament,Textile Ornament,Chimú,,,14th–15th century,1300,1500,Silver,D. 1 1/2 in. (3.8 cm),"Gift of Mr. and Mrs. Nathan Cummings, 1964",Metal-Ornaments,Peru,,,,http://www.metmuseum.org/art/collection/search/308749,"Metropolitan Museum of Art, New York, NY",Fish
308750,,True,"Arts of Africa, Oceania, and the Americas",Ornament,Textile Ornament,Chimú,,,14th–15th century,1300,1500,Silver,D.  1 3/8 in. (3.5 cm),"Gift of Mr. and Mrs. Nathan Cummings, 1964",Metal-Ornaments,Peru,,,,http://www.metmuseum.org/art/collection/search/308750,"Metropolitan Museum of Art, New York, NY",Fish
308751,,True,"Arts of Africa, Oceania, and the Americas",Ornament,Textile Ornament,Chimú,,,14th–15th century,1300,1500,Silver,D.  1 3/8 in. (3.5 cm),"Gift of Mr. and Mrs. Nathan Cummings, 1964",Metal-Ornaments,Peru,,,,http://www.metmuseum.org/art/collection/search/308751,"Metropolitan Museum of Art, New York, NY",Fish
308752,,True,"Arts of Africa, Oceania, and the Americas",Ornament,Textile Ornament,Chimú,,,14th–15th century,1300,1500,Silver,D.  1 3/8 in. (3.5 cm),"Gift of Mr. and Mrs. Nathan Cummings, 1964",Metal-Ornaments,Peru,,,,http://www.metmuseum.org/art/collection/search/308752,"Metropolitan Museum of Art, New York, NY",Fish
308753,,True,"Arts of Africa, Oceania, and the Americas",Ornament,Textile Ornament,Chimú,,,14th–15th century,1300,1500,Silver,D. 1 1/2 in. (3.8 cm),"Gift of Mr. and Mrs. Nathan Cummings, 1964",Metal-Ornaments,Peru,,,,http://www.metmuseum.org/art/collection/search/308753,"Metropolitan Museum of Art, New York, NY",Fish
308754,,True,"Arts of Africa, Oceania, and the Americas",Ornament,Textile Ornament,Chimú,,,14th–15th century,1300,1500,Silver,D.  2 3/8 in. (6 cm),"Gift of Mr. and Mrs. Nathan Cummings, 1964",Metal-Ornaments,Peru,,,,http://www.metmuseum.org/art/collection/search/308754,"Metropolitan Museum of Art, New York, NY",Fish
308755,,True,"Arts of Africa, Oceania, and the Americas",Ornament,Textile Ornament,Chimú,,,14th–15th century,1300,1500,Silver,D.  2 1/4 in. (5.7 cm),"Gift of Mr. and Mrs. Nathan Cummings, 1964",Metal-Ornaments,Peru,,,,http://www.metmuseum.org/art/collection/search/308755,"Metropolitan Museum of Art, New York, NY",Fish
308756,,True,"Arts of Africa, Oceania, and the Americas",Ornament,Textile Ornament,Chimú,,,14th–15th century,1300,1500,Silver,D.  2 1/4 in. (5.7 cm),"Gift of Mr. and Mrs. Nathan Cummings, 1964",Metal-Ornaments,Peru,,,,http://www.metmuseum.org/art/collection/search/308756,"Metropolitan Museum of Art, New York, NY",Fish
308757,,True,"Arts of Africa, Oceania, and the Americas",Ornament,Textile Ornament,Chimú,,,14th–15th century,1300,1500,Silver,D.  2 5/8 in. (6.7 cm),"Gift of Mr. and Mrs. Nathan Cummings, 1964",Metal-Ornaments,Peru,,,,http://www.metmuseum.org/art/collection/search/308757,"Metropolitan Museum of Art, New York, NY",Fish
308758,,True,"Arts of Africa, Oceania, and the Americas",Ornament,Textile Ornament,Chimú,,,14th–15th century,1300,1500,Silver,D.  2 5/8 in. (6.7 cm),"Gift of Mr. and Mrs. Nathan Cummings, 1964",Metal-Ornaments,Peru,,,,http://www.metmuseum.org/art/collection/search/308758,"Metropolitan Museum of Art, New York, NY",Fish
308759,,True,"Arts of Africa, Oceania, and the Americas",Ornament,Textile Ornament,Chimú (?),,,14th–15th century,1300,1500,Silver,D. 1 1/4 in. (3.2 cm),"Gift of Mr. and Mrs. Nathan Cummings, 1964",Metal-Ornaments,Peru,,,,http://www.metmuseum.org/art/collection/search/308759,"Metropolitan Museum of Art, New York, NY",Fish
308760,,True,"Arts of Africa, Oceania, and the Americas",Ornament,Textile Ornament,Chimú,,,14th–15th century,1300,1500,Silver,D.  1 3/4 in. (4.4 cm),"Gift of Mr. and Mrs. Nathan Cummings, 1964",Metal-Ornaments,Peru,,,,http://www.metmuseum.org/art/collection/search/308760,"Metropolitan Museum of Art, New York, NY",Fish
308761,,True,"Arts of Africa, Oceania, and the Americas",Ornament,Textile Ornament,Chimú,,,14th–15th century,1300,1500,Silver,D.  2 1/4 in. (5.7 cm),"Gift of Mr. and Mrs. Nathan Cummings, 1964",Metal-Ornaments,Peru,,,,http://www.metmuseum.org/art/collection/search/308761,"Metropolitan Museum of Art, New York, NY",Fish
308771,,True,"Arts of Africa, Oceania, and the Americas",Panel,Plain Panel with Sewn Silverfish and Danglers,Central coast (?),,,11th–13th century,1000,1300,"Cotton, silver",H. (including danglers) 13 × W. (at top band) 34 1/2 in. (33 × 87.6 cm),"Gift of Mr. and Mrs. Nathan Cummings, 1964",Textiles-Woven,Peru,,,,http://www.metmuseum.org/art/collection/search/308771,"Metropolitan Museum of Art, New York, NY",Fish
308856,,True,"Arts of Africa, Oceania, and the Americas",Needle,Hammered Copper Needle,Peru; north coast (?),,,1st–mid-16th century,100,1570,Copper,Length 4-3/16 in. (10.7 cm),"Gift of Mr. and Mrs. Nathan Cummings, 1964",Textiles-Implements,Peru,,,,http://www.metmuseum.org/art/collection/search/308856,"Metropolitan Museum of Art, New York, NY",
308857,,True,"Arts of Africa, Oceania, and the Americas",Needle,Hammered Copper Needle,Peru; north coast (?),,,1st–mid-16th century,100,1570,Copper,Length 3-1/2 in. (9 cm),"Gift of Mr. and Mrs. Nathan Cummings, 1964",Textiles-Implements,Peru,,,,http://www.metmuseum.org/art/collection/search/308857,"Metropolitan Museum of Art, New York, NY",
308878,,True,"Arts of Africa, Oceania, and the Americas",Needle,Hammered Copper Needle,Peru; north coast (?),,,1st–mid-16th century,100,1570,Copper,Length 4 in. (10.2 cm),"Gift of Mr. and Mrs. Nathan Cummings, 1964",Textiles-Implements,Peru,,,,http://www.metmuseum.org/art/collection/search/308878,"Metropolitan Museum of Art, New York, NY",
308900,,True,"Arts of Africa, Oceania, and the Americas",Ornament,Hammered Gold Band,Peruvian,,,200–900 CE,200,900,Gold (hammered),H x W: 2 13/16 x 5/16in. (7.1 x 0.8cm),"Gift of Mr. and Mrs. Nathan Cummings, 1964",Metal-Ornaments,Peru,,,,http://www.metmuseum.org/art/collection/search/308900,"Metropolitan Museum of Art, New York, NY",
308901,,True,"Arts of Africa, Oceania, and the Americas",Ornament,Hammered Gold Half Band,Peruvian,,,200–900 CE,200,900,Gold (hammered),H x W: 2 5/8 x 5/16in. (6.6 x 0.8cm),"Gift of Mr. and Mrs. Nathan Cummings, 1964",Metal-Ornaments,Peru,,,,http://www.metmuseum.org/art/collection/search/308901,"Metropolitan Museum of Art, New York, NY",
308903,,True,"Arts of Africa, Oceania, and the Americas",Ornament,Hammered Gold Band with Bells,Peru; north coast (?),,,1st–mid-16th century,100,1570,Gold (hammered),Height 1-1/2 in.,"Gift of Mr. and Mrs. Nathan Cummings, 1964",Metal-Ornaments,Peru,,,,http://www.metmuseum.org/art/collection/search/308903,"Metropolitan Museum of Art, New York, NY",
308904,,True,"Arts of Africa, Oceania, and the Americas",Ornament,Hammered Gold Band with Bells,Peru; north coast (?),,,1st–mid-16th century,100,1570,Gold (hammered),Height 1-1/2 in.,"Gift of Mr. and Mrs. Nathan Cummings, 1964",Metal-Ornaments,Peru,,,,http://www.metmuseum.org/art/collection/search/308904,"Metropolitan Museum of Art, New York, NY",Bells
308905,,True,"Arts of Africa, Oceania, and the Americas",Ornament,Hammered Gold Band with Bells,Peru; north coast (?),,,1st–mid-16th century,100,1570,Gold (hammered),Height 1-3/16 in.,"Gift of Mr. and Mrs. Nathan Cummings, 1964",Metal-Ornaments,Peru,,,,http://www.metmuseum.org/art/collection/search/308905,"Metropolitan Museum of Art, New York, NY",
308906,,True,"Arts of Africa, Oceania, and the Americas",Ornament,Hammered Gold Band with Bells,Peru; north coast (?),,,1st–mid-16th century,100,1570,Gold (hammered),Height 1-3/8 in.,"Gift of Mr. and Mrs. Nathan Cummings, 1964",Metal-Ornaments,Peru,,,,http://www.metmuseum.org/art/collection/search/308906,"Metropolitan Museum of Art, New York, NY",Musical Instruments
309047,,True,"Arts of Africa, Oceania, and the Americas",Crown base,Hammered Silver Miniature Crown,Peru; north or central coast (?),,,11th–mid-16th century,1000,1600,"Copper (hammered), cloth","Height: 2in. (5.1cm)
Diameter: 2 3/8in. (6.1cm)","Gift of Mr. and Mrs. Nathan Cummings, 1964",Metal-Ornaments,Peru,,,,http://www.metmuseum.org/art/collection/search/309047,"Metropolitan Museum of Art, New York, NY",
309090,,True,"Arts of Africa, Oceania, and the Americas",Ornament,Hammered Copper Band,Peruvian,,,1450–1530 CE,1450,1530,Copper (hammered),Diameter 2-5/8 in. (6.6 cm),"Gift of Mr. and Mrs. Nathan Cummings, 1964",Metal-Ornaments,Peru,,,,http://www.metmuseum.org/art/collection/search/309090,"Metropolitan Museum of Art, New York, NY",
309091,,True,"Arts of Africa, Oceania, and the Americas",Ornament,Hammered Copper Band,Peruvian,,,1450–1530 CE,1450,1530,Copper (hammered),Diameter 3 in. (7.6 cm),"Gift of Mr. and Mrs. Nathan Cummings, 1964",Metal-Ornaments,Peru,,,,http://www.metmuseum.org/art/collection/search/309091,"Metropolitan Museum of Art, New York, NY",
309092,,True,"Arts of Africa, Oceania, and the Americas",Ornament,Hammered Copper Band,Peruvian,,,1450–1530 CE,1450,1530,Copper (hammered),Diameter 3-3/16 in. (8.1 cm),"Gift of Mr. and Mrs. Nathan Cummings, 1964",Metal-Ornaments,Peru,,,,http://www.metmuseum.org/art/collection/search/309092,"Metropolitan Museum of Art, New York, NY",
309093,,True,"Arts of Africa, Oceania, and the Americas",Ornament,Hammered Copper Band,Peruvian,,,1450–1530 CE,1450,1530,Copper (hammered),Diameter 3-3/8 in. (8.6 cm),"Gift of Mr. and Mrs. Nathan Cummings, 1964",Metal-Ornaments,Peru,,,,http://www.metmuseum.org/art/collection/search/309093,"Metropolitan Museum of Art, New York, NY",
309094,,True,"Arts of Africa, Oceania, and the Americas",Ornament,Hammered Copper Band,Peruvian,,,1450–1530 CE,1450,1530,Copper (hammered),Diameter 6-13/16 in.(17.4cm),"Gift of Mr. and Mrs. Nathan Cummings, 1964",Metal-Ornaments,Peru,,,,http://www.metmuseum.org/art/collection/search/309094,"Metropolitan Museum of Art, New York, NY",
309103,,True,"Arts of Africa, Oceania, and the Americas",Needle,Hammered Copper Needle,Peru; north coast (?),,,1st–mid-16th century,100,1570,Copper,Length 4 in. (10.1 cm),"Gift of Mr. and Mrs. Nathan Cummings, 1964",Textiles-Implements,Peru,,,,http://www.metmuseum.org/art/collection/search/309103,"Metropolitan Museum of Art, New York, NY",
309257,,True,"Arts of Africa, Oceania, and the Americas",Bobbin,Bone Weaving Bobbin,Peru; north coast (?),,,8th–mid-16th century,700,1580,Bone,L. 4 1/2 in. (11.4 cm),"Gift of Mr. and Mrs. Nathan Cummings, 1964",Textiles-Implements,Peru,,,,http://www.metmuseum.org/art/collection/search/309257,"Metropolitan Museum of Art, New York, NY",
309258,,True,"Arts of Africa, Oceania, and the Americas",Bobbin,Bone Weaving Bobbin,Peru; north coast (?),,,8th–mid-16th century,700,1580,Bone,L. 5 5/8 in. (14.3 cm),"Gift of Mr. and Mrs. Nathan Cummings, 1964",Textiles-Implements,Peru,,,,http://www.metmuseum.org/art/collection/search/309258,"Metropolitan Museum of Art, New York, NY",
309259,,True,"Arts of Africa, Oceania, and the Americas",Bobbin,Bone Weaving Bobbin,Peru; north coast (?),,,8th–mid-16th century,700,1580,Bone,L. 5 1/2 in. (14 cm),"Gift of Mr. and Mrs. Nathan Cummings, 1964",Textiles-Implements,Peru,,,,http://www.metmuseum.org/art/collection/search/309259,"Metropolitan Museum of Art, New York, NY",
309260,,True,"Arts of Africa, Oceania, and the Americas",Bobbin,Bone Weaving Bobbin,Peru; north coast (?),,,8th–mid-16th century,700,1580,Bone,L. 5 3/4 in. (14.6 cm),"Gift of Mr. and Mrs. Nathan Cummings, 1964",Textiles-Implements,Peru,,,,http://www.metmuseum.org/art/collection/search/309260,"Metropolitan Museum of Art, New York, NY",
309261,,True,"Arts of Africa, Oceania, and the Americas",Bobbin,Bone Weaving Bobbin,Peru; north coast (?),,,8th–mid-16th century,700,1580,Bone,L. 4 1/2 in. (11.4 cm),"Gift of Mr. and Mrs. Nathan Cummings, 1964",Textiles-Implements,Peru,,,,http://www.metmuseum.org/art/collection/search/309261,"Metropolitan Museum of Art, New York, NY",
309262,,True,"Arts of Africa, Oceania, and the Americas",Bobbin,Bone Weaving Bobbin,Peru; north coast (?),,,8th–mid-16th century,700,1580,Bone,L. 5 3/4 in. (14.6 cm),"Gift of Mr. and Mrs. Nathan Cummings, 1964",Textiles-Implements,Peru,,,,http://www.metmuseum.org/art/collection/search/309262,"Metropolitan Museum of Art, New York, NY",
309263,,True,"Arts of Africa, Oceania, and the Americas",Bobbin,Bone Weaving Bobbin,Peru; north coast (?),,,8th–mid-16th century,700,1580,Bone,L. 4 3/4 in. (12.1 cm),"Gift of Mr. and Mrs. Nathan Cummings, 1964",Textiles-Implements,Peru,,,,http://www.metmuseum.org/art/collection/search/309263,"Metropolitan Museum of Art, New York, NY",
309264,,True,"Arts of Africa, Oceania, and the Americas",Bobbin,Bone Weaving Bobbin,Peru; north coast (?),,,8th–mid-16th century,700,1580,Bone,L. 4 5/8 in. (11.7 cm),"Gift of Mr. and Mrs. Nathan Cummings, 1964",Textiles-Implements,Peru,,,,http://www.metmuseum.org/art/collection/search/309264,"Metropolitan Museum of Art, New York, NY",
309265,,True,"Arts of Africa, Oceania, and the Americas",Bobbin,Bone Weaving Bobbin,Peru; north coast (?),,,8th–mid-16th century,700,1580,Bone,L. 4 1/8 in. (10.5 cm),"Gift of Mr. and Mrs. Nathan Cummings, 1964",Textiles-Implements,Peru,,,,http://www.metmuseum.org/art/collection/search/309265,"Metropolitan Museum of Art, New York, NY",
309266,,True,"Arts of Africa, Oceania, and the Americas",Bobbin,Bone Weaving Bobbin,Peru; north coast (?),,,8th–mid-16th century,700,1580,Bone,L. 4 1/2 in. (11.4 cm),"Gift of Mr. and Mrs. Nathan Cummings, 1964",Textiles-Implements,Peru,,,,http://www.metmuseum.org/art/collection/search/309266,"Metropolitan Museum of Art, New York, NY",
309267,,True,"Arts of Africa, Oceania, and the Americas",Bobbin,Bone Weaving Bobbin,Peru; north coast (?),,,8th–mid-16th century,700,1580,Bone,L. 5 1/4 in. (13.3 cm),"Gift of Mr. and Mrs. Nathan Cummings, 1964",Textiles-Implements,Peru,,,,http://www.metmuseum.org/art/collection/search/309267,"Metropolitan Museum of Art, New York, NY",
309272,,True,"Arts of Africa, Oceania, and the Americas",Spindle,Wooden Spindle,Peruvian,,,before 16th century,1200,1600,Wood,L. 10 3/4 × Diam. 3/16 in. (27.3 × 0.5 cm),"Gift of Mr. and Mrs. Nathan Cummings, 1964",Textiles-Implements,Peru,,,,http://www.metmuseum.org/art/collection/search/309272,"Metropolitan Museum of Art, New York, NY",
309273,,True,"Arts of Africa, Oceania, and the Americas",Weaving tool,Wooden Weaving Tool,Peruvian,,,before 16th century,1200,1600,Wood,L. 6 1/2 × Diam. 3/8 in. (16.5 × 1 cm),"Gift of Mr. and Mrs. Nathan Cummings, 1964",Wood-Implements,Peru,,,,http://www.metmuseum.org/art/collection/search/309273,"Metropolitan Museum of Art, New York, NY",
309275,,True,"Arts of Africa, Oceania, and the Americas",Spindle (?),Wooden Spindle (?),Peruvian,,,before 16th century,1200,1600,Wood,L. 11 1/2 × Diam. 11/16 in. (29.2 × 1.7 cm),"Gift of Mr. and Mrs. Nathan Cummings, 1964",Textiles-Implements,Peru,,,,http://www.metmuseum.org/art/collection/search/309275,"Metropolitan Museum of Art, New York, NY",
309276,,True,"Arts of Africa, Oceania, and the Americas",Loom bar,Wooden Loom Bar,Peruvian,,,before 16th century,1200,1600,Wood,H. 6 5/16 × W. 9/16 in. (16 × 1.4 cm),"Gift of Mr. and Mrs. Nathan Cummings, 1964",Textiles-Implements,Peru,,,,http://www.metmuseum.org/art/collection/search/309276,"Metropolitan Museum of Art, New York, NY",
309277,,True,"Arts of Africa, Oceania, and the Americas",Loom bar,Wooden Loom Bar,Peruvian,,,before 16th century,1200,1600,Wood,H. 6 1/8 × W. 9/16 in. (15.6 × 1.4 cm),"Gift of Mr. and Mrs. Nathan Cummings, 1964",Textiles-Implements,Peru,,,,http://www.metmuseum.org/art/collection/search/309277,"Metropolitan Museum of Art, New York, NY",
309278,,True,"Arts of Africa, Oceania, and the Americas",Weaving tool,Wooden Weaving Sword,Peruvian,,,before 16th century,1200,1600,Wood,H. 6 3/8 × W. 7/8 in. (16.2 × 2.2 cm),"Gift of Mr. and Mrs. Nathan Cummings, 1964",Wood-Implements,Peru,,,,http://www.metmuseum.org/art/collection/search/309278,"Metropolitan Museum of Art, New York, NY",
309279,,True,"Arts of Africa, Oceania, and the Americas",Weaving tool,Wooden Weaving Tool,Peru; north or central coast (?),,,8th–mid-16th century,700,1580,Wood,H. 8 1/8 × W. 15/16 in. (20.6 × 2.3 cm),"Gift of Mr. and Mrs. Nathan Cummings, 1964",Wood-Implements,Peru,,,,http://www.metmuseum.org/art/collection/search/309279,"Metropolitan Museum of Art, New York, NY",
309282,,True,"Arts of Africa, Oceania, and the Americas",Baton,Baton (?),Peruvian,,,before 16th century,1200,1600,"Wood, wool",L. 19 3/16 × Diam. 13/16 in. (48.7 × 2.1 cm),"Gift of Mr. and Mrs. Nathan Cummings, 1964",Wood-Implements,Peru,,,,http://www.metmuseum.org/art/collection/search/309282,"Metropolitan Museum of Art, New York, NY",
309283,,False,"Arts of Africa, Oceania, and the Americas",Panel,Square Panel with Tassels,Chimú,,,12th–15th century,1100,1500,Cotton,Length 22-1/4 in. (56.5 cm),"Gift of Mr. and Mrs. Nathan Cummings, 1964",Textiles-Woven,Peru,,,,http://www.metmuseum.org/art/collection/search/309283,"Metropolitan Museum of Art, New York, NY",
309501,,True,"Arts of Africa, Oceania, and the Americas",Bottle,"Bottle, Figure Showing Tunic",Moche,,,1st–3rd century,100,300,"Ceramic, pigment",H. 7 3/8 x W. 5 5/8 in. (18.7 x 14.3 cm),"Gift of Nathan Cummings, 1967",Ceramics-Containers,Peru,,,,http://www.metmuseum.org/art/collection/search/309501,"Metropolitan Museum of Art, New York, NY",Human Figures
309502,,True,"Arts of Africa, Oceania, and the Americas",Bottle,"Bottle, Figure Showing Tunic",Moche,,,1st–3rd century,100,300,"Ceramic, pigment",H. 7 1/2 x W. 6 1/4 in. (19.1 x 15.9 cm),"Gift of Nathan Cummings, 1967",Ceramics-Containers,Peru,,,,http://www.metmuseum.org/art/collection/search/309502,"Metropolitan Museum of Art, New York, NY",Human Figures
309528,,True,"Arts of Africa, Oceania, and the Americas",Band,Band,Inca,,,15th–16th century,1400,1600,Camelid hair,H.24 1/2 x W. 85 3/4 in. (62.2 x 217.8 cm),"Gift of Nathan Cummings, 1968",Textiles-Woven,Peru,,,,http://www.metmuseum.org/art/collection/search/309528,"Metropolitan Museum of Art, New York, NY",
309548,,True,"Arts of Africa, Oceania, and the Americas",Tunic,Feathered Tunic,Chimú,,,15th–early 17th century,1400,1650,"Cotton, feathers",H. 25 in. (63.5 cm),"Gift of H. L. Bache Foundation, 1969",Feathers-Costumes,Peru,,,,http://www.metmuseum.org/art/collection/search/309548,"Metropolitan Museum of Art, New York, NY",Birds
309558,,True,"Arts of Africa, Oceania, and the Americas",Panel Fragment,Woven Panel Fragment,Peru; central coast (?),,,14th century,1300,1400,"Cotton, paint",H x W: 32 x 23 3/4 in. (81.3 x 60.3 cm),"Gift of Mr. Robert Kopple, 1969",Textiles-Woven,Peru,,,,http://www.metmuseum.org/art/collection/search/309558,"Metropolitan Museum of Art, New York, NY",
309757,,True,"Arts of Africa, Oceania, and the Americas",Jar,Tall Jar with Crosshatch Designs,Nasca,,,1st–6th century,100,600,"Ceramic, pigment",H. 6 1/8 × Diam. 4 1/8 in. (15.6 × 10.5 cm),"Gift of Dr. and Mrs. Howard Russell Hartman, 1970",Ceramics-Containers,Peru,,,,http://www.metmuseum.org/art/collection/search/309757,"Metropolitan Museum of Art, New York, NY",
309761,,True,"Arts of Africa, Oceania, and the Americas",Tunic fragment,Tunic Fragment,Wari,,,7th–9th century,600,900,"Camelid hair, cotton",H.7 7/8 x 10 5/8 in. (20 x 27 cm),"Gift of Dr. and Mrs. Howard Russell Hartman, 1970",Textiles-Woven,Peru,,,,http://www.metmuseum.org/art/collection/search/309761,"Metropolitan Museum of Art, New York, NY",
309762,,True,"Arts of Africa, Oceania, and the Americas",Bag,Bag with Tassels,Peruvian,,,8th–16th century,700,1600,"Camelid hair, cotton",H x W: 6 x 8in. (15.2 x 20.3cm),"Gift of Dr. and Mrs. Howard Russell Hartman, 1970",Textiles-Woven,Peru,,,,http://www.metmuseum.org/art/collection/search/309762,"Metropolitan Museum of Art, New York, NY",
309960,,True,"Arts of Africa, Oceania, and the Americas",Figure,Camelid figurine,Inca,,,1400–1533,1400,1533,"Alloys of silver, gold and copper",H. 2 × W. 1 1/2 × D. 1/2 in. (5.1 × 3.8 × 1.3 cm),"Gift and Bequest of Alice K. Bache, 1974, 1977",Metalwork-Sculpture,"Ecuador, Peru, Bolivia, Chile, or Argentina",,,,http://www.metmuseum.org/art/collection/search/309960,"Metropolitan Museum of Art, New York, NY",Animals
310058,,True,"Arts of Africa, Oceania, and the Americas",Panel fragment,Embroidered Panel with Figure,Chimú,,,12th–15th century,1100,1500,"Cotton, camelid hair",H. 37 × W. 59 3/4 in. (94 × 151.8 cm),"The Michael C. Rockefeller Memorial Collection, Gift of John Wise, 1956",Textiles-Woven,Peru,,,,http://www.metmuseum.org/art/collection/search/310058,"Metropolitan Museum of Art, New York, NY",Birds
310059,,True,"Arts of Africa, Oceania, and the Americas",Panel,Painted Woven Panel,Chancay,,,7th–9th century,600,900,"Cotton, paint",H. 47 3/4 x W. 53 in. (121.3 x 134.6 cm),"The Michael C. Rockefeller Memorial Collection, Gift of John Wise, 1956",Textiles-Woven,Peru,,,,http://www.metmuseum.org/art/collection/search/310059,"Metropolitan Museum of Art, New York, NY",Human Figures
310191,,True,"Arts of Africa, Oceania, and the Americas",Tunic,Tunic,Central Coast (?),,,12th–15th century,1100,1500,"Camelid hair, cotton",H. 50 x W. 18 in. (127 x 45.7 cm),"Gift of Arthur M. Bullowa, 1976",Textiles-Woven,Peru,,,,http://www.metmuseum.org/art/collection/search/310191,"Metropolitan Museum of Art, New York, NY",Human Figures
310308,,True,"Arts of Africa, Oceania, and the Americas",Lime container,Lime container in the shape of a captive,Wari,,,650–1000 CE,650,1000,"Wood, bone inlay, paint, fiber",H. 3 in. × W. 1 1/2 in. × D. 1 1/2 in. (7.6 × 3.8 × 3.8 cm),"Purchase, Rogers Fund and Carol R. Meyer and Arthur M. Bullowa Gifts, 1977",Wood-Containers,Peru,,,,http://www.metmuseum.org/art/collection/search/310308,"Metropolitan Museum of Art, New York, NY",Prisoners
310450,,True,"Arts of Africa, Oceania, and the Americas",Bag,Tapestry Bag,Nasca,,,7th century,600,700,"Camelid hair, cotton (warp, cotton; weft, wool)",H x W: 16 1/16 x 14 3/8in. (40.8 x 36.5cm),"Gift of Arthur M. Bullowa, 1977",Textiles-Woven,Peru,,,,http://www.metmuseum.org/art/collection/search/310450,"Metropolitan Museum of Art, New York, NY",
310451,,True,"Arts of Africa, Oceania, and the Americas",Bag,Bag,Nasca,,,7th century,600,700,"Camelid hair, cotton",H.  7 1/4 x  W. 13 3/8 in. (18.4 x 34 cm),"Gift of Arthur M. Bullowa, 1977",Textiles-Woven,Peru,,,,http://www.metmuseum.org/art/collection/search/310451,"Metropolitan Museum of Art, New York, NY",
310463,,True,"Arts of Africa, Oceania, and the Americas",Headdress,Feathered Headdress,Chimú,,,15th–early 17th century,1400,1620,"Feathers, cotton, rope","H. 33 1/2 x Diam. 14 1/2 in. (85.1 x 36.8 cm)
","The Michael C. Rockefeller Memorial Collection, Purchase, Nelson A. Rockefeller Gift, 1955",Feathers-Costumes,Peru,,,,http://www.metmuseum.org/art/collection/search/310463,"Metropolitan Museum of Art, New York, NY",
310476,,True,"Arts of Africa, Oceania, and the Americas",Tunic,Feathered Tabard,Inca,,,13th–14th century,1200,1400,"Cotton, feathers",w. 49 x H. 44 1/2 in. (124.5 x 113 cm),"The Michael C. Rockefeller Memorial Collection, Gift of John Wise, 1956",Feathers-Costumes,Peru,,,,http://www.metmuseum.org/art/collection/search/310476,"Metropolitan Museum of Art, New York, NY",Animals|Human Figures
310503,,True,"Arts of Africa, Oceania, and the Americas",Ornament,Feathered Ornament,Central or south coast (?),,,11th–15th century (?),1000,1500,"Feathers, vegetable fiber, cotton",H. 11 x W. 9 1/2 in. (27.9 x 24.1 cm),"The Michael C. Rockefeller Memorial Collection, Gift of Miss Amalia M. de Schulthess, 1960",Feathers-Ornaments,Peru,,,,http://www.metmuseum.org/art/collection/search/310503,"Metropolitan Museum of Art, New York, NY",
310504,,True,"Arts of Africa, Oceania, and the Americas",Ornament,Feathered Ornament,Central or south coast (?),,,11th–15th century (?),1000,1500,"Feathers, vegetable fiber, cotton",H x W: 9 3/4 x 8 1/2in. (24.8 x 21.6cm),"The Michael C. Rockefeller Memorial Collection, Gift of Miss Amalia M. de Schulthess, 1960",Feathers-Ornaments,Peru,,,,http://www.metmuseum.org/art/collection/search/310504,"Metropolitan Museum of Art, New York, NY",
310505,,True,"Arts of Africa, Oceania, and the Americas",Ornament,Feathered Ornament,Central or south coast (?),,,11th–15th century (?),1000,1500,"Feathers, vegetable fiber, cotton",H x W: 8 x 5 1/2in. (20.3 x 14cm),"The Michael C. Rockefeller Memorial Collection, Gift of Miss Amalia M. de Schulthess, 1960",Feathers-Ornaments,Peru,,,,http://www.metmuseum.org/art/collection/search/310505,"Metropolitan Museum of Art, New York, NY",
310506,,True,"Arts of Africa, Oceania, and the Americas",Ornament,Feathered Ornament,Central or south coast (?),,,11th–15th century (?),1000,1500,"Feathers, vegetable fiber, cotton",H x W: 8 7/8 x 6in. (22.5 x 15.2cm),"The Michael C. Rockefeller Memorial Collection, Gift of Miss Amalia M. de Schulthess, 1960",Feathers-Ornaments,Peru,,,,http://www.metmuseum.org/art/collection/search/310506,"Metropolitan Museum of Art, New York, NY",
310507,,True,"Arts of Africa, Oceania, and the Americas",Ornament,Feathered Ornament,Central or south coast (?),,,11th–15th century (?),1000,1500,"Feathers, vegetable fiber, cotton",H x W: 8 3/8 x 5 1/2in. (21.3 x 14cm),"The Michael C. Rockefeller Memorial Collection, Gift of Miss Amalia M. de Schulthess, 1960",Feathers-Ornaments,Peru,,,,http://www.metmuseum.org/art/collection/search/310507,"Metropolitan Museum of Art, New York, NY",
310511,,True,"Arts of Africa, Oceania, and the Americas",Mantle fragment,Mantle Fragment,Paracas,,,6th–5th century BCE,-600,-400,"Cotton, pigment",H. 21 x W. 70 1/2 in. (53.3 x 179.1 cm),"The Michael C. Rockefeller Memorial Collection, Purchase, Nelson A. Rockefeller Gift, 1960",Textiles-Woven,Peru,Ica Valley,,,http://www.metmuseum.org/art/collection/search/310511,"Metropolitan Museum of Art, New York, NY",
310530,,True,"Arts of Africa, Oceania, and the Americas",Border fragment,Border Fragment,Nasca,,,3rd–2nd century BCE,-300,-100,"Camelid hair, cotton",H x W: 5 1/2 x 100 in. (14 x 254 cm),"The Michael C. Rockefeller Memorial Collection, Purchase, Nelson A. Rockefeller Gift, 1961",Textiles-Woven,Peru,,,,http://www.metmuseum.org/art/collection/search/310530,"Metropolitan Museum of Art, New York, NY",Human Figures
310695,,True,"Arts of Africa, Oceania, and the Americas",Headband,Openwork Headband,Chancay,,,12th–15th century,1100,1500,Cotton,H. 61 1/2 x W. 90 1/2 in. (156.2 x 229.9 cm),"The Michael C. Rockefeller Memorial Collection, Gift of Arthur M. Bullowa, 1975",Textiles-Non-Woven,Peru,,,,http://www.metmuseum.org/art/collection/search/310695,"Metropolitan Museum of Art, New York, NY",
310696,,True,"Arts of Africa, Oceania, and the Americas",Headband,Openwork Headband,Chancay,,,12th–15th century,1100,1500,Cotton,H. 35 3/4 x W. 36 in. (90.8 x 91.4 cm),"The Michael C. Rockefeller Memorial Collection, Gift of Arthur M. Bullowa, 1973",Textiles-Non-Woven,Peru,,,,http://www.metmuseum.org/art/collection/search/310696,"Metropolitan Museum of Art, New York, NY",
310697,,True,"Arts of Africa, Oceania, and the Americas",Headband,Openwork Headband,Chancay,,,12th–15th century,1100,1500,Cotton,H. 41 5/8 x W. 31 7/8 in. (105.7 x 81 cm),"The Michael C. Rockefeller Memorial Collection, Gift of Arthur M. Bullowa, 1973",Textiles-Non-Woven,Peru,,,,http://www.metmuseum.org/art/collection/search/310697,"Metropolitan Museum of Art, New York, NY",
310698,,True,"Arts of Africa, Oceania, and the Americas",Headband,Openwork Headband,Chancay,,,12th–15th century,1100,1500,Cotton,H x W: 24 3/4 x 23 1/2in. (62.9 x 59.7cm),"The Michael C. Rockefeller Memorial Collection, Gift of Arthur M. Bullowa, 1973",Textiles-Non-Woven,Peru,,,,http://www.metmuseum.org/art/collection/search/310698,"Metropolitan Museum of Art, New York, NY",
310699,,True,"Arts of Africa, Oceania, and the Americas",Headband,Openwork Headband,Chancay,,,10th–14th century,900,1400,Cotton,H x W: 29 3/4 x 28 1/4 in. (75.6 x 71.8 cm),"The Michael C. Rockefeller Memorial Collection, Gift of Arthur M. Bullowa, 1973",Textiles-Non-Woven,Peru,,,,http://www.metmuseum.org/art/collection/search/310699,"Metropolitan Museum of Art, New York, NY",
310700,,True,"Arts of Africa, Oceania, and the Americas",Headband,Openwork Headband,Chancay,,,12th–15th century,1100,1500,Cotton,H x W: 34 1/4 x 32 1/4in. (87 x 81.9cm),"The Michael C. Rockefeller Memorial Collection, Gift of Arthur M. Bullowa, 1974",Textiles-Non-Woven,Peru,,,,http://www.metmuseum.org/art/collection/search/310700,"Metropolitan Museum of Art, New York, NY",
310701,,True,"Arts of Africa, Oceania, and the Americas",Mantle,Mantle Fragment,Wari,,,9th–10th century,800,1000,"Cotton, camelid hair",H. 71 1/2 x W. 74 1/2 in. (181.6 x 189.2 cm),"The Michael C. Rockefeller Memorial Collection, Gift of Arthur M. Bullowa, 1973",Textiles-Woven,Peru,,,,http://www.metmuseum.org/art/collection/search/310701,"Metropolitan Museum of Art, New York, NY",Birds
310718,,True,"Arts of Africa, Oceania, and the Americas",Headband,Openwork Headband,Chancay,,,12th–15th century,1100,1500,Cotton,H x W: 28 3/4 x 29 3/16 in. (73 x 74.2 cm),"The Michael C. Rockefeller Memorial Collection, Gift of Arthur M. Bullowa, 1975",Textiles-Non-Woven,Peru,,,,http://www.metmuseum.org/art/collection/search/310718,"Metropolitan Museum of Art, New York, NY",
310719,,True,"Arts of Africa, Oceania, and the Americas",Headband,Openwork Headband,Chancay,,,12th–15th century,1100,1500,Cotton,H x W: 28 3/4 x 29 1/2 in. (73 x 74.9 cm),"The Michael C. Rockefeller Memorial Collection, Gift of Arthur M. Bullowa, 1975",Textiles-Non-Woven,Peru,,,,http://www.metmuseum.org/art/collection/search/310719,"Metropolitan Museum of Art, New York, NY",
312167,,True,"Arts of Africa, Oceania, and the Americas",Bag,Bag,Nasca,,,7th century,600,700,"Camelid hair, cotton",H x W: 13 x 11in. (33 x 27.9cm),"Gift of Arthur M. Bullowa, 1979",Textiles-Woven,Peru,,,,http://www.metmuseum.org/art/collection/search/312167,"Metropolitan Museum of Art, New York, NY",Animals
312244,,True,"Arts of Africa, Oceania, and the Americas",Panel,Feathered Panel,Wari,,,600–900 CE,600,900,"Feathers, cotton, camelid hair",H. 27 x W. 82 3/4 in. (68.58 x 210.19 cm),"The Michael C. Rockefeller Memorial Collection, Bequest of Nelson A. Rockefeller, 1979",Textiles-Featherwork,Peru,Churunga Valley,,,http://www.metmuseum.org/art/collection/search/312244,"Metropolitan Museum of Art, New York, NY",
312245,,True,"Arts of Africa, Oceania, and the Americas",Panel,Feathered Panel,Wari,,,600–900 CE,600,900,"Feathers, cotton, camelid hair",H. 29 7/8 x W. 87 1/4 in. (75.9 x 2221.6 cm),"The Michael C. Rockefeller Memorial Collection, Bequest of Nelson A. Rockefeller, 1979",Textiles-Featherwork,Peru,Churunga Valley,,,http://www.metmuseum.org/art/collection/search/312245,"Metropolitan Museum of Art, New York, NY",
312246,,True,"Arts of Africa, Oceania, and the Americas",Miniature dress,Miniature Dress,Ica,,,12th–13th century,1100,1300,"Cotton, feathers",W. 8 7/8 × H. 9 1/2 in. (22.5 × 24.1 cm),"The Michael C. Rockefeller Memorial Collection, Bequest of Nelson A. Rockefeller, 1979",Textiles-Featherwork,Peru,Ica Valley,,,http://www.metmuseum.org/art/collection/search/312246,"Metropolitan Museum of Art, New York, NY",
312247,,True,"Arts of Africa, Oceania, and the Americas",Miniature dress,Miniature Dress,Ica,,,12th–13th century,1100,1300,"Cotton, feathers",H. 10 1/2 x W. 8 3/4 in. (26.7 x 22.2 cm),"The Michael C. Rockefeller Memorial Collection, Bequest of Nelson A. Rockefeller, 1979",Textiles-Featherwork,Peru,Ica Valley,,,http://www.metmuseum.org/art/collection/search/312247,"Metropolitan Museum of Art, New York, NY",
312248,,True,"Arts of Africa, Oceania, and the Americas",Ornament,Textile ornament,Nasca,,,100 BCE–700 CE,-100,700,Gold,H. 3 1/2 × W. 3 5/8 × D. 1/4 in. (8.9 × 9.2 × 0.6 cm),"The Michael C. Rockefeller Memorial Collection, Bequest of Nelson A. Rockefeller, 1979",Metal-Ornaments,Peru,South Coast,,,http://www.metmuseum.org/art/collection/search/312248,"Metropolitan Museum of Art, New York, NY",
312249,,True,"Arts of Africa, Oceania, and the Americas",Ornament,Textile ornament,Nasca,,,100 BCE–700 CE,-100,700,Gold,H. 3 1/4 × W. 3 1/2 × D. 5/16 in. (8.3 × 8.9 × 0.8 cm),"The Michael C. Rockefeller Memorial Collection, Bequest of Nelson A. Rockefeller, 1979",Metal-Ornaments,Peru,South Coast,,,http://www.metmuseum.org/art/collection/search/312249,"Metropolitan Museum of Art, New York, NY",
312250,,True,"Arts of Africa, Oceania, and the Americas",Ornament,Textile ornament,Nasca,,,100 BCE–700 CE,-100,700,Gold,H. 3 1/2 × W. 3 5/8 × D. 3/16 in. (8.9 × 9.1 × 0.5 cm),"The Michael C. Rockefeller Memorial Collection, Bequest of Nelson A. Rockefeller, 1979",Metal-Ornaments,Peru,South Coast,,,http://www.metmuseum.org/art/collection/search/312250,"Metropolitan Museum of Art, New York, NY",
312497,,True,"Arts of Africa, Oceania, and the Americas",Miniature dress,Miniature Dress,Ica,,,12th–13th century,1100,1300,"Cotton, feathers",H. 11 1/2 x W. 12 3/4 in. (33 x 29.2 cm),"The Michael C. Rockefeller Memorial Collection, Bequest of Nelson A. Rockefeller, 1979",Textiles-Featherwork,Peru,Ica Valley,,,http://www.metmuseum.org/art/collection/search/312497,"Metropolitan Museum of Art, New York, NY",
312498,,True,"Arts of Africa, Oceania, and the Americas",Miniature dress,Miniature Dress,Ica,,,12th–13th century,1100,1300,"Cotton, feathers",H. 6 3/4  x  W. 8 1/8 in. (20.3 x 17.1cm),"The Michael C. Rockefeller Memorial Collection, Bequest of Nelson A. Rockefeller, 1979",Textiles-Featherwork,Peru,Ica Valley,,,http://www.metmuseum.org/art/collection/search/312498,"Metropolitan Museum of Art, New York, NY",
312499,,True,"Arts of Africa, Oceania, and the Americas",Miniature dress,Miniature Dress,Ica,,,12th–13th century,1100,1300,"Cotton, feathers",H. 8 7/8 x W. 8 7/8 in. (22.5 x 22.5 cm),"The Michael C. Rockefeller Memorial Collection, Bequest of Nelson A. Rockefeller, 1979",Textiles-Featherwork,Peru,Ica Valley,,,http://www.metmuseum.org/art/collection/search/312499,"Metropolitan Museum of Art, New York, NY",
312500,,True,"Arts of Africa, Oceania, and the Americas",Miniature dress,Miniature Dress,Ica,,,12th–13th century,1100,1300,"Cotton, feathers",H. 9 1/4 x W. 9 1/2 in. (23.5 x 24.1 cm),"The Michael C. Rockefeller Memorial Collection, Bequest of Nelson A. Rockefeller, 1979",Textiles-Featherwork,Peru,Ica Valley,,,http://www.metmuseum.org/art/collection/search/312500,"Metropolitan Museum of Art, New York, NY",
312613,,True,"Arts of Africa, Oceania, and the Americas",Tunic fragment,Tunic Fragment,Moche-Wari,,,7th–8th century,600,800,"Camelid hair, cotton",H. 9 3/8 x W. 48 in. (23.8 x 121.9 cm),"The Michael C. Rockefeller Memorial Collection, Bequest of Nelson A. Rockefeller, 1979",Textiles-Woven,Peru,,,,http://www.metmuseum.org/art/collection/search/312613,"Metropolitan Museum of Art, New York, NY",Human Figures
312614,,True,"Arts of Africa, Oceania, and the Americas",Tunic fragment,Tunic Section,Wari,,,7th–9th century,600,900,"Camelid hair, cotton",H. 19 7/8 x W. 40 3/4in. (50.5 x 103.5cm),"The Michael C. Rockefeller Memorial Collection, Bequest of Nelson A. Rockefeller, 1979",Textiles-Woven,Peru,,,,http://www.metmuseum.org/art/collection/search/312614,"Metropolitan Museum of Art, New York, NY",
312615,,True,"Arts of Africa, Oceania, and the Americas",Tunic fragment,Tunic Fragment,Wari,,,7th–9th century,600,900,"Camelid hair, cotton",H. 12 7/8  x  W. 21in. (32.7 x 53.3cm),"The Michael C. Rockefeller Memorial Collection, Bequest of Nelson A. Rockefeller, 1979",Textiles-Woven,Peru,,,,http://www.metmuseum.org/art/collection/search/312615,"Metropolitan Museum of Art, New York, NY",
312616,,True,"Arts of Africa, Oceania, and the Americas",Tunic fragment,Tunic Fragment,Chimú,,,12th–15th century,1100,1500,"Camelid hair, cotton",H. 35 x W. 16 1/2 in. (88.9 x 41.9 cm),"The Michael C. Rockefeller Memorial Collection, Bequest of Nelson A. Rockefeller, 1979",Textiles-Woven,Peru,,,,http://www.metmuseum.org/art/collection/search/312616,"Metropolitan Museum of Art, New York, NY",Animals
312668,,True,"Arts of Africa, Oceania, and the Americas",Bag,Bag,Nasca,,,7th century,600,700,"Cotton, camelid hair",H. 10 1/4 x W. 14 5/8 x D. 5 in. (26 x 37.1 x 12.7 cm),"The Michael C. Rockefeller Memorial Collection, Bequest of Nelson A. Rockefeller, 1979",Textiles-Woven,Peru,,,,http://www.metmuseum.org/art/collection/search/312668,"Metropolitan Museum of Art, New York, NY",
312669,,True,"Arts of Africa, Oceania, and the Americas",Panel,Panel,Chancay,,,1100–1400,1100,1400,"Cotton, paint",W. 27 1/8 × L. 59 1/2 in. (68.9 × 151.1 cm),"The Michael C. Rockefeller Memorial Collection, Bequest of Nelson A. Rockefeller, 1979",Textiles-Woven,Peru,,,,http://www.metmuseum.org/art/collection/search/312669,"Metropolitan Museum of Art, New York, NY",Human Figures|Birds
312670,,True,"Arts of Africa, Oceania, and the Americas",Textile fragment,Tapestry Fragment,Chimú,,,12th–15th century,1100,1500,"Camelid hair, cotton",H. 37 1/2 x W. 29 in. (95.3 x 73.7 cm),"The Michael C. Rockefeller Memorial Collection, Bequest of Nelson A. Rockefeller, 1979",Textiles-Woven,Peru,,,,http://www.metmuseum.org/art/collection/search/312670,"Metropolitan Museum of Art, New York, NY",Human Figures
312671,,True,"Arts of Africa, Oceania, and the Americas",Tunic,Tunic,Wari,,,7th–9th century,600,900,"Cotton, camelid hair",H. 43 1/4 x W. 40 in. (109.9 x 101.6cm),"The Michael C. Rockefeller Memorial Collection, Bequest of Nelson A. Rockefeller, 1979",Textiles-Woven,Peru,,,,http://www.metmuseum.org/art/collection/search/312671,"Metropolitan Museum of Art, New York, NY",
312672,,True,"Arts of Africa, Oceania, and the Americas",Mantle,Mantle,Wari,,,7th–9th century,600,900,"Cotton, camelid hair",W. 70 x H. 70 in. (177.8 x 177.8 cm),"The Michael C. Rockefeller Memorial Collection, Bequest of Nelson A. Rockefeller, 1979",Textiles-Woven,Peru,,,,http://www.metmuseum.org/art/collection/search/312672,"Metropolitan Museum of Art, New York, NY",
312673,,True,"Arts of Africa, Oceania, and the Americas",Tunic,Tunic,Ica (?),,,13th–15th century,1200,1500,"Camelid hair, cotton",H. 25 7/8 x W. 59 3/4 in. (151.8 x 65.7 cm),"The Michael C. Rockefeller Memorial Collection, Bequest of Nelson A. Rockefeller, 1979",Textiles-Woven,Peru,,,,http://www.metmuseum.org/art/collection/search/312673,"Metropolitan Museum of Art, New York, NY",
312674,,True,"Arts of Africa, Oceania, and the Americas",Panel,Feathered Panel,Wari,,,600–900 CE,600,900,"Feathers on cotton, camelid fiber",H. 33 3/4 × W. 6 in. (85.73 × 218.44 cm),"The Michael C. Rockefeller Memorial Collection, Bequest of Nelson A. Rockefeller, 1979",Textiles-Featherwork,Peru,South Coast,,,http://www.metmuseum.org/art/collection/search/312674,"Metropolitan Museum of Art, New York, NY",
312675,,True,"Arts of Africa, Oceania, and the Americas",Panel,Feathered Panel,Wari,,,600–900 CE,600,900,"Feathers, cotton, camelid hair",H. 26 7/8 x W. 80 1/4 in. (68.3 x 203.8 cm),"The Michael C. Rockefeller Memorial Collection, Bequest of Nelson A. Rockefeller, 1979",Textiles-Featherwork,Peru,Churunga Valley,,,http://www.metmuseum.org/art/collection/search/312675,"Metropolitan Museum of Art, New York, NY",
312676,,True,"Arts of Africa, Oceania, and the Americas",Panel,Feathered Panel,Wari,,,600–900 CE,600,900,"Feathers, cotton, camelid hair",H. 27 1/2 x W. 83 1/2 x D. 3 1/4 in. (69.9 x 212.1 x 8.3 cm),"The Michael C. Rockefeller Memorial Collection, Bequest of Nelson A. Rockefeller, 1979",Textiles-Featherwork,Peru,South Coast,,,http://www.metmuseum.org/art/collection/search/312676,"Metropolitan Museum of Art, New York, NY",
312677,,True,"Arts of Africa, Oceania, and the Americas",Panel,Feathered Panel,Wari,,,600–900 CE,600,900,Feathers on cotton fabric,"H. 29 × W. 83 7/8 in. (73.66 × 213.04 cm)
","The Michael C. Rockefeller Memorial Collection, Bequest of Nelson A. Rockefeller, 1979",Textiles-Featherwork,Peru,South Coast,,,http://www.metmuseum.org/art/collection/search/312677,"Metropolitan Museum of Art, New York, NY",
312678,,True,"Arts of Africa, Oceania, and the Americas",Panel,Feathered Panel,Wari,,,600–900 CE,600,900,"Feathers on cotton, camelid hair","H. 33 1/8 × W. 87 1/2 in. (84.14 × 222.25 cm)
","The Michael C. Rockefeller Memorial Collection, Bequest of Nelson A. Rockefeller, 1979",Textiles-Featherwork,Peru,South Coast,,,http://www.metmuseum.org/art/collection/search/312678,"Metropolitan Museum of Art, New York, NY",
312679,,True,"Arts of Africa, Oceania, and the Americas",Panel,Feathered Panel,Wari,,,600–900 CE,600,900,"Feathers on cotton, camelid hair",H. 31 1/2 x W. 85 1/4 in. (80 x 216.5 cm),"The Michael C. Rockefeller Memorial Collection, Bequest of Nelson A. Rockefeller, 1979",Textiles-Featherwork,Peru,South Coast,,,http://www.metmuseum.org/art/collection/search/312679,"Metropolitan Museum of Art, New York, NY",
312680,,True,"Arts of Africa, Oceania, and the Americas",Panel,Feathered Panel,Wari,,,600–900 CE,600,900,"Feathers on cotton, camelid hair","H. 29 1/4 × W. 83 5/8 in. (74.3 × 212.41 cm)
","The Michael C. Rockefeller Memorial Collection, Bequest of Nelson A. Rockefeller, 1979",Textiles-Featherwork,Peru,South Coast,,,http://www.metmuseum.org/art/collection/search/312680,"Metropolitan Museum of Art, New York, NY",
312681,,True,"Arts of Africa, Oceania, and the Americas",Panel,Feathered Panel,Wari,,,600–900 CE,600,900,"Feathers on cotton, camelid hair","H. 28 3/4 × W. 83 1/2 in. (73.03 × 212.09 cm)
","The Michael C. Rockefeller Memorial Collection, Bequest of Nelson A. Rockefeller, 1979",Textiles-Featherwork,Peru,South Coast,,,http://www.metmuseum.org/art/collection/search/312681,"Metropolitan Museum of Art, New York, NY",
312682,,True,"Arts of Africa, Oceania, and the Americas",Panel,Feathered Panel,Wari,,,600–900 CE,600,900,"Feathers on cotton, camelid hair","H. 28 1/2 × W. 83 1/4 in. (72.39 × 211.46 cm)

","The Michael C. Rockefeller Memorial Collection, Bequest of Nelson A. Rockefeller, 1979",Textiles-Featherwork,Peru,South Coast,,,http://www.metmuseum.org/art/collection/search/312682,"Metropolitan Museum of Art, New York, NY",
312683,,True,"Arts of Africa, Oceania, and the Americas",Panel,Feathered Panel,Wari,,,600–900 CE,600,900,"Feathers on cotton, camelid hair",H. 29 × W. 84 in. (73.66 × 213.36 cm),"The Michael C. Rockefeller Memorial Collection, Bequest of Nelson A. Rockefeller, 1979",Textiles-Featherwork,Peru,South Coast,,,http://www.metmuseum.org/art/collection/search/312683,"Metropolitan Museum of Art, New York, NY",
312684,,True,"Arts of Africa, Oceania, and the Americas",Panel,Feathered Panel,Wari,,,600–900 CE,600,900,"Feathers on cotton, camelid hair",H. 31 7/8 x W. 87 x D. 19 in. (81 x 221 x 48.3 cm),"The Michael C. Rockefeller Memorial Collection, Bequest of Nelson A. Rockefeller, 1979",Textiles-Featherwork,Peru,Churunga Valley,,,http://www.metmuseum.org/art/collection/search/312684,"Metropolitan Museum of Art, New York, NY",
312685,,True,"Arts of Africa, Oceania, and the Americas",Panel,Feathered Panel,Wari,,,7th–9th century,600,900,"Feathers on cotton, camelid hair",H. 27 1/4 x  W. 84 in. (69.2 x 213.4 cm),"The Michael C. Rockefeller Memorial Collection, Bequest of Nelson A. Rockefeller, 1979",Textiles-Featherwork,Peru,,,,http://www.metmuseum.org/art/collection/search/312685,"Metropolitan Museum of Art, New York, NY",
312737,,True,"Arts of Africa, Oceania, and the Americas",Panel,Feathered Panel,Wari,,,600–900 CE,600,900,"Feathers, cotton, camelid hair","H. 30 1/2 × W. 88 3/8 in. (77.47 × 224.47 cm)
","The Michael C. Rockefeller Memorial Collection, Bequest of Nelson A. Rockefeller, 1979",Textiles-Featherwork,Peru,Churunga Valley,,,http://www.metmuseum.org/art/collection/search/312737,"Metropolitan Museum of Art, New York, NY",
312784,,True,"Arts of Africa, Oceania, and the Americas",Shirt,Shirt,Chimú,,,1450–1550,1450,1550,"Camelid fiber, cotton",H. 23 1/2 × W. 44 1/2 in. (59.7 × 113 cm),"The Michael C. Rockefeller Memorial Collection, Bequest of Nelson A. Rockefeller, 1979",Textiles-Woven,Peru,,,,http://www.metmuseum.org/art/collection/search/312784,"Metropolitan Museum of Art, New York, NY",Animals
312785,,True,"Arts of Africa, Oceania, and the Americas",Tunic,Sleeveless Tunic,Chimú,,,12th–15th century,1100,1500,"Cotton, camelid hair",H. 40 x W. 22 1/4 in. (101.6 x 56.5 cm),"The Michael C. Rockefeller Memorial Collection, Bequest of Nelson A. Rockefeller, 1979",Textiles-Woven,Peru,,,,http://www.metmuseum.org/art/collection/search/312785,"Metropolitan Museum of Art, New York, NY",
312786,,True,"Arts of Africa, Oceania, and the Americas",Tunic,Tunic,Chimú,,,12th–15th century,1100,1500,"Cotton, camelid hair",H.18 x W. 37 in. (45.7 x 94 cm),"The Michael C. Rockefeller Memorial Collection, Bequest of Nelson A. Rockefeller, 1979",Textiles-Woven,Peru,,,,http://www.metmuseum.org/art/collection/search/312786,"Metropolitan Museum of Art, New York, NY",Animals
312787,,True,"Arts of Africa, Oceania, and the Americas",Tunic,Tunic,Chimú,,,12th–15th century,1100,1500,"Cotton, camelid hair",H. 18 1/2  x W. 46 1/2 in. (45.7 x 118.1 cm),"The Michael C. Rockefeller Memorial Collection, Bequest of Nelson A. Rockefeller, 1979",Textiles-Woven,Peru,,,,http://www.metmuseum.org/art/collection/search/312787,"Metropolitan Museum of Art, New York, NY",
312788,,True,"Arts of Africa, Oceania, and the Americas",Turban,Turban,Chimú,,,12th–15th century,1100,1500,"Cotton, camelid hair",L.181 1/2 x W. 10 3/4  in. (459.7 x 27.3 cm),"The Michael C. Rockefeller Memorial Collection, Bequest of Nelson A. Rockefeller, 1979",Textiles-Woven,Peru,,,,http://www.metmuseum.org/art/collection/search/312788,"Metropolitan Museum of Art, New York, NY",
312789,,True,"Arts of Africa, Oceania, and the Americas",Loincloth,Loincloth,Chimú,,,12th–15th century,1100,1500,"Cotton, camelid hair",L. (without tie) 158 x W. 45 in. (401.3 x 114.3 cm),"The Michael C. Rockefeller Memorial Collection, Bequest of Nelson A. Rockefeller, 1979",Textiles-Woven,Peru,,,,http://www.metmuseum.org/art/collection/search/312789,"Metropolitan Museum of Art, New York, NY",
312790,,True,"Arts of Africa, Oceania, and the Americas",Shirt,Shirt,Chimú,,,1300–1470,1300,1470,"Camelid fiber, cotton",H. 19 1/2 x W. 44 1/2 in. (49.5 x 113 cm),"The Michael C. Rockefeller Memorial Collection, Bequest of Nelson A. Rockefeller, 1979",Textiles-Woven,Peru,,,,http://www.metmuseum.org/art/collection/search/312790,"Metropolitan Museum of Art, New York, NY",
312791,,True,"Arts of Africa, Oceania, and the Americas",Headband,Turban,Chimú,,,12th–15th century,1100,1500,"Cotton, camelid hair",L.180 x W. 6 1/2  in. (457.2 x 16.5 cm),"The Michael C. Rockefeller Memorial Collection, Bequest of Nelson A. Rockefeller, 1979",Textiles-Woven,Peru,,,,http://www.metmuseum.org/art/collection/search/312791,"Metropolitan Museum of Art, New York, NY",
312792,,True,"Arts of Africa, Oceania, and the Americas",Loincloth,Loincloth,Chimú,,,12th–15th century,1100,1500,"Cotton, camelid hair",L.146 1/8 x W. 44 3/4 in. (370.8 x 113.7 cm),"The Michael C. Rockefeller Memorial Collection, Bequest of Nelson A. Rockefeller, 1979",Textiles-Woven,Peru,,,,http://www.metmuseum.org/art/collection/search/312792,"Metropolitan Museum of Art, New York, NY",
312793,,True,"Arts of Africa, Oceania, and the Americas",Turban,Turban,Chimú,,,12th–15th century,1100,1500,"Cotton, camelid hair",L. 127 1/2 x W. 7 3/4 in. (322.6 x 19.7 cm),"The Michael C. Rockefeller Memorial Collection, Bequest of Nelson A. Rockefeller, 1979",Textiles-Woven,Peru,,,,http://www.metmuseum.org/art/collection/search/312793,"Metropolitan Museum of Art, New York, NY",
312794,,True,"Arts of Africa, Oceania, and the Americas",Turban fragment,Turban-end Panels,Chimú,,,12th–15th century,1100,1500,"Cotton, camelid hair",H. 5 3/4 x W. 16 3/4 in. (14.6 x 42.5 cm),"The Michael C. Rockefeller Memorial Collection, Bequest of Nelson A. Rockefeller, 1979",Textiles-Woven,Peru,,,,http://www.metmuseum.org/art/collection/search/312794,"Metropolitan Museum of Art, New York, NY",
312795,,True,"Arts of Africa, Oceania, and the Americas",Turban panels,Turban-end Panels,Chimú,,,12th–15th century,1100,1500,"Cotton, camelid hair",H. 16 1/4 x  W. 5 3/4 in. (41.3 x 14.6cm),"The Michael C. Rockefeller Memorial Collection, Bequest of Nelson A. Rockefeller, 1979",Textiles-Woven,Peru,,,,http://www.metmuseum.org/art/collection/search/312795,"Metropolitan Museum of Art, New York, NY",Human Figures
312796,,True,"Arts of Africa, Oceania, and the Americas",Hanging,Hanging,Chimú,,,1300–1470,1300,1470,Cotton,H. 82  x  W. 63 7/8 in. (162.2  x  208.3 cm),"The Michael C. Rockefeller Memorial Collection, Bequest of Nelson A. Rockefeller, 1979",Textiles-Woven,Peru,,,,http://www.metmuseum.org/art/collection/search/312796,"Metropolitan Museum of Art, New York, NY",
312797,,True,"Arts of Africa, Oceania, and the Americas",Tunic panel,Tunic Shoulder Panel,Chimú,,,12th–15th century,1100,1500,"Cotton, camelid hair",H. 37 x W. 24 3/4  (94 x 62.9 cm),"The Michael C. Rockefeller Memorial Collection, Bequest of Nelson A. Rockefeller, 1979",Textiles-Woven,Peru,,,,http://www.metmuseum.org/art/collection/search/312797,"Metropolitan Museum of Art, New York, NY",
312800,,True,"Arts of Africa, Oceania, and the Americas",Mask,Funerary Mask,Ica,,,13th–15th century,1200,1500,"Wood, paint, gold, cloth, shell",H. 18 3/4 x W. 3 3/4 in. (47.7 x 9.5 cm),"The Michael C. Rockefeller Memorial Collection, Bequest of Nelson A. Rockefeller, 1979",Wood-Ornaments,Peru,,,,http://www.metmuseum.org/art/collection/search/312800,"Metropolitan Museum of Art, New York, NY",Faces
312805,,True,"Arts of Africa, Oceania, and the Americas",Mantle,Mantle,Nasca,,,7th century,600,700,"Cotton, camelid hair",H.70 x  W. 127 1/4 in. (177.8 x 323.2cm),"The Michael C. Rockefeller Memorial Collection, Bequest of Nelson A. Rockefeller, 1979",Textiles-Woven,Peru,,,,http://www.metmuseum.org/art/collection/search/312805,"Metropolitan Museum of Art, New York, NY",
312816,,True,"Arts of Africa, Oceania, and the Americas",Lime container,Head Lime Container,Wari,,,6th–9th century,500,900,"Shell, metal alloy, stone, wood, fiber",H. 1 3/4 × W. 1 1/8 × D. 7/8 in. (4.4 × 2.9 × 2.2 cm),"The Michael C. Rockefeller Memorial Collection, Bequest of Nelson A. Rockefeller, 1979",Shell-Containers,Peru,,,,http://www.metmuseum.org/art/collection/search/312816,"Metropolitan Museum of Art, New York, NY",Heads
312819,,True,"Arts of Africa, Oceania, and the Americas",Miniature dress,Miniature Dress,Ica,,,12th–13th century,1100,1300,"Cotton, feathers",W. 8 1/4 × H. 8 3/8 in. (21 × 21.3 cm),"The Michael C. Rockefeller Memorial Collection, Bequest of Nelson A. Rockefeller, 1979",Textiles-Featherwork,Peru,Ica Valley,,,http://www.metmuseum.org/art/collection/search/312819,"Metropolitan Museum of Art, New York, NY",
312820,,True,"Arts of Africa, Oceania, and the Americas",Miniature dress,Miniature Dress,Ica,,,12th–13th century,1100,1300,"Cotton, feathers",H. 11 x W. 12 1/8 in. (27.9 x 31.1 cm),"The Michael C. Rockefeller Memorial Collection, Bequest of Nelson A. Rockefeller, 1979",Textiles-Featherwork,Peru,Ica Valley,,,http://www.metmuseum.org/art/collection/search/312820,"Metropolitan Museum of Art, New York, NY",
312821,,True,"Arts of Africa, Oceania, and the Americas",Miniature dress,Miniature Dress,Ica,,,12th–13th century,1100,1300,"Cotton, feathers",H. 9 1/2 x W. 12 in. (24.1 x 30.5 cm),"The Michael C. Rockefeller Memorial Collection, Bequest of Nelson A. Rockefeller, 1979",Textiles-Featherwork,Peru,Ica Valley,,,http://www.metmuseum.org/art/collection/search/312821,"Metropolitan Museum of Art, New York, NY",
312823,,True,"Arts of Africa, Oceania, and the Americas",Miniature dress,Miniature Dress,Ica,,,12th–13th century,1100,1300,"Cotton, feathers",H.: 8 3/8 x W. 8 1/8 in. (21.3 x 20.6 cm),"The Michael C. Rockefeller Memorial Collection, Bequest of Nelson A. Rockefeller, 1979",Textiles-Featherwork,Peru,Ica Valley,,,http://www.metmuseum.org/art/collection/search/312823,"Metropolitan Museum of Art, New York, NY",
312824,,True,"Arts of Africa, Oceania, and the Americas",Miniature dress,Miniature Dress,Ica,,,12th–13th century,1100,1300,"Cotton, feathers",H. 10 x W. 10 1/4 in. (25.4 x 26 cm),"The Michael C. Rockefeller Memorial Collection, Bequest of Nelson A. Rockefeller, 1979",Textiles-Featherwork,Peru,Ica Valley,,,http://www.metmuseum.org/art/collection/search/312824,"Metropolitan Museum of Art, New York, NY",
312825,,True,"Arts of Africa, Oceania, and the Americas",Miniature dress,Miniature Dress,Ica,,,12th–13th century,1100,1300,"Cotton, feathers",H. 10 x W. 10 1/8 in. (25.4 x 25.7 cm),"The Michael C. Rockefeller Memorial Collection, Bequest of Nelson A. Rockefeller, 1979",Textiles-Featherwork,Peru,Ica Valley,,,http://www.metmuseum.org/art/collection/search/312825,"Metropolitan Museum of Art, New York, NY",
312826,,True,"Arts of Africa, Oceania, and the Americas",Miniature dress,Miniature Dress,Ica,,,12th–13th century,1100,1300,"Cotton, feathers",H. 8 3/4 × W. 8 5/8 in. (22.2 × 21.9 cm),"The Michael C. Rockefeller Memorial Collection, Bequest of Nelson A. Rockefeller, 1979",Textiles-Featherwork,Peru,Ica Valley,,,http://www.metmuseum.org/art/collection/search/312826,"Metropolitan Museum of Art, New York, NY",
312827,,True,"Arts of Africa, Oceania, and the Americas",Miniature dress,Miniature Dress,Ica,,,12th–13th century,1100,1300,"Cotton, feathers",H. 8 3/4 x W. 9 1/2 in. (22.2 x 24.1cm),"The Michael C. Rockefeller Memorial Collection, Bequest of Nelson A. Rockefeller, 1979",Textiles-Featherwork,Peru,Ica Valley,,,http://www.metmuseum.org/art/collection/search/312827,"Metropolitan Museum of Art, New York, NY",
312828,,True,"Arts of Africa, Oceania, and the Americas",Miniature dress,Miniature Dress,Ica,,,12th–13th century,1100,1300,"Cotton, feathers",H. 9 x W. 8 7/8 in. (22.9 x 22.5 cm),"The Michael C. Rockefeller Memorial Collection, Bequest of Nelson A. Rockefeller, 1979",Textiles-Featherwork,Peru,Ica Valley,,,http://www.metmuseum.org/art/collection/search/312828,"Metropolitan Museum of Art, New York, NY",
312829,,True,"Arts of Africa, Oceania, and the Americas",Miniature dress,Miniature Dress,Ica,,,12th–13th century,1100,1300,"Cotton, feathers",H. 8 3/8 x W. 9 3/8 in. (21.3 x 23.8 cm),"The Michael C. Rockefeller Memorial Collection, Bequest of Nelson A. Rockefeller, 1979",Textiles-Featherwork,Peru,Ica Valley,,,http://www.metmuseum.org/art/collection/search/312829,"Metropolitan Museum of Art, New York, NY",
312830,,True,"Arts of Africa, Oceania, and the Americas",Miniature dress,Miniature Dress,Ica,,,12th–13th century,1100,1300,"Cotton, feathers",H. 9 x W.  9 in. (22.9 x 22.9 cm),"The Michael C. Rockefeller Memorial Collection, Bequest of Nelson A. Rockefeller, 1979",Textiles-Featherwork,Peru,Ica Valley,,,http://www.metmuseum.org/art/collection/search/312830,"Metropolitan Museum of Art, New York, NY",
312831,,True,"Arts of Africa, Oceania, and the Americas",Miniature dress,Miniature Dress,Ica,,,12th–13th century,1100,1300,"Cotton, feathers",H. 9 3/8 x W.  9 1/8 in. (23.9 x 23.2 cm),"The Michael C. Rockefeller Memorial Collection, Bequest of Nelson A. Rockefeller, 1979",Textiles-Featherwork,Peru,Ica Valley,,,http://www.metmuseum.org/art/collection/search/312831,"Metropolitan Museum of Art, New York, NY",
312832,,True,"Arts of Africa, Oceania, and the Americas",Miniature dress,Miniature Dress,Ica,,,12th–13th century,1100,1300,"Cotton, feathers",H. 9 3/8 x W. 10 in. (23.9 x 25.4 cm),"The Michael C. Rockefeller Memorial Collection, Bequest of Nelson A. Rockefeller, 1979",Textiles-Featherwork,Peru,Ica Valley,,,http://www.metmuseum.org/art/collection/search/312832,"Metropolitan Museum of Art, New York, NY",
312833,,True,"Arts of Africa, Oceania, and the Americas",Miniature dress,Miniature Dress,Ica,,,12th–13th century,1100,1300,"Cotton, feathers",H. 9 1/2 x W. 9 1/2 in. (24.1 x 24.1 cm),"The Michael C. Rockefeller Memorial Collection, Bequest of Nelson A. Rockefeller, 1979",Textiles-Featherwork,Peru,Ica Valley,,,http://www.metmuseum.org/art/collection/search/312833,"Metropolitan Museum of Art, New York, NY",
312834,,True,"Arts of Africa, Oceania, and the Americas",Miniature dress,Miniature Dress,Ica,,,12th–13th century,1100,1300,"Cotton, feathers",H. 9 x W. 8 3/4 in. (22.9 x 22.2 cm),"The Michael C. Rockefeller Memorial Collection, Bequest of Nelson A. Rockefeller, 1979",Textiles-Featherwork,Peru,Ica Valley,,,http://www.metmuseum.org/art/collection/search/312834,"Metropolitan Museum of Art, New York, NY",
312835,,True,"Arts of Africa, Oceania, and the Americas",Miniature dress,Miniature Dress,Ica,,,12th–13th century,1100,1300,"Cotton, feathers",H. 8 7/8 x W. 8 1/2 in. (22.9 x 22.2 cm),"The Michael C. Rockefeller Memorial Collection, Bequest of Nelson A. Rockefeller, 1979",Textiles-Featherwork,Peru,Ica Valley,,,http://www.metmuseum.org/art/collection/search/312835,"Metropolitan Museum of Art, New York, NY",
312836,,True,"Arts of Africa, Oceania, and the Americas",Miniature dress,Miniature Dress,Ica,,,12th–13th century,1100,1300,"Cotton, feathers",H. 9 1/4 x W. 9 1/2 in. (23.5 x 24.1 cm),"The Michael C. Rockefeller Memorial Collection, Bequest of Nelson A. Rockefeller, 1979",Textiles-Featherwork,Peru,Ica Valley,,,http://www.metmuseum.org/art/collection/search/312836,"Metropolitan Museum of Art, New York, NY",
312837,,True,"Arts of Africa, Oceania, and the Americas",Miniature dress,Miniature Dress,Ica,,,12th–13th century,1100,1300,"Cotton, feathers",H. 8 3/4 x W.  9 in. (22.2 x 22.9cm),"The Michael C. Rockefeller Memorial Collection, Bequest of Nelson A. Rockefeller, 1979",Textiles-Featherwork,Peru,Ica Valley,,,http://www.metmuseum.org/art/collection/search/312837,"Metropolitan Museum of Art, New York, NY",
312838,,True,"Arts of Africa, Oceania, and the Americas",Miniature dress,Miniature Dress,Ica,,,12th–13th century,1100,1300,"Cotton, feathers",H. 8 1/2 x W. 8 1/2 in. (21.6 x 21.6 cm),"The Michael C. Rockefeller Memorial Collection, Bequest of Nelson A. Rockefeller, 1979",Textiles-Featherwork,Peru,Ica Valley,,,http://www.metmuseum.org/art/collection/search/312838,"Metropolitan Museum of Art, New York, NY",
312839,,True,"Arts of Africa, Oceania, and the Americas",Miniature dress,Miniature Dress,Ica,,,12th–13th century,1100,1300,"Cotton, feathers",H. 9 3/4 x W. 10 in. (24.8 x 25.4cm),"The Michael C. Rockefeller Memorial Collection, Bequest of Nelson A. Rockefeller, 1979",Textiles-Featherwork,Peru,Ica Valley,,,http://www.metmuseum.org/art/collection/search/312839,"Metropolitan Museum of Art, New York, NY",
312840,,True,"Arts of Africa, Oceania, and the Americas",Miniature dress,Miniature Feathered Dress,Ica,,,12th–13th century,1100,1300,"Cotton, feathers",H. 8 3/8 x W. 9 in. (21.3 x 22.9 cm),"The Michael C. Rockefeller Memorial Collection, Bequest of Nelson A. Rockefeller, 1979",Textiles-Featherwork,Peru,Ica Valley,,,http://www.metmuseum.org/art/collection/search/312840,"Metropolitan Museum of Art, New York, NY",
312841,,True,"Arts of Africa, Oceania, and the Americas",Miniature dress,Miniature Dress,Ica,,,12th–13th century,1100,1300,"Cotton, feathers",H.10 3/4 x W. 10 1/2 in. (27.3 x 26.7 cm),"The Michael C. Rockefeller Memorial Collection, Bequest of Nelson A. Rockefeller, 1979",Textiles-Featherwork,Peru,Ica Valley,,,http://www.metmuseum.org/art/collection/search/312841,"Metropolitan Museum of Art, New York, NY",
312842,,True,"Arts of Africa, Oceania, and the Americas",Miniature dress,Miniature Dress,Ica,,,12th–13th century,1100,1300,"Cotton, feathers",H. 9 1/4 x W. 8 3/4 in. (23.5 x 22.2 cm),"The Michael C. Rockefeller Memorial Collection, Bequest of Nelson A. Rockefeller, 1979",Textiles-Featherwork,Peru,Ica Valley,,,http://www.metmuseum.org/art/collection/search/312842,"Metropolitan Museum of Art, New York, NY",
312843,,True,"Arts of Africa, Oceania, and the Americas",Miniature dress,Miniature Dress,Ica,,,12th–13th century,1100,1300,"Cotton, feathers",H. 9 1/2 x W. 9 1/4 in. (24.1 x 23.5 cm),"The Michael C. Rockefeller Memorial Collection, Bequest of Nelson A. Rockefeller, 1979",Textiles-Featherwork,Peru,Ica Valley,,,http://www.metmuseum.org/art/collection/search/312843,"Metropolitan Museum of Art, New York, NY",
312844,,True,"Arts of Africa, Oceania, and the Americas",Miniature dress,Miniature Dress,Ica,,,12th–13th century,1100,1300,"Cotton, feathers",H. 8 1/4 x W. 7 7/8 in. (21 x 20 cm),"The Michael C. Rockefeller Memorial Collection, Bequest of Nelson A. Rockefeller, 1979",Textiles-Featherwork,Peru,Ica Valley,,,http://www.metmuseum.org/art/collection/search/312844,"Metropolitan Museum of Art, New York, NY",
312845,,True,"Arts of Africa, Oceania, and the Americas",Miniature dress,Miniature Dress,Ica,,,12th–13th century,1100,1300,"Cotton, feathers",H. 8 1/2 x W. 9 in. (21.6 x 22.9 cm),"The Michael C. Rockefeller Memorial Collection, Bequest of Nelson A. Rockefeller, 1979",Textiles-Featherwork,Peru,Ica Valley,,,http://www.metmuseum.org/art/collection/search/312845,"Metropolitan Museum of Art, New York, NY",
312846,,True,"Arts of Africa, Oceania, and the Americas",Miniature dress,Miniature Dress,Ica,,,12th–13th century,1100,1300,"Cotton, feathers",H. 9 x W. 9 1/2 in. (22.9 x 24.1 cm),"The Michael C. Rockefeller Memorial Collection, Bequest of Nelson A. Rockefeller, 1979",Textiles-Featherwork,Peru,Ica Valley,,,http://www.metmuseum.org/art/collection/search/312846,"Metropolitan Museum of Art, New York, NY",
312847,,True,"Arts of Africa, Oceania, and the Americas",Miniature dress,Miniature Dress,Ica,,,12th–13th century,1100,1300,"Cotton, feathers",H. 9 x W. 9 1/2 in. (22.9 x 24.1 cm),"The Michael C. Rockefeller Memorial Collection, Bequest of Nelson A. Rockefeller, 1979",Textiles-Featherwork,Peru,Ica Valley,,,http://www.metmuseum.org/art/collection/search/312847,"Metropolitan Museum of Art, New York, NY",
312848,,True,"Arts of Africa, Oceania, and the Americas",Miniature dress,Miniature Dress,Ica,,,12th–13th century,1100,1300,"Cotton, feathers",H. 9 1/4 x W. 9 3/8 in. (23.5 x 23.8 cm),"The Michael C. Rockefeller Memorial Collection, Bequest of Nelson A. Rockefeller, 1979",Textiles-Featherwork,Peru,Ica Valley,,,http://www.metmuseum.org/art/collection/search/312848,"Metropolitan Museum of Art, New York, NY",
312849,,True,"Arts of Africa, Oceania, and the Americas",Miniature dress,Miniature Dress,Ica,,,12th–13th century,1100,1300,"Cotton, feathers",H. 11 1/4 x W. 10 1/8 in. (28.9 x 25.4 cm),"The Michael C. Rockefeller Memorial Collection, Bequest of Nelson A. Rockefeller, 1979",Textiles-Featherwork,Peru,Ica Valley,,,http://www.metmuseum.org/art/collection/search/312849,"Metropolitan Museum of Art, New York, NY",
312850,,True,"Arts of Africa, Oceania, and the Americas",Miniature dress,Miniature Dress,Ica,,,12th–13th century,1100,1300,"Cotton, feathers",H. 10 7/8 x W. 10 1/2 in. (27.6 x 26.7 cm),"The Michael C. Rockefeller Memorial Collection, Bequest of Nelson A. Rockefeller, 1979",Textiles-Featherwork,Peru,Ica Valley,,,http://www.metmuseum.org/art/collection/search/312850,"Metropolitan Museum of Art, New York, NY",
312851,,True,"Arts of Africa, Oceania, and the Americas",Miniature dress,Miniature Dress,Ica,,,12th–13th century,1100,1300,"Cotton, feathers",H. 11 1/4 x W. 11 in. (28.6 x 27.9 cm),"The Michael C. Rockefeller Memorial Collection, Bequest of Nelson A. Rockefeller, 1979",Textiles-Featherwork,Peru,Ica Valley,,,http://www.metmuseum.org/art/collection/search/312851,"Metropolitan Museum of Art, New York, NY",
312852,,True,"Arts of Africa, Oceania, and the Americas",Miniature dress,Miniature Dress,Ica,,,12th–13th century,1100,1300,"Cotton, feathers",H. 11 1/4 x W. 10 1/2 in. (29.2 x 26.7 cm),"The Michael C. Rockefeller Memorial Collection, Bequest of Nelson A. Rockefeller, 1979",Textiles-Featherwork,Peru,Ica Valley,,,http://www.metmuseum.org/art/collection/search/312852,"Metropolitan Museum of Art, New York, NY",
312853,,True,"Arts of Africa, Oceania, and the Americas",Miniature dress,Miniature Dress,Ica,,,12th–13th century,1100,1300,"Cotton, feathers",H. 11 1/2 x W. 11 in. (29.2 x 27.9 cm),"The Michael C. Rockefeller Memorial Collection, Bequest of Nelson A. Rockefeller, 1979",Textiles-Featherwork,Peru,Ica Valley,,,http://www.metmuseum.org/art/collection/search/312853,"Metropolitan Museum of Art, New York, NY",
312854,,True,"Arts of Africa, Oceania, and the Americas",Miniature dress,Miniature Dress,Ica,,,12th–13th century,1100,1300,"Cotton, feathers",H. 10 1/4 x W. 10 1/2 in. (26 x 26.7 cm),"The Michael C. Rockefeller Memorial Collection, Bequest of Nelson A. Rockefeller, 1979",Textiles-Featherwork,Peru,Ica Valley,,,http://www.metmuseum.org/art/collection/search/312854,"Metropolitan Museum of Art, New York, NY",
312855,,True,"Arts of Africa, Oceania, and the Americas",Miniature tunic,Miniature Tunic,Ica,,,12th–13th century,1100,1300,"Cotton, feathers",H. 5 1/2 x W. 6 3/8 in. (14 x 16.2 cm),"The Michael C. Rockefeller Memorial Collection, Bequest of Nelson A. Rockefeller, 1979",Textiles-Featherwork,Peru,Ica Valley,,,http://www.metmuseum.org/art/collection/search/312855,"Metropolitan Museum of Art, New York, NY",
312856,,True,"Arts of Africa, Oceania, and the Americas",Miniature tunic,Miniature Tunic,Ica,,,12th–13th century,1100,1300,"Cotton, feathers",H. 6 1/8 x W. 7 in. (15.6 x17.8 cm),"The Michael C. Rockefeller Memorial Collection, Bequest of Nelson A. Rockefeller, 1979",Textiles-Featherwork,Peru,Ica Valley,,,http://www.metmuseum.org/art/collection/search/312856,"Metropolitan Museum of Art, New York, NY",
312857,,True,"Arts of Africa, Oceania, and the Americas",Miniature tunic,Miniature Tunic,Ica,,,12th–13th century,1100,1300,"Cotton, feathers",H. 6 3/4 x W. 7 1/2 in. ( 16.8 x  ftjtfh,"The Michael C. Rockefeller Memorial Collection, Bequest of Nelson A. Rockefeller, 1979",Textiles-Featherwork,Peru,Ica Valley,,,http://www.metmuseum.org/art/collection/search/312857,"Metropolitan Museum of Art, New York, NY",
312858,,True,"Arts of Africa, Oceania, and the Americas",Miniature tunic,Miniature Tunic,Ica,,,12th–13th century,1100,1300,"Cotton, feathers",H. 7 3/8 x  W. 6 7/8 in. (18.8 x 17.5 cm),"The Michael C. Rockefeller Memorial Collection, Bequest of Nelson A. Rockefeller, 1979",Textiles-Featherwork,Peru,Ica Valley,,,http://www.metmuseum.org/art/collection/search/312858,"Metropolitan Museum of Art, New York, NY",
312859,,True,"Arts of Africa, Oceania, and the Americas",Miniature tunic,Miniature Tunic,Ica,,,12th–13th century,1100,1300,"Cotton, feathers",H. 6 5/8 x W. 6 1/2 in. (16.8 x 16.5 cm),"The Michael C. Rockefeller Memorial Collection, Bequest of Nelson A. Rockefeller, 1979",Textiles-Featherwork,Peru,Ica Valley,,,http://www.metmuseum.org/art/collection/search/312859,"Metropolitan Museum of Art, New York, NY",
312860,,True,"Arts of Africa, Oceania, and the Americas",Miniature tunic,Miniature Tunic,Ica,,,12th–13th century,1100,1300,"Cotton, feathers",H. 11 1/8 x W. 11 3/8 in. (28.3 x 28.9 cm),"The Michael C. Rockefeller Memorial Collection, Bequest of Nelson A. Rockefeller, 1979",Textiles-Featherwork,Peru,Ica Valley,,,http://www.metmuseum.org/art/collection/search/312860,"Metropolitan Museum of Art, New York, NY",
312861,,True,"Arts of Africa, Oceania, and the Americas",Miniature tunic,Miniature Tunic,Ica,,,12th–13th century,1100,1300,"Cotton, feathers",H. 9 1/2 x W. 8 7/8 in. (24.1 x 22.5 cm),"The Michael C. Rockefeller Memorial Collection, Bequest of Nelson A. Rockefeller, 1979",Textiles-Featherwork,Peru,Ica Valley,,,http://www.metmuseum.org/art/collection/search/312861,"Metropolitan Museum of Art, New York, NY",
312862,,True,"Arts of Africa, Oceania, and the Americas",Miniature tunic,Miniature Tunic,Ica,,,12th–13th century,1100,1300,"Cotton, feathers",H. 9 3/4 x W. 9 1/2 in. (24.8 x 24.1 cm),"The Michael C. Rockefeller Memorial Collection, Bequest of Nelson A. Rockefeller, 1979",Textiles-Featherwork,Peru,Ica Valley,,,http://www.metmuseum.org/art/collection/search/312862,"Metropolitan Museum of Art, New York, NY",
312863,,True,"Arts of Africa, Oceania, and the Americas",Miniature tunic,Miniature Tunic,Ica,,,12th–13th century,1100,1300,"Cotton, feathers",H. 10 x W. 9 1/4 in. (25.4 x 23.5 cm),"The Michael C. Rockefeller Memorial Collection, Bequest of Nelson A. Rockefeller, 1979",Textiles-Featherwork,Peru,Ica Valley,,,http://www.metmuseum.org/art/collection/search/312863,"Metropolitan Museum of Art, New York, NY",
312864,,True,"Arts of Africa, Oceania, and the Americas",Miniature tunic,Miniature Tunic,Ica,,,12th–13th century,1100,1300,"Cotton, feathers",H. 9 x W. 8 in. (22.9 x 20.3 cm),"The Michael C. Rockefeller Memorial Collection, Bequest of Nelson A. Rockefeller, 1979",Textiles-Featherwork,Peru,Ica Valley,,,http://www.metmuseum.org/art/collection/search/312864,"Metropolitan Museum of Art, New York, NY",
312865,,True,"Arts of Africa, Oceania, and the Americas",Miniature tunic,Miniature Tunic,Ica,,,12th–13th century,1100,1300,"Cotton, feathers",H. 8 3/4 x W. 8 3/4in. (22.2 x 22.2cm),"The Michael C. Rockefeller Memorial Collection, Bequest of Nelson A. Rockefeller, 1979",Textiles-Featherwork,Peru,Ica Valley,,,http://www.metmuseum.org/art/collection/search/312865,"Metropolitan Museum of Art, New York, NY",
312866,,True,"Arts of Africa, Oceania, and the Americas",Miniature tunic,Miniature Tunic,Ica,,,12th–13th century,1100,1300,"Cotton, feathers",H. 8 x W. 7 in. (20.3 x 17.8 cm),"The Michael C. Rockefeller Memorial Collection, Bequest of Nelson A. Rockefeller, 1979",Textiles-Featherwork,Peru,Ica Valley,,,http://www.metmuseum.org/art/collection/search/312866,"Metropolitan Museum of Art, New York, NY",
312868,,True,"Arts of Africa, Oceania, and the Americas",Miniature tunic,Miniature Tunic,Ica,,,12th–13th century,1100,1300,"Cotton, feathers",H. 8 x W. 8 in. (20.3 x 20.3 cm),"The Michael C. Rockefeller Memorial Collection, Bequest of Nelson A. Rockefeller, 1979",Textiles-Featherwork,Peru,Ica Valley,,,http://www.metmuseum.org/art/collection/search/312868,"Metropolitan Museum of Art, New York, NY",
312869,,True,"Arts of Africa, Oceania, and the Americas",Miniature tunic,Miniature Tunic,Ica,,,12th–13th century,1100,1300,"Cotton, feathers",H. 7 1/2  x W. 7 1/8 in.  (19.1 x 19 cm),"The Michael C. Rockefeller Memorial Collection, Bequest of Nelson A. Rockefeller, 1979",Textiles-Featherwork,Peru,Ica Valley,,,http://www.metmuseum.org/art/collection/search/312869,"Metropolitan Museum of Art, New York, NY",
312870,,True,"Arts of Africa, Oceania, and the Americas",Miniature tunic,Miniature Tunic,Ica,,,12th–13th century,1100,1300,"Cotton, feathers",H. 9 3/4 x W. 10 1/4 in. (24.8 x 26.4 cm),"The Michael C. Rockefeller Memorial Collection, Bequest of Nelson A. Rockefeller, 1979",Textiles-Featherwork,Peru,Ica Valley,,,http://www.metmuseum.org/art/collection/search/312870,"Metropolitan Museum of Art, New York, NY",
312871,,True,"Arts of Africa, Oceania, and the Americas",Miniature tunic,Miniature Tunic,Ica,,,12th–13th century,1100,1300,"Cotton, feathers",H. 11 1/4 x W. 11 in. (28.6 x 27.9 cm),"The Michael C. Rockefeller Memorial Collection, Bequest of Nelson A. Rockefeller, 1979",Textiles-Featherwork,Peru,Ica Valley,,,http://www.metmuseum.org/art/collection/search/312871,"Metropolitan Museum of Art, New York, NY",
312872,,True,"Arts of Africa, Oceania, and the Americas",Miniature tunic,MiniatureTunic,Ica,,,12th–13th century,1100,1300,"Cotton, feathers",H. 15 x W. 13 1/2 in. (38.1 x 34.3 cm),"The Michael C. Rockefeller Memorial Collection, Bequest of Nelson A. Rockefeller, 1979",Textiles-Featherwork,Peru,Ica Valley,,,http://www.metmuseum.org/art/collection/search/312872,"Metropolitan Museum of Art, New York, NY",
312873,,True,"Arts of Africa, Oceania, and the Americas",Miniature tunic,Miniature Tunic,Ica,,,12th–13th century,1100,1300,"Cotton, feathers",H. 13 1/4 x W. 13 in. (33.7 x 33 cm),"The Michael C. Rockefeller Memorial Collection, Bequest of Nelson A. Rockefeller, 1979",Textiles-Featherwork,Peru,Ica Valley,,,http://www.metmuseum.org/art/collection/search/312873,"Metropolitan Museum of Art, New York, NY",
312874,,True,"Arts of Africa, Oceania, and the Americas",Miniature tunic,Miniature Tunic,Ica,,,12th–13th century,1100,1300,"Cotton, feathers",H. 13 7/8 x W. 13 1/4 in. (35.2 x 33.7 cm),"The Michael C. Rockefeller Memorial Collection, Bequest of Nelson A. Rockefeller, 1979",Textiles-Featherwork,Peru,Ica Valley,,,http://www.metmuseum.org/art/collection/search/312874,"Metropolitan Museum of Art, New York, NY",
312875,,True,"Arts of Africa, Oceania, and the Americas",Miniature tunic,Miniature Tunic,Ica,,,12th–13th century,1100,1300,"Cotton, feathers",H. 12 3/4 x W. 13 3/4  in. (32 x 34 cm),"The Michael C. Rockefeller Memorial Collection, Bequest of Nelson A. Rockefeller, 1979",Textiles-Featherwork,Peru,Ica Valley,,,http://www.metmuseum.org/art/collection/search/312875,"Metropolitan Museum of Art, New York, NY",
312876,,True,"Arts of Africa, Oceania, and the Americas",Miniature tunic,Miniature Tunic,Ica,,,12th–13th century,1100,1300,"Cotton, feathers",H. 13 3/8 x W. 14 1/2 in. (35.6 x 33.7cm),"The Michael C. Rockefeller Memorial Collection, Bequest of Nelson A. Rockefeller, 1979",Textiles-Featherwork,Peru,Ica Valley,,,http://www.metmuseum.org/art/collection/search/312876,"Metropolitan Museum of Art, New York, NY",
312877,,True,"Arts of Africa, Oceania, and the Americas",Miniature tunic,Miniature Tunic,Ica,,,12th–13th century,1100,1300,"Cotton, feathers",H. 6 x W. 5 3/4 in. (15.2 x 14.6 cm),"The Michael C. Rockefeller Memorial Collection, Bequest of Nelson A. Rockefeller, 1979",Textiles-Featherwork,Peru,Ica Valley,,,http://www.metmuseum.org/art/collection/search/312877,"Metropolitan Museum of Art, New York, NY",
312880,,True,"Arts of Africa, Oceania, and the Americas",Miniature tunic,Miniature Tunic,Ica,,,12th–13th century,1100,1300,"Cotton, feathers",H. 9 3/4 in. (24.8 cm),"The Michael C. Rockefeller Memorial Collection, Bequest of Nelson A. Rockefeller, 1979",Textiles-Featherwork,Peru,Ica Valley,,,http://www.metmuseum.org/art/collection/search/312880,"Metropolitan Museum of Art, New York, NY",
312911,,True,"Arts of Africa, Oceania, and the Americas",Hat,Four-Cornered Hat,Wari,,,7th–9th century,600,900,"Camelid hair, cotton",H. 5 1/2 x W. 4 1/2 in. (14 x 11.4 cm),"The Michael C. Rockefeller Memorial Collection, Bequest of Nelson A. Rockefeller, 1979",Textiles-Costumes,Peru,,,,http://www.metmuseum.org/art/collection/search/312911,"Metropolitan Museum of Art, New York, NY",
312912,,True,"Arts of Africa, Oceania, and the Americas",Panel,Feathered Panel,Wari,,,600–900 CE,600,900,"Feathers, cotton, camelid hair",H. 28 1/2 × W. 82 7/8 in. (72.39 × 210.5 cm),"The Michael C. Rockefeller Memorial Collection, Bequest of Nelson A. Rockefeller, 1979",Textiles-Featherwork,Peru,,,,http://www.metmuseum.org/art/collection/search/312912,"Metropolitan Museum of Art, New York, NY",
312913,,True,"Arts of Africa, Oceania, and the Americas",Panel,Feathered Panel,Wari,,,600–900 CE,600,900,"Feathers, cotton, camelid hair",H. 27 x W. 82 3/4 in. (68.6 x 210.2 cm),"The Michael C. Rockefeller Memorial Collection, Bequest of Nelson A. Rockefeller, 1979",Textiles-Featherwork,Peru,Churunga Valley,,,http://www.metmuseum.org/art/collection/search/312913,"Metropolitan Museum of Art, New York, NY",
312914,,True,"Arts of Africa, Oceania, and the Americas",Panel,Feathered Panel,Wari,,,600–900 CE,600,900,"Feathers, cotton, camelid hair",H. 30 1/2 x W. 81 3/4 (77.5 x 207.7 cm),"The Michael C. Rockefeller Memorial Collection, Bequest of Nelson A. Rockefeller, 1979",Textiles-Featherwork,Peru,Churunga Valley,,,http://www.metmuseum.org/art/collection/search/312914,"Metropolitan Museum of Art, New York, NY",
312932,,True,"Arts of Africa, Oceania, and the Americas",Tunic,Tunic,Nasca,,,7th century,600,700,Camelid hair,H. 26 3/8 x W. 14 1/2 in. (67 x 36.8 cm),"The Michael C. Rockefeller Memorial Collection, Bequest of Nelson A. Rockefeller, 1979",Textiles-Woven,Peru,,,,http://www.metmuseum.org/art/collection/search/312932,"Metropolitan Museum of Art, New York, NY",
312933,,True,"Arts of Africa, Oceania, and the Americas",Headdress,Headdress,Nasca,,,6th–7th century,500,700,Camelid hair,H. 3 x L. 136.25 in. (7.6 x 346.1 cm),"The Michael C. Rockefeller Memorial Collection, Bequest of Nelson A. Rockefeller, 1979",Textiles-Woven,Peru,,,,http://www.metmuseum.org/art/collection/search/312933,"Metropolitan Museum of Art, New York, NY",
312934,,True,"Arts of Africa, Oceania, and the Americas",Bag,Tapestry Bag with Pockets,Wari,,,7th–9th century,600,900,"Camelid hair, cotton",W. 6 5/8 in. (16.8 cm),"The Michael C. Rockefeller Memorial Collection, Bequest of Nelson A. Rockefeller, 1979",Textiles-Woven,Peru,,,,http://www.metmuseum.org/art/collection/search/312934,"Metropolitan Museum of Art, New York, NY",
312941,,True,"Arts of Africa, Oceania, and the Americas",Ornament,Textile ornament,Nasca,,,100 BCE–700 CE,-100,700,Gold,H. 4 1/2 × W. 4 5/8 × D. 1/4 in. (11.4 × 11.7 × 0.6 cm),"The Michael C. Rockefeller Memorial Collection, Bequest of Nelson A. Rockefeller, 1979",Metal-Ornaments,Peru,South Coast,,,http://www.metmuseum.org/art/collection/search/312941,"Metropolitan Museum of Art, New York, NY",
312942,,True,"Arts of Africa, Oceania, and the Americas",Ornament,Textile ornament,Nasca,,,100 BCE–700 CE,-100,700,Gold,H. 4 1/4 × W. 4 9/16 × D. 1/4 in. (10.8 × 11.5 × 0.6 cm),"The Michael C. Rockefeller Memorial Collection, Bequest of Nelson A. Rockefeller, 1979",Metal-Ornaments,Peru,South Coast,,,http://www.metmuseum.org/art/collection/search/312942,"Metropolitan Museum of Art, New York, NY",
312943,,True,"Arts of Africa, Oceania, and the Americas",Ornament,Textile ornament,Nasca,,,100 BCE–700 CE,-100,700,Gold,H. 4 11/16 × W. 4 1/8 × D. 1/4 in. (11.9 × 10.5 × 0.6 cm),"The Michael C. Rockefeller Memorial Collection, Bequest of Nelson A. Rockefeller, 1979",Metal-Ornaments,Peru,South Coast,,,http://www.metmuseum.org/art/collection/search/312943,"Metropolitan Museum of Art, New York, NY",
312944,,True,"Arts of Africa, Oceania, and the Americas",Ornament,Textile ornament,Nasca,,,100 BCE–700 CE,-100,700,Gold,H. 4 × W. 3 5/8 × D. 1/4 in. (10.2 × 9.2 × 0.6 cm),"The Michael C. Rockefeller Memorial Collection, Bequest of Nelson A. Rockefeller, 1979",Metal-Ornaments,Peru,South Coast,,,http://www.metmuseum.org/art/collection/search/312944,"Metropolitan Museum of Art, New York, NY",
312945,,True,"Arts of Africa, Oceania, and the Americas",Ornament,Textile ornament,Nasca,,,100 BCE–700 CE,-100,700,Gold,H. 3 3/4 × W. 4 × D. 1/4 in. (9.5 × 10.2 × 0.6 cm),"The Michael C. Rockefeller Memorial Collection, Bequest of Nelson A. Rockefeller, 1979",Metal-Ornaments,Peru,South Coast,,,http://www.metmuseum.org/art/collection/search/312945,"Metropolitan Museum of Art, New York, NY",
312946,,True,"Arts of Africa, Oceania, and the Americas",Ornament,Textile ornament,Nasca,,,100 BCE–700 CE,-100,700,Gold,H. 3 13/16 × W. 4 × D. 3/16 in. (9.7 × 10.2 × 0.5 cm),"The Michael C. Rockefeller Memorial Collection, Bequest of Nelson A. Rockefeller, 1979",Metal-Ornaments,Peru,South Coast,,,http://www.metmuseum.org/art/collection/search/312946,"Metropolitan Museum of Art, New York, NY",
312962,,True,"Arts of Africa, Oceania, and the Americas",Ornament,Textile Ornament,Salinar (?),,,1st century BCE–2nd century CE,-100,300,Gold (hammered),Diam. 1 3/8 in. (3.5 cm),"The Michael C. Rockefeller Memorial Collection, Bequest of Nelson A. Rockefeller, 1979",Metal-Ornaments,Peru,,,,http://www.metmuseum.org/art/collection/search/312962,"Metropolitan Museum of Art, New York, NY",
312963,,True,"Arts of Africa, Oceania, and the Americas",Ornament,Textile Ornament,Salinar (?),,,1st century BCE–2nd century CE,-100,300,Gold (hammered),Diam. 1 3/8 in. (3.5 cm),"The Michael C. Rockefeller Memorial Collection, Bequest of Nelson A. Rockefeller, 1979",Metal-Ornaments,Peru,,,,http://www.metmuseum.org/art/collection/search/312963,"Metropolitan Museum of Art, New York, NY",
312964,,True,"Arts of Africa, Oceania, and the Americas",Ornament,Textile Ornament,Salinar (?),,,1st century BCE–2nd century CE,-100,300,Gold (hammered),Diameter 1-3/8 in.,"The Michael C. Rockefeller Memorial Collection, Bequest of Nelson A. Rockefeller, 1979",Metal-Ornaments,Peru,,,,http://www.metmuseum.org/art/collection/search/312964,"Metropolitan Museum of Art, New York, NY",
312965,,True,"Arts of Africa, Oceania, and the Americas",Ornament,Textile Ornament,Salinar (?),,,1st century BCE–2nd century CE,-100,300,Gold (hammered),Diam. 1 3/8 in. (3.5 cm),"The Michael C. Rockefeller Memorial Collection, Bequest of Nelson A. Rockefeller, 1979",Metal-Ornaments,Peru,,,,http://www.metmuseum.org/art/collection/search/312965,"Metropolitan Museum of Art, New York, NY",
312966,,True,"Arts of Africa, Oceania, and the Americas",Ornament,Textile Ornament,Salinar (?),,,1st century BCE–2nd century CE,-100,300,Gold (hammered),Diam. 1 3/8 in. (3.5 cm),"The Michael C. Rockefeller Memorial Collection, Bequest of Nelson A. Rockefeller, 1979",Metal-Ornaments,Peru,,,,http://www.metmuseum.org/art/collection/search/312966,"Metropolitan Museum of Art, New York, NY",
312967,,True,"Arts of Africa, Oceania, and the Americas",Ornament,Textile Ornament,Salinar (?),,,1st century BCE–2nd century CE,-100,300,Gold (hammered),Diam. 1 3/8 in. (3.5 cm),"The Michael C. Rockefeller Memorial Collection, Bequest of Nelson A. Rockefeller, 1979",Metal-Ornaments,Peru,,,,http://www.metmuseum.org/art/collection/search/312967,"Metropolitan Museum of Art, New York, NY",
312968,,True,"Arts of Africa, Oceania, and the Americas",Ornament,Textile Ornament,Salinar (?),,,1st century BCE–2nd century CE,-100,300,Gold (hammered),Diam. 1 3/8 in. (3.5 cm),"The Michael C. Rockefeller Memorial Collection, Bequest of Nelson A. Rockefeller, 1979",Metal-Ornaments,Peru,,,,http://www.metmuseum.org/art/collection/search/312968,"Metropolitan Museum of Art, New York, NY",
312969,,True,"Arts of Africa, Oceania, and the Americas",Ornament,Textile Ornament,Salinar (?),,,1st century BCE–2nd century CE,-100,300,Gold (hammered),Diam. 1 3/8 in. (3.5 cm),"The Michael C. Rockefeller Memorial Collection, Bequest of Nelson A. Rockefeller, 1979",Metal-Ornaments,Peru,,,,http://www.metmuseum.org/art/collection/search/312969,"Metropolitan Museum of Art, New York, NY",
312970,,True,"Arts of Africa, Oceania, and the Americas",Ornament,Textile Ornament,Salinar (?),,,1st century BCE–2nd century CE,-100,300,Gold (hammered),Diam. 1 3/8 in. (3.5 cm),"The Michael C. Rockefeller Memorial Collection, Bequest of Nelson A. Rockefeller, 1979",Metal-Ornaments,Peru,,,,http://www.metmuseum.org/art/collection/search/312970,"Metropolitan Museum of Art, New York, NY",
312971,,True,"Arts of Africa, Oceania, and the Americas",Ornament,Textile Ornament,Salinar (?),,,1st century BCE–2nd century CE,-100,300,Gold (hammered),Diam. 1 3/8 in. (3.5 cm),"The Michael C. Rockefeller Memorial Collection, Bequest of Nelson A. Rockefeller, 1979",Metal-Ornaments,Peru,,,,http://www.metmuseum.org/art/collection/search/312971,"Metropolitan Museum of Art, New York, NY",
312972,,True,"Arts of Africa, Oceania, and the Americas",Ornament,Textile Ornament,Salinar (?),,,1st century BCE–2nd century CE,-100,300,Gold,Diam. 1 3/8 in. (3.5 cm),"The Michael C. Rockefeller Memorial Collection, Bequest of Nelson A. Rockefeller, 1979",Metal-Ornaments,Peru,,,,http://www.metmuseum.org/art/collection/search/312972,"Metropolitan Museum of Art, New York, NY",
312973,,True,"Arts of Africa, Oceania, and the Americas",Ornament,Textile Ornament,Salinar (?),,,1st century BCE–2nd century CE,-100,300,Gold (hammered),Diam. 1 3/8 in. (3.5 cm),"The Michael C. Rockefeller Memorial Collection, Bequest of Nelson A. Rockefeller, 1979",Metal-Ornaments,Peru,,,,http://www.metmuseum.org/art/collection/search/312973,"Metropolitan Museum of Art, New York, NY",
312974,,True,"Arts of Africa, Oceania, and the Americas",Ornament,Textile Ornament,Salinar (?),,,1st century BCE–2nd century CE,-100,300,Gold (hammered),Diam. 1 3/8 in. (3.5 cm),"The Michael C. Rockefeller Memorial Collection, Bequest of Nelson A. Rockefeller, 1979",Metal-Ornaments,Peru,,,,http://www.metmuseum.org/art/collection/search/312974,"Metropolitan Museum of Art, New York, NY",
312975,,True,"Arts of Africa, Oceania, and the Americas",Ornament,Textile Ornament,Salinar (?),,,1st century BCE–2nd century CE,-100,300,Gold (hammered),Diam. 1 3/8 in. (3.5 cm),"The Michael C. Rockefeller Memorial Collection, Bequest of Nelson A. Rockefeller, 1979",Metal-Ornaments,Peru,,,,http://www.metmuseum.org/art/collection/search/312975,"Metropolitan Museum of Art, New York, NY",
312976,,True,"Arts of Africa, Oceania, and the Americas",Ornament,Textile Ornament,Salinar (?),,,1st century BCE–2nd century CE,-100,300,Gold (hammered),Diam. 1 3/8 in. (3.5 cm),"The Michael C. Rockefeller Memorial Collection, Bequest of Nelson A. Rockefeller, 1979",Metal-Ornaments,Peru,,,,http://www.metmuseum.org/art/collection/search/312976,"Metropolitan Museum of Art, New York, NY",
312977,,True,"Arts of Africa, Oceania, and the Americas",Ornament,Textile Ornament,Salinar (?),,,1st century BCE–2nd century CE,-100,300,Gold (hammered),Diam. 1 3/8 in. (3.5 cm),"The Michael C. Rockefeller Memorial Collection, Bequest of Nelson A. Rockefeller, 1979",Metal-Ornaments,Peru,,,,http://www.metmuseum.org/art/collection/search/312977,"Metropolitan Museum of Art, New York, NY",
312978,,True,"Arts of Africa, Oceania, and the Americas",Ornament,Textile Ornament,Salinar (?),,,1st century BCE–2nd century CE,-100,300,Gold (hammered),Diam. 1 3/8 in. (3.5 cm),"The Michael C. Rockefeller Memorial Collection, Bequest of Nelson A. Rockefeller, 1979",Metal-Ornaments,Peru,,,,http://www.metmuseum.org/art/collection/search/312978,"Metropolitan Museum of Art, New York, NY",
312979,,True,"Arts of Africa, Oceania, and the Americas",Ornament,Textile Ornament,Salinar (?),,,1st century BCE–2nd century CE,-100,300,Gold (hammered),Diam. 1 3/8 in. (3.5 cm),"The Michael C. Rockefeller Memorial Collection, Bequest of Nelson A. Rockefeller, 1979",Metal-Ornaments,Peru,,,,http://www.metmuseum.org/art/collection/search/312979,"Metropolitan Museum of Art, New York, NY",
312980,,True,"Arts of Africa, Oceania, and the Americas",Ornament,Textile Ornament,Salinar (?),,,1st century BCE–2nd century CE,-100,300,Gold (hammered),Diam. 1 3/8 in. (3.5 cm),"The Michael C. Rockefeller Memorial Collection, Bequest of Nelson A. Rockefeller, 1979",Metal-Ornaments,Peru,,,,http://www.metmuseum.org/art/collection/search/312980,"Metropolitan Museum of Art, New York, NY",
312981,,True,"Arts of Africa, Oceania, and the Americas",Ornament,Textile Ornament,Salinar (?),,,1st century BCE–2nd century CE,-100,300,Gold (hammered),Diam. 1 3/8 in. (3.5 cm),"The Michael C. Rockefeller Memorial Collection, Bequest of Nelson A. Rockefeller, 1979",Metal-Ornaments,Peru,,,,http://www.metmuseum.org/art/collection/search/312981,"Metropolitan Museum of Art, New York, NY",
312982,,True,"Arts of Africa, Oceania, and the Americas",Ornament,Textile Ornament,Salinar (?),,,1st century BCE–2nd century CE,-100,300,Gold (hammered),Diam. 1 3/8 in. (3.5 cm),"The Michael C. Rockefeller Memorial Collection, Bequest of Nelson A. Rockefeller, 1979",Metal-Ornaments,Peru,,,,http://www.metmuseum.org/art/collection/search/312982,"Metropolitan Museum of Art, New York, NY",
312983,,True,"Arts of Africa, Oceania, and the Americas",Ornament,Textile Ornament,Salinar (?),,,1st century BCE–2nd century CE,-100,300,Gold (hammered),Diam. 1 3/8 in. (3.5 cm),"The Michael C. Rockefeller Memorial Collection, Bequest of Nelson A. Rockefeller, 1979",Metal-Ornaments,Peru,,,,http://www.metmuseum.org/art/collection/search/312983,"Metropolitan Museum of Art, New York, NY",
312984,,True,"Arts of Africa, Oceania, and the Americas",Ornament,Textile Ornament,Salinar (?),,,1st century BCE–2nd century CE,-100,300,Gold (hammered),Diam. 1 3/8 in. (3.5 cm),"The Michael C. Rockefeller Memorial Collection, Bequest of Nelson A. Rockefeller, 1979",Metal-Ornaments,Peru,,,,http://www.metmuseum.org/art/collection/search/312984,"Metropolitan Museum of Art, New York, NY",
312985,,True,"Arts of Africa, Oceania, and the Americas",Ornament,Textile Ornament,Salinar (?),,,1st century BCE–2nd century CE,-100,300,Gold (hammered),Diam. 1 3/8 in. (3.5 cm),"The Michael C. Rockefeller Memorial Collection, Bequest of Nelson A. Rockefeller, 1979",Metal-Ornaments,Peru,,,,http://www.metmuseum.org/art/collection/search/312985,"Metropolitan Museum of Art, New York, NY",
313006,,True,"Arts of Africa, Oceania, and the Americas",Hanging,Wall Hanging,Chimú,,,12th–14th century,1100,1400,"Camelid hair, cotton",H.101 1/2 x W. 76 3/4 in. (257.8 x 194.9 cm),"The Michael C. Rockefeller Memorial Collection, Bequest of Nelson A. Rockefeller, 1979",Textiles-Woven,Peru,,,,http://www.metmuseum.org/art/collection/search/313006,"Metropolitan Museum of Art, New York, NY",Animals
313008,,True,"Arts of Africa, Oceania, and the Americas",Ornament,Headdress ornament,Nasca,,,100 BCE–700 CE,-100,700,Gold,H. 13 7/8 × W. 9 1/4 × D. 1 in. (35.2 × 23.5 × 2.5 cm),"The Michael C. Rockefeller Memorial Collection, Bequest of Nelson A. Rockefeller, 1979",Metalwork-Ornaments,Peru,South Coast,,,http://www.metmuseum.org/art/collection/search/313008,"Metropolitan Museum of Art, New York, NY",
313093,,True,"Arts of Africa, Oceania, and the Americas",Sampler,Sampler,Nasca,,,2nd century BCE,-200,-100,"Cotton, camelid hair",H. 28 3/8 x W. 41 5/8 in. (72.1 x 105.7 cm),"The Michael C. Rockefeller Memorial Collection, Bequest of Nelson A. Rockefeller, 1979",Textiles-Woven,Peru,,,,http://www.metmuseum.org/art/collection/search/313093,"Metropolitan Museum of Art, New York, NY",Human Figures|Birds
313105,,True,"Arts of Africa, Oceania, and the Americas",Panel,Feathered Panel,Wari,,,600–900 CE,600,900,"Feathers, cotton, camelid hair",H. 35 1/2 x W. 85 1/2 in. (217.2 cm),"The Michael C. Rockefeller Memorial Collection, Bequest of Nelson A. Rockefeller, 1979",Textiles-Featherwork,Peru,Churunga Valley,,,http://www.metmuseum.org/art/collection/search/313105,"Metropolitan Museum of Art, New York, NY",
313106,,True,"Arts of Africa, Oceania, and the Americas",Panel,Feathered Panel,Wari,,,600–900 CE,600,900,"Feathers, cotton, camelid hair",H. 29 1/2 x W. 88 7/8 x D. 1/2 in. (74.9 x 225.7 x 1.3 cm),"The Michael C. Rockefeller Memorial Collection, Bequest of Nelson A. Rockefeller, 1979",Textiles-Featherwork,Peru,Churunga Valley,,,http://www.metmuseum.org/art/collection/search/313106,"Metropolitan Museum of Art, New York, NY",
313107,,True,"Arts of Africa, Oceania, and the Americas",Panel,Feathered Panel,Wari,,,600–900 CE,600,900,"Feathers, cotton, camelid hair",H. 30 1/2 x W.  89 x D. 16 1/4 in. (77.5 x 226.1 x 41.3 cm),"The Michael C. Rockefeller Memorial Collection, Bequest of Nelson A. Rockefeller, 1979",Textiles-Featherwork,Peru,Churunga Valley,,,http://www.metmuseum.org/art/collection/search/313107,"Metropolitan Museum of Art, New York, NY",
313108,,True,"Arts of Africa, Oceania, and the Americas",Panel,Feathered Panel,Wari,,,600–900 CE,600,900,"Feathers, cotton, camelid hair",H. 27 x W. 83 1/4 x D. 7/8 in. (68.6 x 211.5 x 2.2 cm),"The Michael C. Rockefeller Memorial Collection, Bequest of Nelson A. Rockefeller, 1979",Textiles-Featherwork,Peru,Churunga Valley,,,http://www.metmuseum.org/art/collection/search/313108,"Metropolitan Museum of Art, New York, NY",
313121,,True,"Arts of Africa, Oceania, and the Americas",Panel,Panel,Chancay,,,15th–16th century,1400,1600,"Cotton, camelid hair",H. 22 1/2 x W. 98 in. (57.2 x 248.9 cm),"The Michael C. Rockefeller Memorial Collection, Bequest of Nelson A. Rockefeller, 1979",Textiles-Woven,Peru,,,,http://www.metmuseum.org/art/collection/search/313121,"Metropolitan Museum of Art, New York, NY",
313122,,True,"Arts of Africa, Oceania, and the Americas",Textile fragment,Painted Hanging,Chimú,,,12th–15th century,1100,1500,"Cotton, paint",H. 47 3/4 x W. 78 1/4 in. (121.3 x 198.8 cm),"The Michael C. Rockefeller Memorial Collection, Bequest of Nelson A. Rockefeller, 1979",Textiles-Woven,Peru,,,,http://www.metmuseum.org/art/collection/search/313122,"Metropolitan Museum of Art, New York, NY",Animals
313129,,True,"Arts of Africa, Oceania, and the Americas",Hanging,Hanging,Wari (?),,,7th–10th century,600,1000,"Cotton, paint",H. 33 1/2 x W. 144 1/2 in. (85.1 x 367 cm),"The Michael C. Rockefeller Memorial Collection, Bequest of Nelson A. Rockefeller, 1979",Textiles-Woven,Peru,,,,http://www.metmuseum.org/art/collection/search/313129,"Metropolitan Museum of Art, New York, NY",
313134,,True,"Arts of Africa, Oceania, and the Americas",Headband fragment,Openwork Headband,Chancay,,,12th–15th century,1100,1500,Cotton,H. 13 3/4 x W. 23 in. (34.9 x 58.4 cm),"The Michael C. Rockefeller Memorial Collection, Bequest of Nelson A. Rockefeller, 1979",Textiles-Costumes,Peru,,,,http://www.metmuseum.org/art/collection/search/313134,"Metropolitan Museum of Art, New York, NY",
313135,,True,"Arts of Africa, Oceania, and the Americas",Headband fragment,Openwork Headband,Chancay,,,12th–15th century,1100,1500,Cotton,H. 34 3/4 x W. 17 1/4 in. (88.3 x 43.8 cm),"The Michael C. Rockefeller Memorial Collection, Bequest of Nelson A. Rockefeller, 1979",Textiles-Costumes,Peru,,,,http://www.metmuseum.org/art/collection/search/313135,"Metropolitan Museum of Art, New York, NY",
313143,,True,"Arts of Africa, Oceania, and the Americas",Sash,Tapestry Sash,Chancay,,,12th–14th century,1100,1400,"Camelid hair, cotton",H.1 1/4 x W. 103 1/4 in. (3.2 x 262.3 cm),"The Michael C. Rockefeller Memorial Collection, Bequest of Nelson A. Rockefeller, 1979",Textiles-Woven,Peru,,,,http://www.metmuseum.org/art/collection/search/313143,"Metropolitan Museum of Art, New York, NY",
313148,,True,"Arts of Africa, Oceania, and the Americas",Basket with weaving implements,Weaving Basket,Chancay,,,12th–14th century,1100,1400,"Cane, shell, bone, fiber, camelid hair, wood, pigment, metal, stone",H. 22 1/2 x W. 7 1/2 x D. 4 5/8 in. (57.2 x 19.1 x 11.8 cm),"The Michael C. Rockefeller Memorial Collection, Bequest of Nelson A. Rockefeller, 1979",Textiles-Implements,Peru,,,,http://www.metmuseum.org/art/collection/search/313148,"Metropolitan Museum of Art, New York, NY",
313152,,True,"Arts of Africa, Oceania, and the Americas",Tunic,Tunic,Inca,,,1450–1550,1450,1550,Camelid hair,H. 22 x W. 34 in. (55.9 x 86.4 cm),"The Michael C. Rockefeller Memorial Collection, Bequest of Nelson A. Rockefeller, 1979",Textiles-Woven,Peru,,,,http://www.metmuseum.org/art/collection/search/313152,"Metropolitan Museum of Art, New York, NY",
313153,,True,"Arts of Africa, Oceania, and the Americas",Tunic,Tunic with Felines,Chimú,,,1450–1550,1450,1450,"Cotton, camelid hair",H. 25 x  W. 70  in. (63.5 x 177.8 cm),"The Michael C. Rockefeller Memorial Collection, Bequest of Nelson A. Rockefeller, 1979",Textiles-Woven,Peru,,,,http://www.metmuseum.org/art/collection/search/313153,"Metropolitan Museum of Art, New York, NY",Cats
313202,,True,"Arts of Africa, Oceania, and the Americas",Headband (?),Gauze Headband (?),Chancay,,,10th–15th century,900,1500,"Cotton, camelid hair",H.19 1/2 x W. 25 1/2 in. (49.5 x 64.8 cm),"The Michael C. Rockefeller Memorial Collection, Bequest of Nelson A. Rockefeller, 1979",Textiles-Costumes,Peru,,,,http://www.metmuseum.org/art/collection/search/313202,"Metropolitan Museum of Art, New York, NY",Birds
313234,,True,"Arts of Africa, Oceania, and the Americas",Hanging (?),Hanging (?),Nasca,,,7th century,600,700,"Cotton, camelid hair",H. 52 x W. 112 in. (132.1 x 284.5 cm),"The Michael C. Rockefeller Memorial Collection, Bequest of Nelson A. Rockefeller, 1979",Textiles-Woven,Peru,,,,http://www.metmuseum.org/art/collection/search/313234,"Metropolitan Museum of Art, New York, NY",
313237,,True,"Arts of Africa, Oceania, and the Americas",Textile fragment,Tapestry Fragment,Chimú,,,12th–15th century,1100,1500,"Camelid hair, cotton",H. 24 x W. 10 in. (61 x 25.4 cm),"The Michael C. Rockefeller Memorial Collection, Bequest of Nelson A. Rockefeller, 1979",Textiles-Woven,Peru,,,,http://www.metmuseum.org/art/collection/search/313237,"Metropolitan Museum of Art, New York, NY",
313271,,True,"Arts of Africa, Oceania, and the Americas",Head ornament,Headband,Inca,,,15th–16th century,1400,1600,Gold (hammered),H. 3 1/8 x W. 24 5/8 in. (7.9 x 62.6 cm),"The Michael C. Rockefeller Memorial Collection, Bequest of Nelson A. Rockefeller, 1979",Metal-Ornaments,Peru,,,,http://www.metmuseum.org/art/collection/search/313271,"Metropolitan Museum of Art, New York, NY",
313324,,True,"Arts of Africa, Oceania, and the Americas",Tunic,Sleeveless Tunic,Inca,,,15th–early 17th century,1400,1630,"Cotton, camelid hair",H. 31 x W. 41 1/2 in. (78.7 x 105.4 cm),"The Michael C. Rockefeller Memorial Collection, Bequest of Nelson A. Rockefeller, 1979",Textiles-Woven,Peru,,,,http://www.metmuseum.org/art/collection/search/313324,"Metropolitan Museum of Art, New York, NY",Cats
313339,,True,"Arts of Africa, Oceania, and the Americas",Textile fragment,Dress Fragment,Nasca,,,1st–2nd century,100,200,"Cotton, pigment",H. 68 3/4 x W. 17 3/4 in. (174.6 x 45.1 cm),"The Michael C. Rockefeller Memorial Collection, Bequest of Nelson A. Rockefeller, 1979",Textiles-Woven,Peru,,,,http://www.metmuseum.org/art/collection/search/313339,"Metropolitan Museum of Art, New York, NY",
313343,,True,"Arts of Africa, Oceania, and the Americas",Ornament,Headdress Ornament,Moche,,,200–600 CE,200,600,Gold,H. 9 × W. 10 1/2 × W. 1/8 in. (22.9 × 26.7 × 0.3 cm),"The Michael C. Rockefeller Memorial Collection, Bequest of Nelson A. Rockefeller, 1979",Metal-Ornaments,Peru,North Coast,,,http://www.metmuseum.org/art/collection/search/313343,"Metropolitan Museum of Art, New York, NY",
313402,,True,"Arts of Africa, Oceania, and the Americas",Ornament,Headdress Ornament,Moche,,,6th–7th century,500,700,Gold,H. 4 5/8 × W. 6 3/8 × D. 3/4 in. (11.7 × 16.2 × 1.9 cm),"The Michael C. Rockefeller Memorial Collection, Bequest of Nelson A. Rockefeller, 1979",Metal-Ornaments,Peru,,,,http://www.metmuseum.org/art/collection/search/313402,"Metropolitan Museum of Art, New York, NY",Birds
314033,,True,"Arts of Africa, Oceania, and the Americas",Textile fragment,Woven Fragment,Peru; south coast (?),,,12th–15th century,1100,1500,Camelid hair,L. 9 3/4 in. (24.8 cm),"Gift of Mr. Vincent Minetti, 1979",Textiles-Woven,Peru,,,,http://www.metmuseum.org/art/collection/search/314033,"Metropolitan Museum of Art, New York, NY",
314177,,True,"Arts of Africa, Oceania, and the Americas",Male figure,Ceramic Seated Male with Headdress,Manteño,,,6th–11th century,500,1100,Ceramic,H. 22 1/2 x W. 11 in. (57.2 x 27.9 cm),"Gift of Margaret B. Zorach, 1980",Ceramics-Sculpture,Ecuador,,,,http://www.metmuseum.org/art/collection/search/314177,"Metropolitan Museum of Art, New York, NY",Men
314218,,True,"Arts of Africa, Oceania, and the Americas",Mantle,Mantle,Nasca,,,3rd–1st century BCE,-300,-1,"Cotton, camelid hair",H.  59 1/2 x W.  53 in. (151.1 x 134.6 cm),"Gift of Arthur M. Bullowa, 1980",Textiles-Woven,Peru,,,,http://www.metmuseum.org/art/collection/search/314218,"Metropolitan Museum of Art, New York, NY",
314219,,True,"Arts of Africa, Oceania, and the Americas",Mantle,Mantle,Nasca,,,3rd–1st century BCE,-300,-1,"Cotton, camelid hair",H. 53 x W. 64 in. (134.6 x 162.6 cm),"Gift of Arthur M. Bullowa, 1980",Textiles-Woven,Peru,,,,http://www.metmuseum.org/art/collection/search/314219,"Metropolitan Museum of Art, New York, NY",
314353,,True,"Arts of Africa, Oceania, and the Americas",Tunic,Tunic,Wari,,,7th–9th century,600,900,Camelid hair,H. 36 1/8 x W. 44 3/8 in. (91.8 x 112.7 cm),"Gift of Arthur M. Bullowa, 1980",Textiles-Woven,Peru,,,,http://www.metmuseum.org/art/collection/search/314353,"Metropolitan Museum of Art, New York, NY",
314354,,True,"Arts of Africa, Oceania, and the Americas",Tunic,Tie-Dye Tunic,Wari,,,mid-8th–mid-9th century,750,850,Camelid hair,H. 33 x  W. 48 in. (83.8 x 121.9 cm),"Gift of Arthur M. Bullowa, 1980",Textiles-Woven,Peru,,,,http://www.metmuseum.org/art/collection/search/314354,"Metropolitan Museum of Art, New York, NY",
314355,,True,"Arts of Africa, Oceania, and the Americas",Tunic,Tunic,Wari,,,425–550,425,550,Camelid hair,"H. 46 x W. 54 3/4  in. (116.8 x 139.1 cm)
","Gift of Arthur M. Bullowa, 1980",Textiles-Woven,Peru,,,,http://www.metmuseum.org/art/collection/search/314355,"Metropolitan Museum of Art, New York, NY",
314363,,True,"Arts of Africa, Oceania, and the Americas",Tunic,Tunic,Nasca,,,1st century BCE–2nd century CE,-100,200,Camelid hair,H. 33 1/4 x W. 49 1/4in. (125.1 x 84.5cm),"Gift of Arthur M. Bullowa, 1981",Textiles-Woven,Peru,,,,http://www.metmuseum.org/art/collection/search/314363,"Metropolitan Museum of Art, New York, NY",
314528,,True,"Arts of Africa, Oceania, and the Americas",Tunic,Tunic with Diamond Band,Inca,,,1460–1540,1460,1540,"Camelid hair, cotton",W. 29 × L. 35 in. (73.7 × 88.9 cm),"Rogers Fund, 1982",Textiles-Woven,Peru,,,,http://www.metmuseum.org/art/collection/search/314528,"Metropolitan Museum of Art, New York, NY",
314613,,True,"Arts of Africa, Oceania, and the Americas",Hanging,Hanging,Chimú,,,12th–15th century,1100,1500,Cotton,H. 61 x W. 79 in.,"Gift of Jacob and Bronka Weintraub, 1983",Textiles-Woven,Peru,,,,http://www.metmuseum.org/art/collection/search/314613,"Metropolitan Museum of Art, New York, NY",
314614,,True,"Arts of Africa, Oceania, and the Americas",Hat,Cap Woven with Human Hair,Inca,,,14th–16th century,1300,1600,"Camelid hair, human hair",Length 28 in.,"Gift of Jacob and Bronka Weintraub, 1983",Textiles-Woven,Peru,,,,http://www.metmuseum.org/art/collection/search/314614,"Metropolitan Museum of Art, New York, NY",
314615,,True,"Arts of Africa, Oceania, and the Americas",Sling shot,Woven Sling Shot,Inca,,,14th–16th century,1300,1600,Camelid hair,H x W: 3 x 128 in. (7.6 x 325.1 cm),"Gift of Jacob and Bronka Weintraub, 1983",Textiles-Woven,Peru,,,,http://www.metmuseum.org/art/collection/search/314615,"Metropolitan Museum of Art, New York, NY",Weapons
314616,,True,"Arts of Africa, Oceania, and the Americas",Sling shot,Woven Sling Shot,Inca,,,15th–18th century,1400,1800,Camelid hair,H x W: 1 x 93in. (2.5 x 236.2cm),"Gift of Jacob and Bronka Weintraub, 1983",Textiles-Woven,Peru,,,,http://www.metmuseum.org/art/collection/search/314616,"Metropolitan Museum of Art, New York, NY",
314617,,True,"Arts of Africa, Oceania, and the Americas",Sling shot,Woven Sling Shot,Inca,,,15th–18th century,1400,1800,Camelid hair,H x W: 7/8 x 112in. (2.2 x 284.5cm),"Gift of Jacob and Bronka Weintraub, 1983",Textiles-Woven,Peru,,,,http://www.metmuseum.org/art/collection/search/314617,"Metropolitan Museum of Art, New York, NY",Weapons
314618,,True,"Arts of Africa, Oceania, and the Americas",Shirt,Shirt,Peru; central coast (?),,,1460–1540,1460,1540,"Camelid hair, cotton",H. 19 x. W. 47 in. ( 48.3  x 119.4cm),"Gift of Arthur M. Bullowa, 1983",Textiles-Woven,Peru,,,,http://www.metmuseum.org/art/collection/search/314618,"Metropolitan Museum of Art, New York, NY",
314619,,False,"Arts of Africa, Oceania, and the Americas",Carrying cloth,Carrying Cloth (?),Inca,,,15th–16th century,1400,1600,Camelid hair,H x W: 24 1/4 x 35 1/2in. (61.6 x 90.2cm),"Gift of Arthur M. Bullowa, 1983",Textiles-Woven,Peru,,,,http://www.metmuseum.org/art/collection/search/314619,"Metropolitan Museum of Art, New York, NY",
314620,,True,"Arts of Africa, Oceania, and the Americas",Hat,Four-Cornered Hat,Wari,,,7th–9th century,600,900,Camelid hair,W. 6 1/2 in. × D. 6 in. (16.5 × 15.2 cm),"Gift of Arthur M. Bullowa, 1983",Textiles-Costumes,Peru,,,,http://www.metmuseum.org/art/collection/search/314620,"Metropolitan Museum of Art, New York, NY",
314621,,True,"Arts of Africa, Oceania, and the Americas",Hat,Four-Cornered Hat,Wari,,,7th–9th century,600,900,Camelid hair,H. 5 1/4 × W. 6 3/4 in. (13.3 × 17.2 cm),"Gift of Arthur M. Bullowa, 1983",Textiles-Costumes,Peru,,,,http://www.metmuseum.org/art/collection/search/314621,"Metropolitan Museum of Art, New York, NY",
314622,,True,"Arts of Africa, Oceania, and the Americas",Hat,Four-Cornered Hat,Wari,,,7th–9th century,600,900,Camelid hair,H. 4 3/4 × W. 7 1/4 in. (12.1 × 18.4 cm),"Gift of Arthur M. Bullowa, 1983",Textiles-Costumes,Peru,,,,http://www.metmuseum.org/art/collection/search/314622,"Metropolitan Museum of Art, New York, NY",
314623,,True,"Arts of Africa, Oceania, and the Americas",Hat,Four-Cornered Hat,Wari,,,500–900 CE,500,900,Camelid fiber,H. 4 7/8 x W. 6 7/8 in. (12.4 x 17.5 cm),"Gift of Arthur M. Bullowa, 1983",Textiles-Costumes,Peru,,,,http://www.metmuseum.org/art/collection/search/314623,"Metropolitan Museum of Art, New York, NY",
314624,,True,"Arts of Africa, Oceania, and the Americas",Hat,Four-Cornered Hat,Wari,,,8th–10th century,700,1000,Camelid hair,H. 5 1/2 × W. 5 3/4 in. (14 × 14.6 cm),"Gift of Arthur M. Bullowa, 1983",Textiles-Costumes,Peru,,,,http://www.metmuseum.org/art/collection/search/314624,"Metropolitan Museum of Art, New York, NY",
314625,,True,"Arts of Africa, Oceania, and the Americas",Hat,Four-Cornered Hat,Wari,,,7th–9th century,600,900,Camelid hair,H. 4 in. × W. 6 1/2 in. (10.2 × 16.5 cm),"Gift of Arthur M. Bullowa, 1983",Textiles-Costumes,Peru,,,,http://www.metmuseum.org/art/collection/search/314625,"Metropolitan Museum of Art, New York, NY",
314685,,True,"Arts of Africa, Oceania, and the Americas",Panel fragment,Panel with Figure,Chimú,,,12th–15th century,1100,1500,"Cotton, camelid hair",H. 28 x W. 69 in. (71.1 x 175.3cm),"Gift of Judith Riklis, 1983",Textiles-Woven,Peru,,,,http://www.metmuseum.org/art/collection/search/314685,"Metropolitan Museum of Art, New York, NY",
314686,,True,"Arts of Africa, Oceania, and the Americas",Textile fragment,Fragment,Chimú,,,12th–15th century,1100,1500,"Camelid hair, cotton",H x W: 4 1/2 x 16in. (11.4 x 40.6cm),"Gift of Judith Riklis, 1983",Textiles-Woven,Peru,,,,http://www.metmuseum.org/art/collection/search/314686,"Metropolitan Museum of Art, New York, NY",
314894,,True,"Arts of Africa, Oceania, and the Americas",Panel,Square Cloth with Feathered Border,Chimú,,,14th–15th century,1300,1500,"Feathers, camelid hair, cotton, wool",H x W: 12 x 2 3/8in. (30.5 x 6cm),"Bequest of Jane Costello Goldberg, from the Collection of Arnold I. Goldberg, 1986",Textiles-Featherwork,Peru,,,,http://www.metmuseum.org/art/collection/search/314894,"Metropolitan Museum of Art, New York, NY",
314896,,True,"Arts of Africa, Oceania, and the Americas",Boot,Slipper with Metal Ornaments,Chimú or Chancay,,,13th–15th century,1200,1500,"Metal (hammered), camelid hair, cotton",Length 4-3/4 in.,"Bequest of Jane Costello Goldberg, from the Collection of Arnold I. Goldberg, 1986",Metal-Ornaments,Peru,,,,http://www.metmuseum.org/art/collection/search/314896,"Metropolitan Museum of Art, New York, NY",
314897,,True,"Arts of Africa, Oceania, and the Americas",Bag,Bag with Shell Beads,Chimú or Chancay,,,14th–15th century,1300,1500,"Cotton, shell beads",H x W: 5 1/8 x 5 1/2in. (13 x 14cm),"Bequest of Jane Costello Goldberg, from the Collection of Arnold I. Goldberg, 1986",Beads-Ornaments,Peru,,,,http://www.metmuseum.org/art/collection/search/314897,"Metropolitan Museum of Art, New York, NY",
315048,,True,"Arts of Africa, Oceania, and the Americas",Mantle,Mantle,Ocucaje,,,2nd–1st century BCE,-200,-1,Camelid hair,H. 54 1/4 x W. 74 3/8 in. (188.9 x 137.8cm),"Gift of Rosetta and Louis Slavitz, 1986",Textiles-Woven,Peru,,,,http://www.metmuseum.org/art/collection/search/315048,"Metropolitan Museum of Art, New York, NY",
315049,,True,"Arts of Africa, Oceania, and the Americas",Mantle,Mantle,Paracas,,,2nd–1st century BCE,-200,-1,Camelid hair,H. 78 3/8 x W. 56 1/2 in. (199.1 x 143.5 cm),"Gift of Louis Slavitz, 1986",Textiles-Woven,Peru,,,,http://www.metmuseum.org/art/collection/search/315049,"Metropolitan Museum of Art, New York, NY",
315050,,True,"Arts of Africa, Oceania, and the Americas",Tunic,Tunic,Wari,,,700–850,700,850,Camelid hair,H. 34 x  W. 46 in. (86.4 x 116.8 cm),"Gift of Rosetta and Louis Slavitz, 1986",Textiles-Woven,Peru,,,,http://www.metmuseum.org/art/collection/search/315050,"Metropolitan Museum of Art, New York, NY",
315065,,True,"Arts of Africa, Oceania, and the Americas",Necklace,Multi-strand Necklace,Wari (?),,,6th–10th century,500,1000,"Shell beads, cotton",Length 35 in. (88.9 cm),"Purchase, Judith S. Randal Foundation Gift, 1987",Beads-Ornaments,Peru,,,,http://www.metmuseum.org/art/collection/search/315065,"Metropolitan Museum of Art, New York, NY",
315066,,True,"Arts of Africa, Oceania, and the Americas",Necklace,Multi-strand Necklace,Wari (?),,,6th–10th century,500,1000,"Shell, cotton",L. 35 in. (88.9 cm),"Purchase, Judith S. Randal Foundation Gift, 1987",Beads-Ornaments,Peru,,,,http://www.metmuseum.org/art/collection/search/315066,"Metropolitan Museum of Art, New York, NY",
315109,,True,"Arts of Africa, Oceania, and the Americas",Ornament,Mask with Headdress,Moche,,,6th–7th century,500,700,"Silvered copper, shell",Height 11-13/16 in. (30 cm),"Bequest of Jane Costello Goldberg, from the Collection of Arnold I. Goldberg, 1986",Metal-Ornaments,Peru,,,,http://www.metmuseum.org/art/collection/search/315109,"Metropolitan Museum of Art, New York, NY",Masks
315119,,True,"Arts of Africa, Oceania, and the Americas",Ornament,Shield with owl figure,Moche,,,500–800 CE,500,800,"Gilded copper, silvered copper, shell, beads, fibers, organic pseudomorphs",H. 10 1/2 × W. 10 1/2 × D. 1 in. (26.7 × 26.7 × 2.5 cm),"Bequest of Jane Costello Goldberg, from the Collection of Arnold I. Goldberg, 1986",Metal-Ornaments,Peru,Piura region,,,http://www.metmuseum.org/art/collection/search/315119,"Metropolitan Museum of Art, New York, NY",Owls
315128,,True,"Arts of Africa, Oceania, and the Americas",Ornament,Headdress Ornament,Moche,,,6th–7th century,500,700,"Silvered copper, shell, turquoise",H x W: 18 1/2 x 23 1/4in. (47 x 59cm),"Bequest of Jane Costello Goldberg, from the Collection of Arnold I. Goldberg, 1986",Metal-Ornaments,Peru,,,,http://www.metmuseum.org/art/collection/search/315128,"Metropolitan Museum of Art, New York, NY",Faces
315149,,True,"Arts of Africa, Oceania, and the Americas",Fragment,Headdress Fragment,Moche,,,6th–7th century,500,700,Gilded copper,H x W: 9 3/4 x 7 1/16in. (24.8 x 18cm),"Bequest of Jane Costello Goldberg, from the Collection of Arnold I. Goldberg, 1986",Metal-Ornaments,Peru,,,,http://www.metmuseum.org/art/collection/search/315149,"Metropolitan Museum of Art, New York, NY",
315150,,True,"Arts of Africa, Oceania, and the Americas",Ornament fragment,Headdress Fragment,Moche,,,6th–7th century,500,700,Gilded copper,H x W: 10 x 7 1/16in. (25.4 x 18cm),"Bequest of Jane Costello Goldberg, from the Collection of Arnold I. Goldberg, 1986",Metal-Ornaments,Peru,,,,http://www.metmuseum.org/art/collection/search/315150,"Metropolitan Museum of Art, New York, NY",
315201,,True,"Arts of Africa, Oceania, and the Americas",Ornament,Face Mask Ornament with Headdress,Moche,,,6th–7th century,500,700,Gilded copper,H. 2 3/8 x W. 3 15/16 in. (6 x 10 cm),"Bequest of Jane Costello Goldberg, from the Collection of Arnold I. Goldberg, 1986",Metal-Ornaments,Peru,,,,http://www.metmuseum.org/art/collection/search/315201,"Metropolitan Museum of Art, New York, NY",
315207,,True,"Arts of Africa, Oceania, and the Americas",Crown,Headdress Crown,Moche,,,6th–7th century,500,700,"Silvered copper, gilded copper",H x W: 18 x 23in. (45.7 x 58.4cm),"Bequest of Jane Costello Goldberg, from the Collection of Arnold I. Goldberg, 1986",Metal-Ornaments,Peru,,,,http://www.metmuseum.org/art/collection/search/315207,"Metropolitan Museum of Art, New York, NY",
315271,,True,"Arts of Africa, Oceania, and the Americas",Weaving tool,Copper Weaving Implement with Disk,Vicús (?),,,3rd century BCE–2nd century CE,-300,200,"Copper (hammered), turquoise",Length 15-7/8 in. (40.3 cm),"Bequest of Jane Costello Goldberg, from the Collection of Arnold I. Goldberg, 1986",Metal-Implements,Peru,,,,http://www.metmuseum.org/art/collection/search/315271,"Metropolitan Museum of Art, New York, NY",
315339,,True,"Arts of Africa, Oceania, and the Americas",Ornament,Copper Poncho Ornament,Chimú,,,12th–15th century,1100,1500,Copper,Height 3 in. (7.6 cm),"Bequest of Jane Costello Goldberg, from the Collection of Arnold I. Goldberg, 1986",Metal-Ornaments,Peru,,,,http://www.metmuseum.org/art/collection/search/315339,"Metropolitan Museum of Art, New York, NY",
315362,,True,"Arts of Africa, Oceania, and the Americas",Crown,Silvered Crown,Chimú,,,12th–15th century,1100,1500,"Silver (hammered), textile fragments",H.18 1/2 in. (47 cm),"Bequest of Jane Costello Goldberg, from the Collection of Arnold I. Goldberg, 1986",Metal-Ornaments,Peru,,,,http://www.metmuseum.org/art/collection/search/315362,"Metropolitan Museum of Art, New York, NY",
315429,,True,"Arts of Africa, Oceania, and the Americas",Earflare,Earflare,Wari,,,7th–10th century,600,1000,"Silver, cotton",Diam. 3 1/4 x L. 3 3/4 in. (9.5 cm),"Bequest of Jane Costello Goldberg, from the Collection of Arnold I. Goldberg, 1986",Textiles,Peru,,,,http://www.metmuseum.org/art/collection/search/315429,"Metropolitan Museum of Art, New York, NY",Animals
315430,,True,"Arts of Africa, Oceania, and the Americas",Earflare,Earflare,Wari,,,7th–10th century,600,1000,"Silver, cotton",W. 3 1/4 x  L. 3 3/4 in. (8.3 x 9.5 cm),"Bequest of Jane Costello Goldberg, from the Collection of Arnold I. Goldberg, 1986",Metal-Musical Instruments,Peru,,,,http://www.metmuseum.org/art/collection/search/315430,"Metropolitan Museum of Art, New York, NY",
315493,,True,"Arts of Africa, Oceania, and the Americas",Belt ornament,Belt Ornament,Moche,,,2nd–7th century,100,700,Copper,Width 7-1/8 in. (18 cm.),"Bequest of Jane Costello Goldberg, from the Collection of Arnold I. Goldberg, 1986",Metal-Ornaments,Peru,,,,http://www.metmuseum.org/art/collection/search/315493,"Metropolitan Museum of Art, New York, NY",
315494,,True,"Arts of Africa, Oceania, and the Americas",Belt ornament,Belt Ornament,Moche,,,2nd–7th century,100,700,Copper,Width 7-1/8 in. (18 cm.),"Bequest of Jane Costello Goldberg, from the Collection of Arnold I. Goldberg, 1986",Metal-Ornaments,Peru,,,,http://www.metmuseum.org/art/collection/search/315494,"Metropolitan Museum of Art, New York, NY",
315581,,True,"Arts of Africa, Oceania, and the Americas",Plaque,Round Plaque,Vicús,,,3rd century BCE–2nd century CE,-300,200,"Copper (hammered), gilt, cloth fragments",Diameter 1-5/8 in. (4.1 cm),"Bequest of Jane Costello Goldberg, from the Collection of Arnold I. Goldberg, 1986",Metal-Ornaments,Peru,,,,http://www.metmuseum.org/art/collection/search/315581,"Metropolitan Museum of Art, New York, NY",
315643,,True,"Arts of Africa, Oceania, and the Americas",Ornament,Belt Ornament,Moche,,,2nd–7th century,100,700,Copper,Height 4-1/4 in. (10.8 cm),"Bequest of Jane Costello Goldberg, from the Collection of Arnold I. Goldberg, 1986",Metal-Ornaments,Peru,,,,http://www.metmuseum.org/art/collection/search/315643,"Metropolitan Museum of Art, New York, NY",
315644,,True,"Arts of Africa, Oceania, and the Americas",Ornament,Belt Ornament,Moche,,,2nd–7th century,100,700,Copper,H x W: 4 1/2 x 4in. (11.4 x 10.2cm),"Bequest of Jane Costello Goldberg, from the Collection of Arnold I. Goldberg, 1986",Metal-Ornaments,Peru,,,,http://www.metmuseum.org/art/collection/search/315644,"Metropolitan Museum of Art, New York, NY",
315654,,True,"Arts of Africa, Oceania, and the Americas",Needle,Copper Needle,Peruvian,,,before 16th century,1200,1600,Copper,Length 6 in. (15.2 cm),"Bequest of Jane Costello Goldberg, from the Collection of Arnold I. Goldberg, 1986",Textiles-Implements,Peru,,,,http://www.metmuseum.org/art/collection/search/315654,"Metropolitan Museum of Art, New York, NY",
315679,,True,"Arts of Africa, Oceania, and the Americas",Belt ornament,Belt Ornament Rattle,Moche,,,2nd–7th century,100,700,Ceramic,H x W: 4 1/8 x 5 1/2in. (10.5 x 14cm),"Bequest of Jane Costello Goldberg, from the Collection of Arnold I. Goldberg, 1986",Ceramics-Ornaments,Peru,,,,http://www.metmuseum.org/art/collection/search/315679,"Metropolitan Museum of Art, New York, NY",
315680,,True,"Arts of Africa, Oceania, and the Americas",Belt ornament,Belt Ornament Rattle,Moche,,,2nd–7th century,100,700,Ceramic,H x W: 4 1/2 x 3 3/8in. (11.4 x 8.5cm),"Bequest of Jane Costello Goldberg, from the Collection of Arnold I. Goldberg, 1986",Ceramics-Ornaments,Peru,,,,http://www.metmuseum.org/art/collection/search/315680,"Metropolitan Museum of Art, New York, NY",Musical Instruments
315685,,True,"Arts of Africa, Oceania, and the Americas",Hanging,Hanging (?),Chimú,,,12th–15th century,1100,1500,"Cotton, paint",Length 60 in.,"Bequest of Jane Costello Goldberg, from the Collection of Arnold I. Goldberg, 1986",Textiles-Woven,Peru,,,,http://www.metmuseum.org/art/collection/search/315685,"Metropolitan Museum of Art, New York, NY",
315686,,True,"Arts of Africa, Oceania, and the Americas",Hat,Four-Cornered Hat,Wari,,,7th–10th century,600,1000,Camelid hair,Diam. 3 15/16 in. (10 cm),"Bequest of Jane Costello Goldberg, from the Collection of Arnold I. Goldberg, 1986",Textiles-Costumes,Peru,,,,http://www.metmuseum.org/art/collection/search/315686,"Metropolitan Museum of Art, New York, NY",
315687,,True,"Arts of Africa, Oceania, and the Americas",Border fragment,Border Fragment,Nasca,,,2nd century BCE,-200,-100,Camelid hair,Length 21-21/32 in.,"Bequest of Jane Costello Goldberg, from the Collection of Arnold I. Goldberg, 1986",Textiles-Woven,Peru,,,,http://www.metmuseum.org/art/collection/search/315687,"Metropolitan Museum of Art, New York, NY",
315689,,True,"Arts of Africa, Oceania, and the Americas",Figure,Ceramic Llama,Chancay,,,12th–14th century,1100,1400,"Ceramic, cotton",Length 9-7/8 in. (25 cm),"Bequest of Jane Costello Goldberg, from the Collection of Arnold I. Goldberg, 1986",Ceramics-Sculpture,Peru,,,,http://www.metmuseum.org/art/collection/search/315689,"Metropolitan Museum of Art, New York, NY",Animals
315690,,True,"Arts of Africa, Oceania, and the Americas",Bag,Bag,Inca,,,15th–16th century,1400,1600,"Camelid hair, cotton",W. 8-1/4 in.,"Bequest of Jane Costello Goldberg, from the Collection of Arnold I. Goldberg, 1986",Textiles-Woven,Peru,,,,http://www.metmuseum.org/art/collection/search/315690,"Metropolitan Museum of Art, New York, NY",
315691,,True,"Arts of Africa, Oceania, and the Americas",Figure,"Border Fragment, Figure",Nasca,,,2nd century BCE,-200,-100,Camelid hair,H. 1 13/16 x W. 15/16in. (4.6 x 2.3cm),"Bequest of Jane Costello Goldberg, from the Collection of Arnold I. Goldberg, 1986",Textiles-Sculpture,Peru,,,,http://www.metmuseum.org/art/collection/search/315691,"Metropolitan Museum of Art, New York, NY",Human Figures
315692,,True,"Arts of Africa, Oceania, and the Americas",Figure,"Border Fragment, Figure",Nasca,,,2nd century BCE,-200,-100,Camelid hair,H x W: 1 15/16 x 1 9/16in. (5 x 4cm),"Bequest of Jane Costello Goldberg, from the Collection of Arnold I. Goldberg, 1986",Textiles-Sculpture,Peru,,,,http://www.metmuseum.org/art/collection/search/315692,"Metropolitan Museum of Art, New York, NY",
315693,,True,"Arts of Africa, Oceania, and the Americas",Figure,"Border Fragment, Figure",Nasca,,,2nd century BCE,-200,-100,Camelid hair,H x W: 1 13/16 x 1 3/8in. (4.7 x 3.5cm),"Bequest of Jane Costello Goldberg, from the Collection of Arnold I. Goldberg, 1986",Textiles-Sculpture,Peru,,,,http://www.metmuseum.org/art/collection/search/315693,"Metropolitan Museum of Art, New York, NY",Human Figures
315694,,True,"Arts of Africa, Oceania, and the Americas",Figure,"Border Fragment, Figure",Nasca,,,2nd century BCE,-200,-100,Camelid hair,H x W: 1 7/8 x 1 11/16in. (4.8 x 4.3cm),"Bequest of Jane Costello Goldberg, from the Collection of Arnold I. Goldberg, 1986",Textiles-Sculpture,Peru,,,,http://www.metmuseum.org/art/collection/search/315694,"Metropolitan Museum of Art, New York, NY",Human Figures
315695,,True,"Arts of Africa, Oceania, and the Americas",Figure,"Border Fragment, Figure",Nasca,,,2nd century BCE,-200,-100,Camelid hair,H. 1 7/8 x W. 1 9/16in. (4.8 x 4cm),"Bequest of Jane Costello Goldberg, from the Collection of Arnold I. Goldberg, 1986",Textiles-Sculpture,Peru,,,,http://www.metmuseum.org/art/collection/search/315695,"Metropolitan Museum of Art, New York, NY",Human Figures
315696,,True,"Arts of Africa, Oceania, and the Americas",Figure,"Border Fragment, Figure",Nasca,,,2nd century BCE,-200,-100,Camelid hair,H x W: 1 3/4 x 1 3/8in. (4.4 x 3.5cm),"Bequest of Jane Costello Goldberg, from the Collection of Arnold I. Goldberg, 1986",Textiles-Sculpture,Peru,,,,http://www.metmuseum.org/art/collection/search/315696,"Metropolitan Museum of Art, New York, NY",
315697,,True,"Arts of Africa, Oceania, and the Americas",Whale,"Border Fragment, Whale",Nasca,,,2nd century BCE,-200,-100,"Camelid hair, cotton",H x W: 1 3/8 x 1 9/16in. (3.5 x 4cm),"Bequest of Jane Costello Goldberg, from the Collection of Arnold I. Goldberg, 1986",Textiles-Sculpture,Peru,,,,http://www.metmuseum.org/art/collection/search/315697,"Metropolitan Museum of Art, New York, NY",
315698,,True,"Arts of Africa, Oceania, and the Americas",Bag,Bag,Nasca (?),,,8th–9th century,700,900,"Cotton, camelid hair",H x W: 6 1/2 x 9 1/4in. (16.5 x 23.5cm),"Bequest of Jane Costello Goldberg, from the Collection of Arnold I. Goldberg, 1986",Textiles-Woven,Peru,,,,http://www.metmuseum.org/art/collection/search/315698,"Metropolitan Museum of Art, New York, NY",
315699,,True,"Arts of Africa, Oceania, and the Americas",Tree,Tree,Chancay,,,12th–14th century,1100,1400,"Camelid hair, cotton, wood",Height 16-1/8 in.,"Bequest of Jane Costello Goldberg, from the Collection of Arnold I. Goldberg, 1986",Textiles-Sculpture,Peru,,,,http://www.metmuseum.org/art/collection/search/315699,"Metropolitan Museum of Art, New York, NY",Trees
315700,,True,"Arts of Africa, Oceania, and the Americas",Bag,Fringed Bag,Nasca,,,7th century,600,700,Camelid hair,W. 6 in. × D. 14 1/4 in. (15.2 × 36.2 cm),"Bequest of Jane Costello Goldberg, from the Collection of Arnold I. Goldberg, 1986",Textiles-Woven,Peru,,,,http://www.metmuseum.org/art/collection/search/315700,"Metropolitan Museum of Art, New York, NY",
315702,,True,"Arts of Africa, Oceania, and the Americas",Ornament,Headdress Ornament,Nasca,,,2nd century BCE–7th century CE,-200,700,"Cotton, wood (thorn ?)",Height 7-1/2 in. (19 cm),"Bequest of Jane Costello Goldberg, from the Collection of Arnold I. Goldberg, 1986",Wood-Implements,Peru,,,,http://www.metmuseum.org/art/collection/search/315702,"Metropolitan Museum of Art, New York, NY",
315703,,True,"Arts of Africa, Oceania, and the Americas",Crown,Feathered Crown,Chimú,,,14th–15th century,1300,1500,"Feathers (Paradise Tanager, Macaw), cotton, skin, cane, copper",H. (incl. stand) 10 1/4 × Diam. 9 1/2 in. (26 × 24.1 cm),"Bequest of Jane Costello Goldberg, from the Collection of Arnold I. Goldberg, 1986",Feathers-Costumes,Peru,,,,http://www.metmuseum.org/art/collection/search/315703,"Metropolitan Museum of Art, New York, NY",
315708,,True,"Arts of Africa, Oceania, and the Americas",Textile fragment,Band Fragment,Inca,,,15th–16th century,1400,1600,"Cotton, camelid hair",H. 3 x W. 9 3/4  in.,"Bequest of Jane Costello Goldberg, from the Collection of Arnold I. Goldberg, 1986",Textiles-Woven,Peru,,,,http://www.metmuseum.org/art/collection/search/315708,"Metropolitan Museum of Art, New York, NY",
315748,,True,"Arts of Africa, Oceania, and the Americas",Sling shot,Sling shot,Chimú or Chancay,,,13th–15th century,1200,1500,"Silver (hammered), feathers",H. 2 1/2 × W. 8 × D. 1 × L. 18 1/8 in. (6.4 × 20.3 × 2.5 × 46 cm),"Bequest of Jane Costello Goldberg, from the Collection of Arnold I. Goldberg, 1986",Metal-Implements,Peru,,,,http://www.metmuseum.org/art/collection/search/315748,"Metropolitan Museum of Art, New York, NY",
315749,,True,"Arts of Africa, Oceania, and the Americas",Sling shot,Sling Shot with Shells,Chimú or Chancay,,,14th–15th century,1300,1500,"Shell, cotton, beads, wood",Length 56-5/8 in. (144 cm),"Bequest of Jane Costello Goldberg, from the Collection of Arnold I. Goldberg, 1986",Beads-Ornaments,Peru,,,,http://www.metmuseum.org/art/collection/search/315749,"Metropolitan Museum of Art, New York, NY",Weapons
315762,,False,"Arts of Africa, Oceania, and the Americas",Necklace,Necklace,Chimú or Chancay,,,13th–15th century,1200,1500,"Silver (hammered), cotton",Length 7-1/2 in. (19 cm),"Bequest of Jane Costello Goldberg, from the Collection of Arnold I. Goldberg, 1986",Beads-Ornaments,Peru,,,,http://www.metmuseum.org/art/collection/search/315762,"Metropolitan Museum of Art, New York, NY",
315763,,True,"Arts of Africa, Oceania, and the Americas",Bracelet,Beaded Wrist Ornament,Chimú or Chancay,,,14th–15th century,1300,1500,"Shell, cotton",Length 6-1/4 in. (15.3 cm),"Bequest of Jane Costello Goldberg, from the Collection of Arnold I. Goldberg, 1986",Beads-Ornaments,Peru,,,,http://www.metmuseum.org/art/collection/search/315763,"Metropolitan Museum of Art, New York, NY",
315764,,True,"Arts of Africa, Oceania, and the Americas",Bracelet,Beaded Wrist Ornament,Chimú or Chancay,,,14th–15th century,1300,1500,"Shell, cotton",Length 6-1/4 in. (15.3 cm),"Bequest of Jane Costello Goldberg, from the Collection of Arnold I. Goldberg, 1986",Beads-Ornaments,Peru,,,,http://www.metmuseum.org/art/collection/search/315764,"Metropolitan Museum of Art, New York, NY",
315765,,True,"Arts of Africa, Oceania, and the Americas",Pillow,Beaded Pillow,Chimú or Chancay,,,14th–15th century,1300,1500,"Cotton, shell",Diam. 3 3/8 in. (8.5 cm),"Bequest of Jane Costello Goldberg, from the Collection of Arnold I. Goldberg, 1986",Textiles-Beadwork,Peru,,,,http://www.metmuseum.org/art/collection/search/315765,"Metropolitan Museum of Art, New York, NY",
315766,,True,"Arts of Africa, Oceania, and the Americas",Bag,Beaded Bag,Chimú or Chancay,,,14th–15th century,1300,1500,"Cotton, shell beads",H x W: 3 9/16 x 3 3/4in. (9 x 9.5cm),"Bequest of Jane Costello Goldberg, from the Collection of Arnold I. Goldberg, 1986",Beads-Ornaments,Peru,,,,http://www.metmuseum.org/art/collection/search/315766,"Metropolitan Museum of Art, New York, NY",
315768,,True,"Arts of Africa, Oceania, and the Americas",Bag,Bag,Chimú,,,14th–15th century,1300,1500,"Cotton, camelid hair, silver, shell beads",Height  6 1/4 in. (16 cm) (without strap),"Bequest of Jane Costello Goldberg, from the Collection of Arnold I. Goldberg, 1986",Textiles-Woven,Peru,,,,http://www.metmuseum.org/art/collection/search/315768,"Metropolitan Museum of Art, New York, NY",
315769,,True,"Arts of Africa, Oceania, and the Americas",Bag,Bag,Chimú,,,14th–15th century,1300,1500,"Cotton, camelid hair, silver, shell beads",Length 6-1/4 in. (16 cm),"Bequest of Jane Costello Goldberg, from the Collection of Arnold I. Goldberg, 1986",Textiles-Woven,Peru,,,,http://www.metmuseum.org/art/collection/search/315769,"Metropolitan Museum of Art, New York, NY",
315772,,True,"Arts of Africa, Oceania, and the Americas",Tassels,Ornamental Tassels,Nasca,,,5th–7th century,400,700,Camelid hair,H x W: 8 1/4 x 12in. (21 x 30.5cm),"Bequest of Jane Costello Goldberg, from the Collection of Arnold I. Goldberg, 1986",Textiles-Woven,Peru,,,,http://www.metmuseum.org/art/collection/search/315772,"Metropolitan Museum of Art, New York, NY",
315773,,True,"Arts of Africa, Oceania, and the Americas",Sling shot,Sling Shot,Inca,,,15th–16th century,1400,1600,Camelid hair,L. 52 in. (132 cm),"Bequest of Jane Costello Goldberg, from the Collection of Arnold I. Goldberg, 1986",Textiles-Woven,Peru,,,,http://www.metmuseum.org/art/collection/search/315773,"Metropolitan Museum of Art, New York, NY",
315774,,True,"Arts of Africa, Oceania, and the Americas",Loincloth fragment,Loincloth,Chancay,,,12th–14th century,1100,1400,"Camelid hair, cotton",Length 14-5/32 in.,"Bequest of Jane Costello Goldberg, from the Collection of Arnold I. Goldberg, 1986",Textiles-Woven,Peru,,,,http://www.metmuseum.org/art/collection/search/315774,"Metropolitan Museum of Art, New York, NY",Animals
315775,,True,"Arts of Africa, Oceania, and the Americas",Headband,Openwork Headband,Chancay,,,12th–15th century,1100,1500,Cotton,Length 37-3/4 in.,"Bequest of Jane Costello Goldberg, from the Collection of Arnold I. Goldberg, 1986",Textiles-Non-Woven,Peru,,,,http://www.metmuseum.org/art/collection/search/315775,"Metropolitan Museum of Art, New York, NY",
315776,,True,"Arts of Africa, Oceania, and the Americas",Headband,Openwork Headband,Chancay,,,12th–15th century,1100,1500,Cotton,H. 37 × W. 33 1/4 in. (94 × 84.5 cm),"Bequest of Jane Costello Goldberg, from the Collection of Arnold I. Goldberg, 1986",Textiles-Non-Woven,Peru,,,,http://www.metmuseum.org/art/collection/search/315776,"Metropolitan Museum of Art, New York, NY",
315777,,True,"Arts of Africa, Oceania, and the Americas",Sash,Sash (?),Nasca,,,7th–9th century,600,900,Camelid hair,Length 44-3/32 in.,"Bequest of Jane Costello Goldberg, from the Collection of Arnold I. Goldberg, 1986",Textiles-Woven,Peru,,,,http://www.metmuseum.org/art/collection/search/315777,"Metropolitan Museum of Art, New York, NY",
315778,,True,"Arts of Africa, Oceania, and the Americas",Spindle,Spindle,Nasca,,,2nd–7th century,100,700,"Thorn, ceramic, thread",L. 26.5 cm,"Bequest of Jane Costello Goldberg, from the Collection of Arnold I. Goldberg, 1986",Textiles-Implements,Peru,,,,http://www.metmuseum.org/art/collection/search/315778,"Metropolitan Museum of Art, New York, NY",
315779,,True,"Arts of Africa, Oceania, and the Americas",Spindle,Spindle,Nasca,,,2nd–7th century,100,700,"Thorn, ceramic, thread",L. 23.3 cm,"Bequest of Jane Costello Goldberg, from the Collection of Arnold I. Goldberg, 1986",Textiles-Implements,Peru,,,,http://www.metmuseum.org/art/collection/search/315779,"Metropolitan Museum of Art, New York, NY",
315780,,True,"Arts of Africa, Oceania, and the Americas",Spindle,Spindle,Nasca,,,2nd–7th century,100,700,"Thorn, ceramic, thread",L. 30.0 cm),"Bequest of Jane Costello Goldberg, from the Collection of Arnold I. Goldberg, 1986",Textiles-Implements,Peru,,,,http://www.metmuseum.org/art/collection/search/315780,"Metropolitan Museum of Art, New York, NY",
315781,,True,"Arts of Africa, Oceania, and the Americas",Spindle,Spindle,Nasca,,,2nd–7th century,100,700,"Thorn, ceramic, thread",L. 24.2 cm,"Bequest of Jane Costello Goldberg, from the Collection of Arnold I. Goldberg, 1986",Textiles-Implements,Peru,,,,http://www.metmuseum.org/art/collection/search/315781,"Metropolitan Museum of Art, New York, NY",
315782,,True,"Arts of Africa, Oceania, and the Americas",Spindle,Spindle,Nasca,,,2nd–7th century,100,700,"Thorn, ceramic, thread",L. 30.0 cm,"Bequest of Jane Costello Goldberg, from the Collection of Arnold I. Goldberg, 1986",Textiles-Implements,Peru,,,,http://www.metmuseum.org/art/collection/search/315782,"Metropolitan Museum of Art, New York, NY",
315783,,True,"Arts of Africa, Oceania, and the Americas",Spindle,Spindle,Nasca,,,2nd–7th century,100,700,"Thorn, ceramic, thread",L. 24.5 cm,"Bequest of Jane Costello Goldberg, from the Collection of Arnold I. Goldberg, 1986",Textiles-Implements,Peru,,,,http://www.metmuseum.org/art/collection/search/315783,"Metropolitan Museum of Art, New York, NY",
315784,,True,"Arts of Africa, Oceania, and the Americas",Textile fragment,Textile Fragment,Chavin,,,4th–3rd century BCE,-400,-200,"Cotton, refined iron earth pigments",H. 5 3/4 x W. 12 1/4in. (14.6 x 31.1cm),"Bequest of Jane Costello Goldberg, from the Collection of Arnold I. Goldberg, 1986",Textiles-Woven,Peru,,,,http://www.metmuseum.org/art/collection/search/315784,"Metropolitan Museum of Art, New York, NY",
315785,,True,"Arts of Africa, Oceania, and the Americas",Hat,Hat,Peruvian,,,10th–16th century,900,1600,Cotton,Length 7-3/32 in.,"Bequest of Jane Costello Goldberg, from the Collection of Arnold I. Goldberg, 1986",Textiles-Woven,Peru,,,,http://www.metmuseum.org/art/collection/search/315785,"Metropolitan Museum of Art, New York, NY",
315786,,True,"Arts of Africa, Oceania, and the Americas",Tunic,Tunic,Moche-Wari,,,7th–9th century,700,900,"Camelid hair, cotton",H. 34 1/4 x W. 58 in. (87 x 147.3 cm),"Bequest of Jane Costello Goldberg, from the Collection of Arnold I. Goldberg, 1986",Textiles-Woven,Peru,,,,http://www.metmuseum.org/art/collection/search/315786,"Metropolitan Museum of Art, New York, NY",Animals
315787,,True,"Arts of Africa, Oceania, and the Americas",Panel or rug (?),Woven Panel or Rug with Fringes,Moche-Wari,,,7th–8th century,600,800,"Camelid hair, cotton, vegetable fiber",H. 34 × W. 34 in. (86.4 × 86.4 cm),"Bequest of Jane Costello Goldberg, from the Collection of Arnold I. Goldberg, 1986",Textiles-Woven,Peru,,,,http://www.metmuseum.org/art/collection/search/315787,"Metropolitan Museum of Art, New York, NY",
315788,,True,"Arts of Africa, Oceania, and the Americas",Cuff,Cuff,Moche-Wari,,,7th–8th century,600,800,"Camelid hair, cotton",W. 4 1/4 × D. 15 1/4 in. (10.8 × 38.7 cm),"Bequest of Jane Costello Goldberg, from the Collection of Arnold I. Goldberg, 1986",Textiles-Woven,Peru,,,,http://www.metmuseum.org/art/collection/search/315788,"Metropolitan Museum of Art, New York, NY",
315789,,True,"Arts of Africa, Oceania, and the Americas",Cuff,Cuff,Moche-Wari,,,7th–8th century,600,800,"Camelid hair, cotton",W. 4 1/4 in. × D. 16 in. (10.8 × 40.6 cm),"Bequest of Jane Costello Goldberg, from the Collection of Arnold I. Goldberg, 1986",Textiles-Woven,Peru,,,,http://www.metmuseum.org/art/collection/search/315789,"Metropolitan Museum of Art, New York, NY",
315790,,True,"Arts of Africa, Oceania, and the Americas",Panel,Tapestry Panel,Peruvian,,,12th–15th century,1100,1500,"Camelid hair, cotton",H x W: 9 1/4 x 14in. (23.5 x 35.6cm),"Bequest of Jane Costello Goldberg, from the Collection of Arnold I. Goldberg, 1986",Textiles-Woven,Peru,,,,http://www.metmuseum.org/art/collection/search/315790,"Metropolitan Museum of Art, New York, NY",
315791,,True,"Arts of Africa, Oceania, and the Americas",Textile fragment,Woven Fragment,Moche,,,6th–7th century,500,700,"Camelid hair, cotton",H x W: 10 3/4 x 18 1/4in. (27.3 x 46.4cm),"Bequest of Jane Costello Goldberg, from the Collection of Arnold I. Goldberg, 1986",Textiles-Woven,Peru,,,,http://www.metmuseum.org/art/collection/search/315791,"Metropolitan Museum of Art, New York, NY",
315792,,True,"Arts of Africa, Oceania, and the Americas",Headband (?),Openwork Headband (?),Chancay,,,12th–15th century,1100,1500,Cotton,H x W: 31 1/2 x 44in. (80 x 111.8cm),"Bequest of Jane Costello Goldberg, from the Collection of Arnold I. Goldberg, 1986",Textiles-Non-Woven,Peru,,,,http://www.metmuseum.org/art/collection/search/315792,"Metropolitan Museum of Art, New York, NY",
315793,,False,"Arts of Africa, Oceania, and the Americas",Textile fragment,Woven Fragment,Peru; central coast (?),,,10th–15th century,900,1500,"Cotton, camelid hair",H x W: 14 3/4 x 24in. (37.5 x 61cm),"Bequest of Jane Costello Goldberg, from the Collection of Arnold I. Goldberg, 1986",Textiles-Woven,Peru,,,,http://www.metmuseum.org/art/collection/search/315793,"Metropolitan Museum of Art, New York, NY",
315794,,False,"Arts of Africa, Oceania, and the Americas",Fragment,Border Fragment,Chancay,,,12th–15th century,1100,1500,"Camelid hair, cotton",H x W: 15 1/2 x 13in. (39.4 x 33cm),"Bequest of Jane Costello Goldberg, from the Collection of Arnold I. Goldberg, 1986",Textiles-Woven,Peru,,,,http://www.metmuseum.org/art/collection/search/315794,"Metropolitan Museum of Art, New York, NY",
315795,,False,"Arts of Africa, Oceania, and the Americas",Border fragment,Border Fragment,Chancay,,,12th–15th century,1100,1500,"Camelid hair, cotton",H x W: 16 1/4 x 14 1/4in. (41.3 x 36.2cm),"Bequest of Jane Costello Goldberg, from the Collection of Arnold I. Goldberg, 1986",Textiles-Woven,Peru,,,,http://www.metmuseum.org/art/collection/search/315795,"Metropolitan Museum of Art, New York, NY",
315796,,True,"Arts of Africa, Oceania, and the Americas",Border fragment,Border Fragment,Nasca,,,3rd–2nd century BCE,-300,-100,"Camelid hair, cotton",H x W: 7 x 28 3/4in. (17.8 x 73cm),"Bequest of Jane Costello Goldberg, from the Collection of Arnold I. Goldberg, 1986",Textiles-Woven,Peru,,,,http://www.metmuseum.org/art/collection/search/315796,"Metropolitan Museum of Art, New York, NY",
315797,,True,"Arts of Africa, Oceania, and the Americas",Cuff fragment,Cuff Band,Moche-Wari,,,7th–8th century,600,800,"Camelid hair, cotton",W. 3 3/4 in. × D. 14 in. (9.5 × 35.6 cm),"Bequest of Jane Costello Goldberg, from the Collection of Arnold I. Goldberg, 1986",Textiles-Woven,Peru,,,,http://www.metmuseum.org/art/collection/search/315797,"Metropolitan Museum of Art, New York, NY",
315842,,True,"Arts of Africa, Oceania, and the Americas",Border fragment,Border Fragment,Nasca,,,2nd century BCE,-200,-100,"Cotton, camelid hair",Height 14-9/16 in.,"Bequest of Jane Costello Goldberg, from the Collection of Arnold I. Goldberg, 1986",Textiles-Woven,Peru,,,,http://www.metmuseum.org/art/collection/search/315842,"Metropolitan Museum of Art, New York, NY",
316265,,True,"Arts of Africa, Oceania, and the Americas",Weaving tool,Weaving Implement,Wari,,,6th–9th century,500,900,Wood,H. 3/8 × W. 1/2 × L. 11 1/2 in. (1 × 1.3 × 29.2 cm),"Rogers Fund, 1989",Wood-Implements,Peru,,,,http://www.metmuseum.org/art/collection/search/316265,"Metropolitan Museum of Art, New York, NY",
316266,,True,"Arts of Africa, Oceania, and the Americas",Weaving tool,Weaving Implement,Wari,,,6th–9th century,500,900,Wood,H. 3/8 × W. 1/2 × L. 10 3/4 in. (1 × 1.3 × 27.3 cm),"Rogers Fund, 1989",Wood-Implements,Peru,,,,http://www.metmuseum.org/art/collection/search/316266,"Metropolitan Museum of Art, New York, NY",
316330,,True,"Arts of Africa, Oceania, and the Americas",Snuff tray,Snuff Tray,Tiwanaku,,,500–1000 CE,500,1000,"Wood, fiber",H. 5 3/8 × W. 2 × D. 3/4 in. (13.7 × 5.1 × 1.9 cm),"Gift of Carol R. Meyer, 1989",Wood-Containers,"Bolivia, Chile, or Peru",,,,http://www.metmuseum.org/art/collection/search/316330,"Metropolitan Museum of Art, New York, NY",
316339,,True,"Arts of Africa, Oceania, and the Americas",Hat,Four-Cornered Hat,Wari,,,7th–9th century,600,900,Camelid hair,H. 5 1/2 × Circum. 20 in. (14 × 50.8 cm),"Bequest of Arthur M. Bullowa, 1993  ",Textiles-Costumes,Peru,,,,http://www.metmuseum.org/art/collection/search/316339,"Metropolitan Museum of Art, New York, NY",
316340,,True,"Arts of Africa, Oceania, and the Americas",Hat,Four-Cornered Hat,Wari,,,7th–9th century,600,900,Camelid hair,H. 4 1/4 × Circum. 20 3/4 in. (10.8 × 52.7 cm),"Bequest of Arthur M. Bullowa, 1993  ",Textiles-Costumes,Peru,,,,http://www.metmuseum.org/art/collection/search/316340,"Metropolitan Museum of Art, New York, NY",
316341,,True,"Arts of Africa, Oceania, and the Americas",Hat,Four-Cornered Hat,Wari,,,7th–9th century,600,900,Camelid hair,H. 4 1/2 × Circum. 19 1/2 in. (11.4 × 49.5 cm),"Bequest of Arthur M. Bullowa, 1993  ",Textiles-Costumes,Peru,,,,http://www.metmuseum.org/art/collection/search/316341,"Metropolitan Museum of Art, New York, NY",
316342,,True,"Arts of Africa, Oceania, and the Americas",Hat,Four-Cornered Hat,Wari,,,7th–9th century,600,900,Camelid hair,H. 4 1/2 in. × Circum. 20 in. (11.4 × 50.8 cm),"Bequest of Arthur M. Bullowa, 1993  ",Textiles-Costumes,Peru,,,,http://www.metmuseum.org/art/collection/search/316342,"Metropolitan Museum of Art, New York, NY",
316343,,True,"Arts of Africa, Oceania, and the Americas",Hat,Four-Cornered Hat,Wari,,,7th–9th century,600,900,Camelid hair,H. 4 1/2 × Diam. 20 in. (11.4 × 50.8 cm),"Bequest of Arthur M. Bullowa, 1993  ",Textiles-Costumes,Peru,,,,http://www.metmuseum.org/art/collection/search/316343,"Metropolitan Museum of Art, New York, NY",
316370,,False,"Arts of Africa, Oceania, and the Americas",Headband (?),Headband (?),Chancay,,,12th–15th century,1100,1500,Cotton,Length 47 in.,"Gift of Arthur M. Bullowa, 1990",Textiles-Woven,Peru,,,,http://www.metmuseum.org/art/collection/search/316370,"Metropolitan Museum of Art, New York, NY",
316371,,False,"Arts of Africa, Oceania, and the Americas",Headband (?),Headband (?),Chancay,,,12th–15th century,1100,1500,Cotton,Length 45 in.,"Gift of Arthur M. Bullowa, 1990",Textiles-Woven,Peru,,,,http://www.metmuseum.org/art/collection/search/316371,"Metropolitan Museum of Art, New York, NY",
316372,,False,"Arts of Africa, Oceania, and the Americas",Headband (?),Openwork Headband (?),Chancay,,,12th–15th century,1100,1500,Cotton,Length 33 in.,"Gift of Arthur M. Bullowa, 1990",Textiles-Costumes,Peru,,,,http://www.metmuseum.org/art/collection/search/316372,"Metropolitan Museum of Art, New York, NY",
316373,,False,"Arts of Africa, Oceania, and the Americas",Headband (?),Headband,Chancay,,,12th–15th century,1100,1500,Cotton,Length 58-1/2 in.,"Gift of Arthur M. Bullowa, 1990",Textiles-Woven,Peru,,,,http://www.metmuseum.org/art/collection/search/316373,"Metropolitan Museum of Art, New York, NY",
316374,,False,"Arts of Africa, Oceania, and the Americas",Headband (?),Headband,Chancay,,,12th–15th century,1100,1500,Cotton,Length 44 in.,"Gift of Arthur M. Bullowa, 1990",Textiles-Woven,Peru,,,,http://www.metmuseum.org/art/collection/search/316374,"Metropolitan Museum of Art, New York, NY",
316375,,False,"Arts of Africa, Oceania, and the Americas",Headband (?),Headband,Chancay,,,12th–15th century,1100,1500,Cotton,Length 46-1/2 in.,"Gift of Arthur M. Bullowa, 1990",Textiles-Woven,Peru,,,,http://www.metmuseum.org/art/collection/search/316375,"Metropolitan Museum of Art, New York, NY",
316376,,False,"Arts of Africa, Oceania, and the Americas",Headband (?),Headband,Chancay,,,12th–15th century,1100,1500,Cotton,Length 47 in.,"Gift of Arthur M. Bullowa, 1990",Textiles-Woven,Peru,,,,http://www.metmuseum.org/art/collection/search/316376,"Metropolitan Museum of Art, New York, NY",
316377,,False,"Arts of Africa, Oceania, and the Americas",Headband (?),Headband,Chancay,,,12th–15th century,1100,1500,Cotton,Length 51 in.,"Gift of Arthur M. Bullowa, 1990",Textiles-Woven,Peru,,,,http://www.metmuseum.org/art/collection/search/316377,"Metropolitan Museum of Art, New York, NY",
316378,,False,"Arts of Africa, Oceania, and the Americas",Headband (?),Headband,Chancay,,,12th–15th century,1100,1500,Cotton,Length 46 in.,"Gift of Arthur M. Bullowa, 1990",Textiles-Woven,Peru,,,,http://www.metmuseum.org/art/collection/search/316378,"Metropolitan Museum of Art, New York, NY",
316379,,False,"Arts of Africa, Oceania, and the Americas",Headband (?),Openwork Headband,Peru; central coast (?),,,12th–14th century,1100,1400,Cotton,Length 31 in.,"Gift of Arthur M. Bullowa, 1990",Textiles-Costumes,Peru,,,,http://www.metmuseum.org/art/collection/search/316379,"Metropolitan Museum of Art, New York, NY",
316380,,False,"Arts of Africa, Oceania, and the Americas",Headband (?),Headband,Nasca,,,7th century,600,700,Cotton,Length 34 in.,"Gift of Arthur M. Bullowa, 1990",Textiles-Woven,Peru,,,,http://www.metmuseum.org/art/collection/search/316380,"Metropolitan Museum of Art, New York, NY",
316381,,False,"Arts of Africa, Oceania, and the Americas",Headband (?),Headband,Peru; central coast (?),,,12th–14th century,1100,1400,Cotton,Length 33-1/2 in.,"Gift of Arthur M. Bullowa, 1990",Textiles-Woven,Peru,,,,http://www.metmuseum.org/art/collection/search/316381,"Metropolitan Museum of Art, New York, NY",
316382,,False,"Arts of Africa, Oceania, and the Americas",Headband (?),Headband,Peru; central coast (?),,,12th–14th century,1100,1400,Cotton,Length 33 in.,"Gift of Arthur M. Bullowa, 1990",Textiles-Woven,Peru,,,,http://www.metmuseum.org/art/collection/search/316382,"Metropolitan Museum of Art, New York, NY",
316383,,False,"Arts of Africa, Oceania, and the Americas",Headband (?),Headband,Chancay,,,12th–15th century,1100,1500,Cotton,Length 43-1/2 in.,"Gift of Arthur M. Bullowa, 1990",Textiles-Woven,Peru,,,,http://www.metmuseum.org/art/collection/search/316383,"Metropolitan Museum of Art, New York, NY",
316384,,False,"Arts of Africa, Oceania, and the Americas",Headband (?),Headband,Chancay,,,12th–15th century,1100,1500,Cotton,Length 39 in.,"Gift of Arthur M. Bullowa, 1990",Textiles-Woven,Peru,,,,http://www.metmuseum.org/art/collection/search/316384,"Metropolitan Museum of Art, New York, NY",
316385,,False,"Arts of Africa, Oceania, and the Americas",Tunic,Tunic with Sleeves,Chancay,,,12th–15th century,1100,1500,Camelid hair,Length 42-1/2 in.,"Gift of Arthur M. Bullowa, 1990",Textiles-Woven,Peru,,,,http://www.metmuseum.org/art/collection/search/316385,"Metropolitan Museum of Art, New York, NY",
316727,,True,"Arts of Africa, Oceania, and the Americas",Hat,Four-Cornered Hat,Wari,,,7th–9th century,600,900,Camelid hair,H. 3 1/2 × W. 5 1/2 in. (8.9 × 14 cm),"Purchase, Judith S. Randal Foundation Gift, 1992",Textiles-Costumes,Peru,,,,http://www.metmuseum.org/art/collection/search/316727,"Metropolitan Museum of Art, New York, NY",
316731,,False,"Arts of Africa, Oceania, and the Americas",Hat,Hat with Feathers and Human Hair,Peru; south coast (?),,,10th–14th century,900,1400,"Camelid hair, cotton, human hair, feathers, fiber",H. 18 in. (45.7 cm),"Gift of Carol R. Meyer, 1992",Textiles-Featherwork,Peru,,,,http://www.metmuseum.org/art/collection/search/316731,"Metropolitan Museum of Art, New York, NY",
316822,,True,"Arts of Africa, Oceania, and the Americas",Tunic fragment,Feathered Tunic,Inca,,,15th–early 16th century,1400,1550,"Cotton, feathers","H. 42 in. × W. 28 1/2 in. (106.7 × 72.4 cm)
","Gift of  Helen Mandelbaum, 1993",Textiles-Featherwork,Peru,,,,http://www.metmuseum.org/art/collection/search/316822,"Metropolitan Museum of Art, New York, NY",
316857,,True,"Arts of Africa, Oceania, and the Americas",Spindle,Spindle,Peruvian,,,10th–16th century (?),900,1600,"Wood, paint",Height 11-3/4 in.,"Bequest of Arthur M. Bullowa, 1993  ",Textiles-Implements,Peru,,,,http://www.metmuseum.org/art/collection/search/316857,"Metropolitan Museum of Art, New York, NY",
316858,,True,"Arts of Africa, Oceania, and the Americas",Spindle,Spindle,Peruvian,,,10th–16th century (?),900,1600,"Wood, paint",Height 11-5/8 in.,"Bequest of Arthur M. Bullowa, 1993  ",Textiles-Implements,Peru,,,,http://www.metmuseum.org/art/collection/search/316858,"Metropolitan Museum of Art, New York, NY",
316859,,True,"Arts of Africa, Oceania, and the Americas",Spindle,Spindle,Peruvian,,,10th–16th century (?),900,1600,"Wood, paint",Height 11-1/4 in.,"Bequest of Arthur M. Bullowa, 1993  ",Textiles-Implements,Peru,,,,http://www.metmuseum.org/art/collection/search/316859,"Metropolitan Museum of Art, New York, NY",
316860,,True,"Arts of Africa, Oceania, and the Americas",Spindle,Spindle,Peruvian,,,10th–16th century (?),900,1600,"Wood, paint",Height 10-1/8 in.,"Bequest of Arthur M. Bullowa, 1993  ",Textiles-Implements,Peru,,,,http://www.metmuseum.org/art/collection/search/316860,"Metropolitan Museum of Art, New York, NY",
316861,,True,"Arts of Africa, Oceania, and the Americas",Spindle,Spindle,Peruvian,,,10th–16th century (?),900,1600,"Wood, paint",Height 10-1/8 in.,"Bequest of Arthur M. Bullowa, 1993  ",Textiles-Implements,Peru,,,,http://www.metmuseum.org/art/collection/search/316861,"Metropolitan Museum of Art, New York, NY",
316862,,True,"Arts of Africa, Oceania, and the Americas",Weaving tool,Weaving Sword,Peruvian,,,10th–16th century (?),900,1600,"Bone, shell, turquoise",L. 9 3/4 in. (24.8 cm),"Bequest of Arthur M. Bullowa, 1993  ",Bone/Ivory-Implements,Peru,,,,http://www.metmuseum.org/art/collection/search/316862,"Metropolitan Museum of Art, New York, NY",
316863,,True,"Arts of Africa, Oceania, and the Americas",Weaving tool,Weaving Sword,Peruvian,,,10th–16th century (?),900,1600,"Bone, pigment",Length 9-1/4 in.,"Bequest of Arthur M. Bullowa, 1993  ",Bone/Ivory-Implements,Peru,,,,http://www.metmuseum.org/art/collection/search/316863,"Metropolitan Museum of Art, New York, NY",
316864,,True,"Arts of Africa, Oceania, and the Americas",Weaving tool,Weaving Sword,Peruvian,,,10th–16th century (?),900,1600,"Bone, pigment",Length 7-5/8 in.,"Bequest of Arthur M. Bullowa, 1993  ",Bone/Ivory-Implements,Peru,,,,http://www.metmuseum.org/art/collection/search/316864,"Metropolitan Museum of Art, New York, NY",
316865,,True,"Arts of Africa, Oceania, and the Americas",Weaving tool,Weaving Sword,Peruvian,,,10th–16th century (?),900,1600,"Bone, pigment",L. 7 in. (17.8 cm),"Bequest of Arthur M. Bullowa, 1993  ",Bone/Ivory-Implements,Peru,,,,http://www.metmuseum.org/art/collection/search/316865,"Metropolitan Museum of Art, New York, NY",
316866,,True,"Arts of Africa, Oceania, and the Americas",Needle,Needle,Peruvian,,,10th–16th century (?),900,1600,Wood,Height 3-1/4 to 4 in.,"Bequest of Arthur M. Bullowa, 1993  ",Textiles-Implements,Peru,,,,http://www.metmuseum.org/art/collection/search/316866,"Metropolitan Museum of Art, New York, NY",
316869,,True,"Arts of Africa, Oceania, and the Americas",Comb,Wooden Comb with Woolen Decoration,Peruvian,,,10th–16th century (?),900,1600,"Wood, cotton",H. 1 3/4 in. (4.4 cm),"Bequest of Arthur M. Bullowa, 1993  ",Wood-Implements,Peru,,,,http://www.metmuseum.org/art/collection/search/316869,"Metropolitan Museum of Art, New York, NY",
316887,,True,"Arts of Africa, Oceania, and the Americas",Lime container,Lime Container,Wari(?),,,6th–10th century,500,1000,"Wood, shell cotton",H. 2 3/8 × Diam. 1 in. (6 × 2.5 cm),"Bequest of Arthur M. Bullowa, 1993  ",Wood-Containers,Peru,,,,http://www.metmuseum.org/art/collection/search/316887,"Metropolitan Museum of Art, New York, NY",
316892,,True,"Arts of Africa, Oceania, and the Americas",Mantle,Woman's Mantle (lliclla),Peruvian,,,17th–18th century,1600,1800,Camelid hair,H. 35 1/2 x W. 43 3/8 in. (90.2 x 110.2 cm),"Bequest of Arthur M. Bullowa, 1993  ",Textiles-Woven,Peru,,,,http://www.metmuseum.org/art/collection/search/316892,"Metropolitan Museum of Art, New York, NY",
316893,,True,"Arts of Africa, Oceania, and the Americas",Tunic fragment,Tunic Fragment,Peruvian,,,7th–10th century,600,1000,"Cotton, camelid hair",Height 24 in.,"Bequest of Arthur M. Bullowa, 1993  ",Textiles-Woven,Peru,,,,http://www.metmuseum.org/art/collection/search/316893,"Metropolitan Museum of Art, New York, NY",
316894,,True,"Arts of Africa, Oceania, and the Americas",Sash fragment,Sash Fragment with Fringe,Peruvian,,,7th–10th century,600,1000,Camelid hair,Length 14-1/2 in.,"Bequest of Arthur M. Bullowa, 1993  ",Textiles-Woven,Peru,,,,http://www.metmuseum.org/art/collection/search/316894,"Metropolitan Museum of Art, New York, NY",
316895,,True,"Arts of Africa, Oceania, and the Americas",Sash fragment,Sash Fragments,Peruvian,,,14th–early 16th century,1300,1540,"Cotton, camelid hair",Length (a) 25 in.,"Bequest of Arthur M. Bullowa, 1993  ",Textiles-Woven,Peru,,,,http://www.metmuseum.org/art/collection/search/316895,"Metropolitan Museum of Art, New York, NY",Animals
316896,,False,"Arts of Africa, Oceania, and the Americas",Panel,Woven Panel,Peruvian,,,14th–early 16th century,1300,1540,Cotton,Length 46 in.,"Bequest of Arthur M. Bullowa, 1993  ",Textiles-Woven,Peru,,,,http://www.metmuseum.org/art/collection/search/316896,"Metropolitan Museum of Art, New York, NY",
316897,,False,"Arts of Africa, Oceania, and the Americas",Panel,Woven Panel,Peruvian,,,14th–early 16th century,1300,1540,Cotton,Length 39 in.,"Bequest of Arthur M. Bullowa, 1993  ",Textiles-Woven,Peru,,,,http://www.metmuseum.org/art/collection/search/316897,"Metropolitan Museum of Art, New York, NY",
316898,,False,"Arts of Africa, Oceania, and the Americas",Panel,Woven Panel,Peruvian,,,14th–early 16th century,1300,1540,Cotton,Length 38 in.,"Bequest of Arthur M. Bullowa, 1993  ",Textiles-Woven,Peru,,,,http://www.metmuseum.org/art/collection/search/316898,"Metropolitan Museum of Art, New York, NY",
316899,,False,"Arts of Africa, Oceania, and the Americas",Panel,Woven Panel,Peruvian,,,14th–early 16th century,1300,1540,Cotton,Length 35-1/2 in.,"Bequest of Arthur M. Bullowa, 1993  ",Textiles-Woven,Peru,,,,http://www.metmuseum.org/art/collection/search/316899,"Metropolitan Museum of Art, New York, NY",
316900,,False,"Arts of Africa, Oceania, and the Americas",Panel,Woven Panel,Peruvian,,,14th–early 16th century,1300,1540,Camelid hair,Length 36 in.,"Bequest of Arthur M. Bullowa, 1993  ",Textiles-Woven,Peru,,,,http://www.metmuseum.org/art/collection/search/316900,"Metropolitan Museum of Art, New York, NY",
316901,,False,"Arts of Africa, Oceania, and the Americas",Panel,Woven Panel,Peruvian,,,14th–early 16th century,1300,1540,Cotton,Length 41 in.,"Bequest of Arthur M. Bullowa, 1993  ",Textiles-Woven,Peru,,,,http://www.metmuseum.org/art/collection/search/316901,"Metropolitan Museum of Art, New York, NY",
316902,,False,"Arts of Africa, Oceania, and the Americas",Panel,Woven Panel,Peruvian,,,14th–early 16th century,1300,1540,Cotton,Length 26 in.,"Bequest of Arthur M. Bullowa, 1993  ",Textiles-Woven,Peru,,,,http://www.metmuseum.org/art/collection/search/316902,"Metropolitan Museum of Art, New York, NY",
316903,,False,"Arts of Africa, Oceania, and the Americas",Panel,Woven Panel,Peruvian,,,14th–early 16th century,1300,1540,Cotton,Length 34 in.,"Bequest of Arthur M. Bullowa, 1993  ",Textiles-Woven,Peru,,,,http://www.metmuseum.org/art/collection/search/316903,"Metropolitan Museum of Art, New York, NY",
316904,,True,"Arts of Africa, Oceania, and the Americas",Band fragment,Band Fragment,Peruvian,,,7th–10th century,600,1000,"Cotton, camelid hair",Height 7 in.,"Bequest of Arthur M. Bullowa, 1993  ",Textiles-Woven,Peru,,,,http://www.metmuseum.org/art/collection/search/316904,"Metropolitan Museum of Art, New York, NY",
316905,,True,"Arts of Africa, Oceania, and the Americas",Band fragment,Band Fragment,Peruvian,,,7th–10th century,600,1000,"Cotton, camelid hair",Height 7 in.,"Bequest of Arthur M. Bullowa, 1993  ",Textiles-Woven,Peru,,,,http://www.metmuseum.org/art/collection/search/316905,"Metropolitan Museum of Art, New York, NY",Birds
316906,,True,"Arts of Africa, Oceania, and the Americas",Tunic fragment,Tunic Fragment,Peruvian,,,7th–10th century,600,1000,"Cotton, camelid hair",Height 45-1/2 in.,"Bequest of Arthur M. Bullowa, 1993  ",Textiles-Woven,Peru,,,,http://www.metmuseum.org/art/collection/search/316906,"Metropolitan Museum of Art, New York, NY",
316907,,False,"Arts of Africa, Oceania, and the Americas",Panel,Woven Panel,Peruvian,,,14th–early 16th century,1300,1540,Cotton,Height 41 in.,"Bequest of Arthur M. Bullowa, 1993  ",Textiles-Woven,Peru,,,,http://www.metmuseum.org/art/collection/search/316907,"Metropolitan Museum of Art, New York, NY",
316908,,False,"Arts of Africa, Oceania, and the Americas",Border fragment,Border Fragment,Peruvian,,,3rd–7th century,200,700,"Cotton, camelid hair",H. 74 1/2 in. × W. 8 in. (189.2 × 20.3 cm),"Bequest of Arthur M. Bullowa, 1993  ",Textiles-Woven,Peru,,,,http://www.metmuseum.org/art/collection/search/316908,"Metropolitan Museum of Art, New York, NY",
316909,,False,"Arts of Africa, Oceania, and the Americas",Garment fragment (?),Garment Fragment (?),Peruvian,,,3rd–7th century,200,700,Camelid hair,Length 42 in.,"Bequest of Arthur M. Bullowa, 1993  ",Textiles-Woven,Peru,,,,http://www.metmuseum.org/art/collection/search/316909,"Metropolitan Museum of Art, New York, NY",
316910,,True,"Arts of Africa, Oceania, and the Americas",Sash fragment,Sash Fragment,Peruvian,,,14th–early 16th century,1300,1540,Cotton,Length 271 in.,"Bequest of Arthur M. Bullowa, 1993  ",Textiles-Woven,Peru,,,,http://www.metmuseum.org/art/collection/search/316910,"Metropolitan Museum of Art, New York, NY",Human Figures
316911,,False,"Arts of Africa, Oceania, and the Americas",Garment fragment,Garment Fragment,Peruvian,,,7th–10th century,600,1000,"Cotton, camelid hair",Height 75-1/2 in.,"Bequest of Arthur M. Bullowa, 1993  ",Textiles-Woven,Peru,,,,http://www.metmuseum.org/art/collection/search/316911,"Metropolitan Museum of Art, New York, NY",
316912,,True,"Arts of Africa, Oceania, and the Americas",Panel fragment,Woven Panel Fragment,Peruvian,,,7th–10th century,600,1000,"Cotton, camelid hair",Height 18-1/2 in.,"Bequest of Arthur M. Bullowa, 1993  ",Textiles-Woven,Peru,,,,http://www.metmuseum.org/art/collection/search/316912,"Metropolitan Museum of Art, New York, NY",
316913,,True,"Arts of Africa, Oceania, and the Americas",Bag,Coca Bag,Moche,,,5th–7th century,400,700,"Camelid hair, cotton",H. 5 x W. 6 in. (12.7 x 15.2 cm),"Bequest of Arthur M. Bullowa, 1993  ",Textiles-Woven,Peru,,,,http://www.metmuseum.org/art/collection/search/316913,"Metropolitan Museum of Art, New York, NY",Mythical Creatures
316914,,True,"Arts of Africa, Oceania, and the Americas",Ornament,Feathered Ornament,Peruvian,,,14th–early 16th century,1300,1540,"Cotton, feathers",Length 37 in.,"Bequest of Arthur M. Bullowa, 1993  ",Textiles-Featherwork,Peru,,,,http://www.metmuseum.org/art/collection/search/316914,"Metropolitan Museum of Art, New York, NY",
316915,,True,"Arts of Africa, Oceania, and the Americas",Sash fragment,Sash Fragments,Peruvian,,,14th–early 16th century,1300,1540,Cotton,Length (a) 41 in.,"Bequest of Arthur M. Bullowa, 1993  ",Textiles-Woven,Peru,,,,http://www.metmuseum.org/art/collection/search/316915,"Metropolitan Museum of Art, New York, NY",Human Figures
316916,,True,"Arts of Africa, Oceania, and the Americas",Sash fragment,Sash Fragments,Peruvian,,,14th–early 16th century,1300,1540,Cotton,Length (a) 21 in.,"Bequest of Arthur M. Bullowa, 1993  ",Textiles-Woven,Peru,,,,http://www.metmuseum.org/art/collection/search/316916,"Metropolitan Museum of Art, New York, NY",Human Figures
316917,,True,"Arts of Africa, Oceania, and the Americas",Bag,Bag,Peruvian,,,14th–early 16th century,1300,1540,"Cotton, camelid hair",Height 7-1/4 in.,"Bequest of Arthur M. Bullowa, 1993  ",Textiles-Woven,Peru,,,,http://www.metmuseum.org/art/collection/search/316917,"Metropolitan Museum of Art, New York, NY",
316918,,True,"Arts of Africa, Oceania, and the Americas",Bag,Bag,Peruvian,,,14th–early 16th century,1300,1540,"Cotton, camelid hair",Height 7-1/2 in.,"Bequest of Arthur M. Bullowa, 1993  ",Textiles-Woven,Peru,,,,http://www.metmuseum.org/art/collection/search/316918,"Metropolitan Museum of Art, New York, NY",
316919,,True,"Arts of Africa, Oceania, and the Americas",Bag,Bag,Colonial,,,16th century,1500,1600,"Cotton, camelid hair",Height 6-1/2 in.,"Bequest of Arthur M. Bullowa, 1993  ",Textiles-Woven,Peru,,,,http://www.metmuseum.org/art/collection/search/316919,"Metropolitan Museum of Art, New York, NY",
316920,,True,"Arts of Africa, Oceania, and the Americas",Bag,Bag,Quechua,,,16th century (?),1500,1600,Camelid hair,Height 7-3/4 in.,"Bequest of Arthur M. Bullowa, 1993  ",Textiles-Woven,Peru,,,,http://www.metmuseum.org/art/collection/search/316920,"Metropolitan Museum of Art, New York, NY",
316921,,True,"Arts of Africa, Oceania, and the Americas",Bag,Bag,Nasca (?),,,2nd–7th century,100,700,Camelid hair,Height 3 in.,"Bequest of Arthur M. Bullowa, 1993  ",Textiles-Woven,Peru,,,,http://www.metmuseum.org/art/collection/search/316921,"Metropolitan Museum of Art, New York, NY",
316922,,True,"Arts of Africa, Oceania, and the Americas",Bag,Bag,Quechua,,,16th century (?),1500,1600,"Cotton, camelid hair","H. 3 7/8 x W. 3 3/8 in. (9.8 x 8.6 cm)
","Bequest of Arthur M. Bullowa, 1993  ",Textiles-Woven,Peru,,,,http://www.metmuseum.org/art/collection/search/316922,"Metropolitan Museum of Art, New York, NY",
316923,,True,"Arts of Africa, Oceania, and the Americas",Bag,Bag,Quechua,,,16th century (?),1500,1600,"Cotton, camelid hair",Height 3-7/8 in.,"Bequest of Arthur M. Bullowa, 1993  ",Textiles-Woven,Peru,,,,http://www.metmuseum.org/art/collection/search/316923,"Metropolitan Museum of Art, New York, NY",
316924,,True,"Arts of Africa, Oceania, and the Americas",Bag,Bag with Fringes,Wari,,,7th–10th century,600,1000,"Cotton, camelid hair",H. 10 1/2 × W. 4 1/4 in. (26.7 × 10.8 cm),"Bequest of Arthur M. Bullowa, 1993  ",Textiles-Woven,Peru,,,,http://www.metmuseum.org/art/collection/search/316924,"Metropolitan Museum of Art, New York, NY",
316925,,True,"Arts of Africa, Oceania, and the Americas",Bag,Bag,Nasca (?),,,2nd–7th century,100,700,Camelid hair,Height 5-1/2 in.,"Bequest of Arthur M. Bullowa, 1993  ",Textiles-Woven,Peru,,,,http://www.metmuseum.org/art/collection/search/316925,"Metropolitan Museum of Art, New York, NY",
316926,,True,"Arts of Africa, Oceania, and the Americas",Bag,Feathered Bag,Inca,,,15th–early 16th century,1400,1550,"Cotton, feathers",H. 6 x W. 4 3/4 x D. 2 in. (15.2 x 12.1 x 5.1 cm),"Bequest of Arthur M. Bullowa, 1993  ",Textiles-Featherwork,Peru,,,,http://www.metmuseum.org/art/collection/search/316926,"Metropolitan Museum of Art, New York, NY",
316927,,False,"Arts of Africa, Oceania, and the Americas",Bag,Bag,Peruvian,,,500–1500 CE,500,1500,"Cotton, pigment",Height 8-1/4 in.,"Bequest of Arthur M. Bullowa, 1993  ",Textiles-Woven,Peru,,,,http://www.metmuseum.org/art/collection/search/316927,"Metropolitan Museum of Art, New York, NY",
316928,,True,"Arts of Africa, Oceania, and the Americas",Sling,Sling,Inca (?),,,1450–1532 CE,1450,1450,Camelid hair,Length 54-1/2 in.,"Bequest of Arthur M. Bullowa, 1993  ",Textiles-Woven,Peru,,,,http://www.metmuseum.org/art/collection/search/316928,"Metropolitan Museum of Art, New York, NY",
316929,,True,"Arts of Africa, Oceania, and the Americas",Sling,Sling,Quechua,,,1450–1532 CE,1450,1532,Camelid hair,Length 77 in.,"Bequest of Arthur M. Bullowa, 1993  ",Textiles-Woven,Peru,,,,http://www.metmuseum.org/art/collection/search/316929,"Metropolitan Museum of Art, New York, NY",
316930,,True,"Arts of Africa, Oceania, and the Americas",Sling,Sling,Quechua,,,16th century (?),1500,1600,Camelid hair,Length 90 in.,"Bequest of Arthur M. Bullowa, 1993  ",Textiles-Woven,Peru,,,,http://www.metmuseum.org/art/collection/search/316930,"Metropolitan Museum of Art, New York, NY",
316931,,True,"Arts of Africa, Oceania, and the Americas",Headband,Headband,Peruvian,,,7th–10th century,600,1000,Camelid hair,Length 179 in.,"Bequest of Arthur M. Bullowa, 1993  ",Textiles-Woven,Peru,,,,http://www.metmuseum.org/art/collection/search/316931,"Metropolitan Museum of Art, New York, NY",
316932,,True,"Arts of Africa, Oceania, and the Americas",Headband,Headband,Wari,,,7th–10th century,600,1000,"Cotton, camelid hair",H. 3 1/8 × Diam. 6 5/8 in. (7.9 × 16.8 cm),"Bequest of Arthur M. Bullowa, 1993  ",Textiles-Woven,Peru,,,,http://www.metmuseum.org/art/collection/search/316932,"Metropolitan Museum of Art, New York, NY",
316933,,True,"Arts of Africa, Oceania, and the Americas",Headband,Headband,Wari,,,7th–10th century,700,1000,"Cotton, camelid hair","a: H. 4 × Diam. 6 1/4 in. (10.2 × 15.9 cm)
b: H. 3 3/4 × Diam. 19 5/8 in. (9.5 × 49.9 cm)","Bequest of Arthur M. Bullowa, 1993  ",Textiles-Woven,Peru,,,,http://www.metmuseum.org/art/collection/search/316933,"Metropolitan Museum of Art, New York, NY",Human Figures
316934,,True,"Arts of Africa, Oceania, and the Americas",Headband,Headband,Wari,,,7th–10th century,700,1000,"Cotton, camelid hair",H. 2 1/4 × Diam. 6 1/2 in. (5.7 × 16.5 cm),"Bequest of Arthur M. Bullowa, 1993  ",Textiles-Woven,Peru,,,,http://www.metmuseum.org/art/collection/search/316934,"Metropolitan Museum of Art, New York, NY",Snakes
316935,,True,"Arts of Africa, Oceania, and the Americas",Headband,Headband,Nasca (?),,,2nd–7th century,100,700,"Cotton, camelid hair",Height 1 in.,"Bequest of Arthur M. Bullowa, 1993  ",Textiles-Woven,Peru,,,,http://www.metmuseum.org/art/collection/search/316935,"Metropolitan Museum of Art, New York, NY",
316936,,True,"Arts of Africa, Oceania, and the Americas",Headband,Headband,Wari,,,7th–10th century,700,1000,"Cotton, camelid hair",H. 4 1/2 × Diam. 5 3/4 in. (11.4 × 14.6 cm),"Bequest of Arthur M. Bullowa, 1993  ",Textiles-Woven,Peru,,,,http://www.metmuseum.org/art/collection/search/316936,"Metropolitan Museum of Art, New York, NY",
316937,,True,"Arts of Africa, Oceania, and the Americas",Headband,Headband,Wari,,,7th–10th century,700,1000,"Cotton, camelid hair",H. 4 3/8 × Diam. 6 1/2 in. (11.1 × 16.5 cm),"Bequest of Arthur M. Bullowa, 1993  ",Textiles-Woven,Peru,,,,http://www.metmuseum.org/art/collection/search/316937,"Metropolitan Museum of Art, New York, NY",
316938,,True,"Arts of Africa, Oceania, and the Americas",Ornament,Serpent ornament,Inca (?),,,1450–1532 CE,1450,1532,"Cotton, camelid hair",W. 1 × L. (includes tie)  34 in. (2.5 × 86.4 cm),"Bequest of Arthur M. Bullowa, 1993  ",Textiles-Woven,Peru,,,,http://www.metmuseum.org/art/collection/search/316938,"Metropolitan Museum of Art, New York, NY",Serpents
316939,,True,"Arts of Africa, Oceania, and the Americas",Miniature tunic,Miniature Tunic,Inca,,,14th–early 16th century,1300,1540,"Cotton, camelid hair",Height 4-1/2 in.,"Bequest of Arthur M. Bullowa, 1993  ",Textiles-Woven,Peru,,,,http://www.metmuseum.org/art/collection/search/316939,"Metropolitan Museum of Art, New York, NY",
316940,,True,"Arts of Africa, Oceania, and the Americas",Hat,Hat,Peruvian,,,7th–10th century,700,1000,Camelid hair,H. 5 in. × W. 5 1/2 in. (12.7 × 14 cm),"Bequest of Arthur M. Bullowa, 1993  ",Textiles-Costumes,Peru,,,,http://www.metmuseum.org/art/collection/search/316940,"Metropolitan Museum of Art, New York, NY",
316941,,True,"Arts of Africa, Oceania, and the Americas",Miniature tunic,Miniature Tunic,Ica,,,12th–13th century,1100,1300,"Cotton, feathers","H.  4 1/2 x W.  4 in. (11.4 x 10.2 cm)
","Bequest of Arthur M. Bullowa, 1993  ",Textiles-Featherwork,Peru,,,,http://www.metmuseum.org/art/collection/search/316941,"Metropolitan Museum of Art, New York, NY",
316942,,True,"Arts of Africa, Oceania, and the Americas",Miniature tunic,Miniature Tunic,Ica,,,12th–13th century,1100,1300,"Cotton, feathers",H. 8 1/2 x W. 8 5/8 in. (21.6 x 19.7 cm),"Bequest of Arthur M. Bullowa, 1993  ",Textiles-Featherwork,Peru,,,,http://www.metmuseum.org/art/collection/search/316942,"Metropolitan Museum of Art, New York, NY",
316943,,True,"Arts of Africa, Oceania, and the Americas",Band,Feathered Band,Peruvian,,,14th–early 16th century,1300,1540,"Cotton, feathers",Length 16-1/4 in.,"Bequest of Arthur M. Bullowa, 1993  ",Textiles-Featherwork,Peru,,,,http://www.metmuseum.org/art/collection/search/316943,"Metropolitan Museum of Art, New York, NY",
316944,,True,"Arts of Africa, Oceania, and the Americas",Border fragment,Embroidered Border Fragment,Peruvian,,,1st–7th century,100,700,"Cotton, camelid hair",Length 16-1/4 in.,"Bequest of Arthur M. Bullowa, 1993  ",Textiles-Woven,Peru,,,,http://www.metmuseum.org/art/collection/search/316944,"Metropolitan Museum of Art, New York, NY",Animals
316945,,True,"Arts of Africa, Oceania, and the Americas",Border fragment,Border Fragment,Paracas,,,450–175 BCE,-450,-175,"Cotton, camelid hair","H. 6 3/4  x W.  41 3/8 in. (17.1 x 105.1cm)
","Bequest of Arthur M. Bullowa, 1993  ",Textiles-Woven,Peru,,,,http://www.metmuseum.org/art/collection/search/316945,"Metropolitan Museum of Art, New York, NY",
316946,,True,"Arts of Africa, Oceania, and the Americas",Border fragment,Embroidered Border Fragment,Peruvian,,,1st–7th century,100,700,"Cotton, camelid hair",Length 23-3/4 in.,"Bequest of Arthur M. Bullowa, 1993  ",Textiles-Woven,Peru,,,,http://www.metmuseum.org/art/collection/search/316946,"Metropolitan Museum of Art, New York, NY",
316947,,True,"Arts of Africa, Oceania, and the Americas",Border fragment,Embroidered Border Fragment,Peruvian,,,1st–7th century,100,700,"Cotton, camelid hair",W. 4 1/2 × L. 27 3/4 in. (11.4 × 70.5 cm),"Bequest of Arthur M. Bullowa, 1993  ",Textiles-Woven,Peru,,,,http://www.metmuseum.org/art/collection/search/316947,"Metropolitan Museum of Art, New York, NY",Men|Women
316948,,True,"Arts of Africa, Oceania, and the Americas",Hat,Openweave Cap,Peruvian,,,14th–early 16th century,1300,1540,Cotton,Height (w/tassel) 4 in.,"Bequest of Arthur M. Bullowa, 1993  ",Textiles-Costumes,Peru,,,,http://www.metmuseum.org/art/collection/search/316948,"Metropolitan Museum of Art, New York, NY",
316949,,True,"Arts of Africa, Oceania, and the Americas",Hat,Openweave Cap with Tassels,Peruvian,,,11th–14th century,1000,1400,Cotton,Height 6-1/4 in.,"Bequest of Arthur M. Bullowa, 1993  ",Textiles-Costumes,Peru,,,,http://www.metmuseum.org/art/collection/search/316949,"Metropolitan Museum of Art, New York, NY",
316950,,True,"Arts of Africa, Oceania, and the Americas",Hat,Openweave Cap with Tassels,Peruvian,,,11th–14th century,1000,1400,"Cotton, camelid hair",Height (w/tassel) 6-3/4 in.,"Bequest of Arthur M. Bullowa, 1993  ",Textiles-Costumes,Peru,,,,http://www.metmuseum.org/art/collection/search/316950,"Metropolitan Museum of Art, New York, NY",
316951,,True,"Arts of Africa, Oceania, and the Americas",Hat,Mitre Shaped Cap,Peruvian,,,11th–early 14th century,1000,1400,"Cotton, camelid hair","H. 7 3/4 x W. 10 in. (19.7 x 25.4 cm)
","Bequest of Arthur M. Bullowa, 1993  ",Textiles-Woven,Peru,,,,http://www.metmuseum.org/art/collection/search/316951,"Metropolitan Museum of Art, New York, NY",
316952,,True,"Arts of Africa, Oceania, and the Americas",Hat,Mitre Shaped Cap,Peruvian,,,11th–14th century,1000,1400,"Cotton, camelid hair","H. 8 1/4 x W. 10 in. (21 x 25.4 cm)
","Bequest of Arthur M. Bullowa, 1993  ",Textiles-Woven,Peru,,,,http://www.metmuseum.org/art/collection/search/316952,"Metropolitan Museum of Art, New York, NY",
316953,,True,"Arts of Africa, Oceania, and the Americas",Hat,Cap,Peruvian,,,14th–early 16th century,1300,1540,"Cotton, camelid hair",Height 6-1/2 in.,"Bequest of Arthur M. Bullowa, 1993  ",Textiles-Costumes,Peru,,,,http://www.metmuseum.org/art/collection/search/316953,"Metropolitan Museum of Art, New York, NY",
316954,,True,"Arts of Africa, Oceania, and the Americas",Hat,Cap,Peruvian,,,11th–early 14th century,1000,1400,"Cotton, camelid hair",Height 7 in.,"Bequest of Arthur M. Bullowa, 1993  ",Textiles-Costumes,Peru,,,,http://www.metmuseum.org/art/collection/search/316954,"Metropolitan Museum of Art, New York, NY",
316955,,True,"Arts of Africa, Oceania, and the Americas",Hat,Cap,Peruvian,,,7th–10th century,600,1000,Camelid hair,Height 20 in.,"Bequest of Arthur M. Bullowa, 1993  ",Textiles-Costumes,Peru,,,,http://www.metmuseum.org/art/collection/search/316955,"Metropolitan Museum of Art, New York, NY",
316956,,True,"Arts of Africa, Oceania, and the Americas",Hat,Cap,Arica,,,10th–14th century,900,1400,Camelid hair,Height 5 in.,"Bequest of Arthur M. Bullowa, 1993  ",Textiles-Costumes,Chile,San Pedro de Atacama desert,,,http://www.metmuseum.org/art/collection/search/316956,"Metropolitan Museum of Art, New York, NY",
316957,,True,"Arts of Africa, Oceania, and the Americas",Hat,Cap,Arica,,,10th–14th century,900,1400,Camelid hair,Height 4-1/2 in.,"Bequest of Arthur M. Bullowa, 1993  ",Textiles-Costumes,Chile,San Pedro de Atacama desert,,,http://www.metmuseum.org/art/collection/search/316957,"Metropolitan Museum of Art, New York, NY",
316958,,True,"Arts of Africa, Oceania, and the Americas",Hat,Cap with Feathers,Arica,,,10th–14th century,900,1400,"Wool, feathers","H. 4 1/8 x Diam. 6 in. (10.5 x 15.2 cm)
","Bequest of Arthur M. Bullowa, 1993  ",Textiles-Featherwork,Chile,San Pedro de Atacama desert,,,http://www.metmuseum.org/art/collection/search/316958,"Metropolitan Museum of Art, New York, NY",
316959,,True,"Arts of Africa, Oceania, and the Americas",Hat,Cap,Arica,,,10th–14th century,900,1400,Camelid hair,Height 4-3/4 in.,"Bequest of Arthur M. Bullowa, 1993  ",Textiles-Costumes,Chile,San Pedro de Atacama desert,,,http://www.metmuseum.org/art/collection/search/316959,"Metropolitan Museum of Art, New York, NY",
316960,,True,"Arts of Africa, Oceania, and the Americas",Hat,Cap,Arica,,,10th–14th century,900,1400,Camelid hair,Height 4-3/4 in.,"Bequest of Arthur M. Bullowa, 1993  ",Textiles-Costumes,Chile,San Pedro de Atacama desert,,,http://www.metmuseum.org/art/collection/search/316960,"Metropolitan Museum of Art, New York, NY",
316961,,True,"Arts of Africa, Oceania, and the Americas",Hat,Feathered Cap,Peruvian,,,900–1470 CE,900,1470,"Camelid hair, feathers",Height 11-3/4 in.,"Bequest of Arthur M. Bullowa, 1993  ",Textiles-Featherwork,Peru,,,,http://www.metmuseum.org/art/collection/search/316961,"Metropolitan Museum of Art, New York, NY",
316962,,True,"Arts of Africa, Oceania, and the Americas",Hat,Four-Cornered Hat,Wari,,,7th–9th century,600,900,Camelid hair,H. 4 1/2 × Circum. 19 7/8 in. (11.4 × 50.5 cm),"Bequest of Arthur M. Bullowa, 1993  ",Textiles-Costumes,Peru,,,,http://www.metmuseum.org/art/collection/search/316962,"Metropolitan Museum of Art, New York, NY",
316963,,True,"Arts of Africa, Oceania, and the Americas",Hat,Four-Cornered Hat,Wari,,,7th–9th century,600,900,Camelid hair,H. 4 1/2 × Circum. 20 1/4 in. (11.4 × 51.4 cm),"Bequest of Arthur M. Bullowa, 1993  ",Textiles-Costumes,Peru,,,,http://www.metmuseum.org/art/collection/search/316963,"Metropolitan Museum of Art, New York, NY",Birds
316964,,True,"Arts of Africa, Oceania, and the Americas",Hat,Four-Cornered Hat,Wari,,,7th–9th century,600,900,Camelid hair,H. 4 × Circum. 22 in. (10.2 × 55.9 cm),"Bequest of Arthur M. Bullowa, 1993  ",Textiles-Costumes,Peru,,,,http://www.metmuseum.org/art/collection/search/316964,"Metropolitan Museum of Art, New York, NY",Birds
316965,,True,"Arts of Africa, Oceania, and the Americas",Hat,Four-Cornered Hat,Wari,,,7th–9th century,600,900,Camelid hair,H. 4 1/2 × Circum.19 3/4 in. (11.4 × 50.2 cm),"Bequest of Arthur M. Bullowa, 1993  ",Textiles-Costumes,Peru,,,,http://www.metmuseum.org/art/collection/search/316965,"Metropolitan Museum of Art, New York, NY",
316966,,True,"Arts of Africa, Oceania, and the Americas",Hat,Four-Cornered Hat,Wari,,,7th–9th century,600,900,Camelid hair,H. 5 × Circum. 21 in. (12.7 × 53.3 cm),"Bequest of Arthur M. Bullowa, 1993  ",Textiles-Costumes,Peru,,,,http://www.metmuseum.org/art/collection/search/316966,"Metropolitan Museum of Art, New York, NY",
316967,,True,"Arts of Africa, Oceania, and the Americas",Hat,Four-Cornered Hat,Wari,,,7th–9th century,600,900,Camelid hair,H. 5 × Diam. 20 3/4 in. (12.7 × 52.7 cm),"Bequest of Arthur M. Bullowa, 1993  ",Textiles-Costumes,Peru,,,,http://www.metmuseum.org/art/collection/search/316967,"Metropolitan Museum of Art, New York, NY",
316968,,True,"Arts of Africa, Oceania, and the Americas",Hat,Four-Cornered Hat,Wari,,,7th–9th century,600,900,Camelid hair,H. 4 1/4 in. × Circum. 20 in. (10.8 × 50.8 cm),"Bequest of Arthur M. Bullowa, 1993  ",Textiles-Costumes,Peru,,,,http://www.metmuseum.org/art/collection/search/316968,"Metropolitan Museum of Art, New York, NY",
316969,,True,"Arts of Africa, Oceania, and the Americas",Hat,Four-Cornered Hat,Wari,,,7th–9th century,600,900,Camelid hair,H. 5 × Circum. 20 1/2 in. (12.7 × 52.1 cm),"Bequest of Arthur M. Bullowa, 1993  ",Textiles-Costumes,Peru,,,,http://www.metmuseum.org/art/collection/search/316969,"Metropolitan Museum of Art, New York, NY",
316970,,True,"Arts of Africa, Oceania, and the Americas",Hat,Four-Cornered Hat,Wari,,,7th–9th century,600,900,Camelid hair,H. 3 1/4 × Circum. 19 1/4 in. (8.3 × 48.9 cm),"Bequest of Arthur M. Bullowa, 1993  ",Textiles-Costumes,Peru,,,,http://www.metmuseum.org/art/collection/search/316970,"Metropolitan Museum of Art, New York, NY",
316971,,True,"Arts of Africa, Oceania, and the Americas",Hat,Four-Cornered Hat,Wari,,,7th–9th century,600,900,Camelid hair,H. 4 1/2 × Circum. 21 in. (11.4 × 53.3 cm),"Bequest of Arthur M. Bullowa, 1993  ",Textiles-Costumes,Peru,,,,http://www.metmuseum.org/art/collection/search/316971,"Metropolitan Museum of Art, New York, NY",
316972,,True,"Arts of Africa, Oceania, and the Americas",Hat,Four-Cornered Hat,Wari,,,7th–9th century,600,900,Camelid hair,H. 4 1/2 in. × Circum. 21 1/2 in. (11.4 × 54.6 cm),"Bequest of Arthur M. Bullowa, 1993  ",Textiles-Costumes,Peru,,,,http://www.metmuseum.org/art/collection/search/316972,"Metropolitan Museum of Art, New York, NY",
316973,,True,"Arts of Africa, Oceania, and the Americas",Hat,Four-Cornered Hat,Wari,,,7th–9th century,600,900,Camelid hair,H. 4 1/2 × Circum. 19 3/4 in. (11.4 × 50.2 cm),"Bequest of Arthur M. Bullowa, 1993  ",Textiles-Costumes,Peru,,,,http://www.metmuseum.org/art/collection/search/316973,"Metropolitan Museum of Art, New York, NY",
316974,,True,"Arts of Africa, Oceania, and the Americas",Hat,Four-Cornered Hat,Wari,,,8th–10th century,700,1000,Camelid hair,H. 6 × Circum. 22 in. (15.2 × 55.9 cm),"Bequest of Arthur M. Bullowa, 1993  ",Textiles-Costumes,Peru,,,,http://www.metmuseum.org/art/collection/search/316974,"Metropolitan Museum of Art, New York, NY",
316975,,True,"Arts of Africa, Oceania, and the Americas",Hat,Four-Cornered Hat,Wari,,,7th–10th century,600,1000,Camelid hair,H. 4 1/2 in. × Circum. 19 1/2 in. (11.4 × 49.5 cm),"Bequest of Arthur M. Bullowa, 1993  ",Textiles-Costumes,Peru,,,,http://www.metmuseum.org/art/collection/search/316975,"Metropolitan Museum of Art, New York, NY",
316976,,True,"Arts of Africa, Oceania, and the Americas",Hat,Four-Cornered Hat,Wari,,,8th–10th century,700,1000,Camelid hair,H. 4 1/2 × Circum. 21 1/2 in. (11.4 × 54.6 cm),"Bequest of Arthur M. Bullowa, 1993  ",Textiles-Costumes,Peru,,,,http://www.metmuseum.org/art/collection/search/316976,"Metropolitan Museum of Art, New York, NY",
316977,,True,"Arts of Africa, Oceania, and the Americas",Hat,Four-Cornered Hat,Wari,,,7th–9th century,600,900,Camelid hair,H. 3 3/4 × Circum. 20 1/4 in. (9.5 × 51.4 cm),"Bequest of Arthur M. Bullowa, 1993  ",Textiles-Costumes,Peru,,,,http://www.metmuseum.org/art/collection/search/316977,"Metropolitan Museum of Art, New York, NY",
316978,,True,"Arts of Africa, Oceania, and the Americas",Hat,Four-Cornered Hat,Tiwanaku or Wari,,,500–900 CE,500,900,Camelid fiber,H. 7 in.  × Circum. 22 3/4 in. (17.8 × 57.8 cm),"Bequest of Arthur M. Bullowa, 1993  ",Textiles-Costumes,Bolivia or Peru,,,,http://www.metmuseum.org/art/collection/search/316978,"Metropolitan Museum of Art, New York, NY",
316979,,True,"Arts of Africa, Oceania, and the Americas",Hat,Four-Cornered Hat,Tiwanaku,,,5th–9th century,400,900,Camelid hair,H. 5 × Circum. 20 in. (12.7 × 50.8 cm),"Bequest of Arthur M. Bullowa, 1993  ",Textiles-Costumes,Peru or Bolivia,,,,http://www.metmuseum.org/art/collection/search/316979,"Metropolitan Museum of Art, New York, NY",
316980,,True,"Arts of Africa, Oceania, and the Americas",Hat,Four-Cornered Hat,Tiwanaku,,,7th–9th century,600,900,Camelid hair,H. 5 3/4 in. × Circum. 18 1/4 in. (14.6 × 46.4 cm),"Bequest of Arthur M. Bullowa, 1993  ",Textiles-Costumes,Bolivia (?),,,,http://www.metmuseum.org/art/collection/search/316980,"Metropolitan Museum of Art, New York, NY",
316981,,True,"Arts of Africa, Oceania, and the Americas",Hat,Four-Cornered Hat,Tiwanaku,,,7th–9th century,600,900,Camelid hair,H. 5 × Circum. 17 1/4 in. (12.7 × 43.8 cm),"Bequest of Arthur M. Bullowa, 1993  ",Textiles-Costumes,Bolivia (?),,,,http://www.metmuseum.org/art/collection/search/316981,"Metropolitan Museum of Art, New York, NY",
316982,,True,"Arts of Africa, Oceania, and the Americas",Hat,Four-Cornered Hat,Tiwanaku,,,7th–9th century,700,900,Camelid hair,"H. 5 x Circum. 18 3/4 in. (12.7 x 47.6 cm)
","Bequest of Arthur M. Bullowa, 1993  ",Textiles-Costumes,Bolivia (?),,,,http://www.metmuseum.org/art/collection/search/316982,"Metropolitan Museum of Art, New York, NY",
316983,,True,"Arts of Africa, Oceania, and the Americas",Hat,Four-Cornered Hat,Tiwanaku,,,4th–8th century,300,800,Camelid hair,H. 6 × Circum. 16 in. (15.2 × 40.6 cm),"Bequest of Arthur M. Bullowa, 1993  ",Textiles-Costumes,Bolivia (?),,,,http://www.metmuseum.org/art/collection/search/316983,"Metropolitan Museum of Art, New York, NY",Human Figures
316984,,True,"Arts of Africa, Oceania, and the Americas",Hat,Four-Cornered Hat,Tiwanaku,,,4th–8th century,300,800,Camelid hair,H. 7 × Circum. 20 in. (17.8 × 50.8 cm),"Bequest of Arthur M. Bullowa, 1993  ",Textiles-Costumes,Bolivia (?),,,,http://www.metmuseum.org/art/collection/search/316984,"Metropolitan Museum of Art, New York, NY",
316985,,True,"Arts of Africa, Oceania, and the Americas",Hat,Four-Cornered Hat,Tiwanaku,,,7th–9th century,600,900,Camelid hair,H. 3 15/16 in. × Circum. 16 7/8 in. (10 × 42.9 cm),"Bequest of Arthur M. Bullowa, 1993  ",Textiles-Costumes,Bolivia (?),,,,http://www.metmuseum.org/art/collection/search/316985,"Metropolitan Museum of Art, New York, NY",
316986,,True,"Arts of Africa, Oceania, and the Americas",Hat,Four-Cornered Hat,Tiwanaku,,,10th–12th century,900,1200,Camelid hair,H. 4 in. × Circum. 20 1/2 in. (10.2 × 52.1 cm),"Bequest of Arthur M. Bullowa, 1993  ",Textiles-Costumes,Bolivia (?),,,,http://www.metmuseum.org/art/collection/search/316986,"Metropolitan Museum of Art, New York, NY",
316987,,True,"Arts of Africa, Oceania, and the Americas",Hat,Four-Cornered Hat,Tiwanaku,,,7th–9th century,600,900,Camelid hair,H. 4 1/4 in. × Circum. 20 1/2 in. (10.8 × 52.1 cm),"Bequest of Arthur M. Bullowa, 1993  ",Textiles-Costumes,Bolivia (?),,,,http://www.metmuseum.org/art/collection/search/316987,"Metropolitan Museum of Art, New York, NY",
316988,,True,"Arts of Africa, Oceania, and the Americas",Hat,Four-Cornered Hat,Wari,,,7th–9th century,600,900,Camelid hair,H. 4 in. × Circum. 21 1/2 in. (10.2 × 54.6 cm),"Bequest of Arthur M. Bullowa, 1993  ",Textiles-Costumes,Bolivia (?),,,,http://www.metmuseum.org/art/collection/search/316988,"Metropolitan Museum of Art, New York, NY",
316989,,True,"Arts of Africa, Oceania, and the Americas",Hat,Four-Cornered Hat,Tiwanaku,,,7th–9th century,600,900,Camelid hair,H. 4 in. (10.2 cm),"Bequest of Arthur M. Bullowa, 1993  ",Textiles-Costumes,Bolivia (?),,,,http://www.metmuseum.org/art/collection/search/316989,"Metropolitan Museum of Art, New York, NY",
316997,,False,"Arts of Africa, Oceania, and the Americas",Bag,Coca Bag,Quechua,,,20th century,1900,2000,"Wool, cotton",H. 7 x W. 7 1/4 in.,"Bequest of Arthur M. Bullowa, 1993  ",Textiles-Woven,Bolivia,,,,http://www.metmuseum.org/art/collection/search/316997,"Metropolitan Museum of Art, New York, NY",Horses
316998,,False,"Arts of Africa, Oceania, and the Americas",Mantle,Woman's Mantle,Aymara,,,19th–20th century,1800,2000,Camelid hair,H. 37 1/2 x W. 49 in. (95.3 x 124.5 cm),"Bequest of Arthur M. Bullowa, 1993  ",Textiles-Woven,Bolivia,,,,http://www.metmuseum.org/art/collection/search/316998,"Metropolitan Museum of Art, New York, NY",
316999,,False,"Arts of Africa, Oceania, and the Americas",Mantle,Woman's Mantle,Aymara,,,19th century,1800,2000,Camelid hair,H. 42 x W. 40-1/2 in. (106.7 x 102.7 cm),"Bequest of Arthur M. Bullowa, 1993  ",Textiles-Woven,Bolivia,,,,http://www.metmuseum.org/art/collection/search/316999,"Metropolitan Museum of Art, New York, NY",
317000,,False,"Arts of Africa, Oceania, and the Americas",Mantle,Woman's Mantle,Aymara,,,19th century,1800,1900,Camelid hair,H. 40 x W. 39 1/2 in. (101.6 x 100.3 cm),"Bequest of Arthur M. Bullowa, 1993  ",Textiles-Woven,Bolivia,,,,http://www.metmuseum.org/art/collection/search/317000,"Metropolitan Museum of Art, New York, NY",
317001,,False,"Arts of Africa, Oceania, and the Americas",Mantle,Woman's Mantle,Aymara,,,19th century,1800,2000,Camelid hair,H. 34 3/4 x W. 35 in. (88.3 x 88.9 cm),"Bequest of Arthur M. Bullowa, 1993  ",Textiles-Woven,Bolivia,,,,http://www.metmuseum.org/art/collection/search/317001,"Metropolitan Museum of Art, New York, NY",
317002,,False,"Arts of Africa, Oceania, and the Americas",Poncho,Poncho,Aymara,,,19th–20th century,1800,2000,Camelid hair,H. 54-1/2 x W. 61 1/2 in. (138.4 x 156.2 cm),"Bequest of Arthur M. Bullowa, 1993  ",Textiles-Woven,Bolivia,,,,http://www.metmuseum.org/art/collection/search/317002,"Metropolitan Museum of Art, New York, NY",
317003,,False,"Arts of Africa, Oceania, and the Americas",Poncho,Poncho,Aymara,,,19th–20th century,1800,2000,Camelid hair,Length 56 in.,"Bequest of Arthur M. Bullowa, 1993  ",Textiles-Woven,Bolivia,,,,http://www.metmuseum.org/art/collection/search/317003,"Metropolitan Museum of Art, New York, NY",
317004,,False,"Arts of Africa, Oceania, and the Americas",Skirt,Woman's Skirt,Aymara,,,19th–20th century,1800,2000,Camelid hair,H. 17 1/2 x W. 43 in. (44.5 x 109.2 cm),"Bequest of Arthur M. Bullowa, 1993  ",Textiles-Woven,Bolivia,,,,http://www.metmuseum.org/art/collection/search/317004,"Metropolitan Museum of Art, New York, NY",
317005,,False,"Arts of Africa, Oceania, and the Americas",Cloth,Carrying Cloth,Quechua,,,20th century,1900,2000,Camelid hair,H. 27 x W. 22 in. (68.6 x 55.9 cm),"Bequest of Arthur M. Bullowa, 1993  ",Textiles-Woven,Peru,,,,http://www.metmuseum.org/art/collection/search/317005,"Metropolitan Museum of Art, New York, NY",
317006,,False,"Arts of Africa, Oceania, and the Americas",Bag,Saddle Bag,Peru or Chile,,,19th–20th century,1800,2000,Camelid hair,Length 46 in.,"Bequest of Arthur M. Bullowa, 1993  ",Textiles-Woven,Peru or Chile,,,,http://www.metmuseum.org/art/collection/search/317006,"Metropolitan Museum of Art, New York, NY",
317192,,False,"Arts of Africa, Oceania, and the Americas",Ear ornament,Ear or Sideburn Ornament,Shuar or Achuar (?),,,20th century,1875,2025,"Feathers, seeds, cotton",H. 4 in. × W. 3 1/2 in. (10.2 × 8.9 cm),"Bequest of John B. Elliott, 1997",Textiles-Featherwork,Ecuador,,,,http://www.metmuseum.org/art/collection/search/317192,"Metropolitan Museum of Art, New York, NY",
317193,,False,"Arts of Africa, Oceania, and the Americas",Ear ornament,Ear or Sideburn Ornament,Shuar or Achuar (?),,,20th century,1875,2025,"Feathers, seeds, cotton",H. 4 in. × W. 3 1/2 in. (10.2 × 8.9 cm),"Bequest of John B. Elliott, 1997",Textiles-Featherwork,Ecuador,,,,http://www.metmuseum.org/art/collection/search/317193,"Metropolitan Museum of Art, New York, NY",
317194,,False,"Arts of Africa, Oceania, and the Americas",Skirt,Woman's Shell and Beaded Skirt,Shuar or Achuar (?),,,20th century,1875,2025,"Shell, seeds, bone, cotton",Height 9 in.,"Bequest of John B. Elliott, 1997",Shell-Costumes,Ecuador,Oriente region,,,http://www.metmuseum.org/art/collection/search/317194,"Metropolitan Museum of Art, New York, NY",
317645,,True,"Arts of Africa, Oceania, and the Americas",Bag,Bag,Peruvian,,,14th–16th century,1300,1600,"Cotton, camelid hair",Height 17 in.,"Bequest of Arthur M. Bullowa, 1993  ",Textiles-Woven,Peru,,,,http://www.metmuseum.org/art/collection/search/317645,"Metropolitan Museum of Art, New York, NY",
317736,,True,"Arts of Africa, Oceania, and the Americas",Dress,Woman's Dress,Chuquibamba,,,14th–early 16th century,1300,1550,Camelid hair,"H. 51 1/2  x  W. 60 1/2 in. (130.8 x 153.7 cm)
","Purchase, Pfeiffer Fund and Arthur M. Bullowa Bequest, 1995",Textiles-Woven,Peru,,,,http://www.metmuseum.org/art/collection/search/317736,"Metropolitan Museum of Art, New York, NY",
318038,,False,"Arts of Africa, Oceania, and the Americas",Poncho,Man's Poncho (manta),Mapuche,,,early 20th century,1900,1950,Wool,H. 35 x W. 61 in.,"Bequest of John B. Elliott, 1997",Textiles-Woven,Chile,,,,http://www.metmuseum.org/art/collection/search/318038,"Metropolitan Museum of Art, New York, NY",
318039,,False,"Arts of Africa, Oceania, and the Americas",Poncho,Poncho (manta),Mapuche,,,20th century,1900,2000,Wool,Length 18-1/2 in.,"Bequest of John B. Elliott, 1997",Textiles-Woven,Chile,,,,http://www.metmuseum.org/art/collection/search/318039,"Metropolitan Museum of Art, New York, NY",
318040,,False,"Arts of Africa, Oceania, and the Americas",Poncho,Poncho (manta),Mapuche,,,20th century,1900,2000,Wool,Length 27 in.,"Bequest of John B. Elliott, 1997",Textiles-Woven,Chile,,,,http://www.metmuseum.org/art/collection/search/318040,"Metropolitan Museum of Art, New York, NY",
318041,,False,"Arts of Africa, Oceania, and the Americas",Poncho,Poncho (manta),Mapuche,,,20th century,1900,2000,Wool,Length 29-1/2 in.,"Bequest of John B. Elliott, 1997",Textiles-Woven,Chile,,,,http://www.metmuseum.org/art/collection/search/318041,"Metropolitan Museum of Art, New York, NY",
318042,,False,"Arts of Africa, Oceania, and the Americas",Poncho,Poncho (manta),Mapuche,,,20th century,1900,2000,Wool,Length 33 in.,"Bequest of John B. Elliott, 1997",Textiles-Woven,Chile,,,,http://www.metmuseum.org/art/collection/search/318042,"Metropolitan Museum of Art, New York, NY",
318045,,False,"Arts of Africa, Oceania, and the Americas",Sash,Sash,Peru; south coast,,,13th–16th century,1200,1500,Camelid hair,Length 173 in.,"Bequest of John B. Elliott, 1997",Textiles-Woven,Peru,,,,http://www.metmuseum.org/art/collection/search/318045,"Metropolitan Museum of Art, New York, NY",
318046,,True,"Arts of Africa, Oceania, and the Americas",Tunic,Man's Shaped Tunic,Arica,,,1000–1350,1000,1350,Camelid hair,H. 32 1/2 × W. 54 1/2 in. (82.6 × 138.4 cm),"Bequest of John B. Elliott, 1997",Textiles-Woven,Chile,,,,http://www.metmuseum.org/art/collection/search/318046,"Metropolitan Museum of Art, New York, NY",
318109,,False,"Arts of Africa, Oceania, and the Americas",Mantle,Woman's Mantle,Aymara,,,19th century,1775,1925,Camelid hair,H. 32 1/2 x W. 39 1/2 in. (82.6 x 100.3 cm),"Bequest of John B. Elliott, 1997",Textiles-Woven,Bolivia,,,,http://www.metmuseum.org/art/collection/search/318109,"Metropolitan Museum of Art, New York, NY",
318110,,False,"Arts of Africa, Oceania, and the Americas",Mantle,Woman's Mantle,Aymara,,,19th–20th century,1775,2025,Camelid hair,H. 32 3/4 x W. 36 in. (83.2 x 91.4 cm),"Bequest of John B. Elliott, 1997",Textiles-Woven,Bolivia,,,,http://www.metmuseum.org/art/collection/search/318110,"Metropolitan Museum of Art, New York, NY",
318111,,False,"Arts of Africa, Oceania, and the Americas",Mantle,Woman's Mantle,Aymara,,,19th century,1775,1925,Camelid hair,H. 33 1/2 x W. 34 in. (85.1 x 86.4 cm),"Bequest of John B. Elliott, 1997",Textiles-Woven,Bolivia,,,,http://www.metmuseum.org/art/collection/search/318111,"Metropolitan Museum of Art, New York, NY",
318112,,False,"Arts of Africa, Oceania, and the Americas",Mantle,Woman's Mantle,Aymara,,,19th–20th century,1775,2025,Camelid hair,H. 34-1/4  x W. 34 1/2 in. (87 x 87.6 cm),"Bequest of John B. Elliott, 1997",Textiles-Woven,Bolivia,,,,http://www.metmuseum.org/art/collection/search/318112,"Metropolitan Museum of Art, New York, NY",
318113,,True,"Arts of Africa, Oceania, and the Americas",Bag,Coca Bag (Ch'uspa),Aymara,,,early 19th century,1800,1850,Camelid hair,Height 7-3/4 in.,"Bequest of John B. Elliott, 1997",Textiles-Woven,Bolivia,,,,http://www.metmuseum.org/art/collection/search/318113,"Metropolitan Museum of Art, New York, NY",
318114,,False,"Arts of Africa, Oceania, and the Americas",Bag,Coca Bag (Ch'uspa),Aymara,,,19th–20th century,1775,2025,Camelid hair,Height 9-1/2 in.,"Bequest of John B. Elliott, 1997",Textiles-Woven,Bolivia,,,,http://www.metmuseum.org/art/collection/search/318114,"Metropolitan Museum of Art, New York, NY",
318115,,False,"Arts of Africa, Oceania, and the Americas",Skirt,Woman's Skirt,Aymara,,,20th century,1875,2025,Camelid hair,Height 27-3/4 in.,"Bequest of John B. Elliott, 1997",Textiles-Woven,Bolivia,,,,http://www.metmuseum.org/art/collection/search/318115,"Metropolitan Museum of Art, New York, NY",
318116,,False,"Arts of Africa, Oceania, and the Americas",Overskirt,Woman's Overskirt (Aksu),Aymara,,,late 19th century,1850,1900,Camelid hair,H. 57-1/2 x W. 55 1/2 in. (146.1 x 141 cm),"Bequest of John B. Elliott, 1997",Textiles-Woven,Bolivia,,,,http://www.metmuseum.org/art/collection/search/318116,"Metropolitan Museum of Art, New York, NY",
318117,,False,"Arts of Africa, Oceania, and the Americas",Overskirt,Woman's Overskirt (Aksu),Aymara,,,20th century,1875,2025,Camelid hair,H. 51-1/2 x W. 45 in. (130.8 x 114.3),"Bequest of John B. Elliott, 1997",Textiles-Woven,Bolivia,,,,http://www.metmuseum.org/art/collection/search/318117,"Metropolitan Museum of Art, New York, NY",
318118,,False,"Arts of Africa, Oceania, and the Americas",Overskirt,Woman's Overskirt (Aksu),Aymara,,,19th century,1775,1925,Camelid hair,Height 46-1/2 in.,"Bequest of John B. Elliott, 1997",Textiles-Woven,Bolivia,,,,http://www.metmuseum.org/art/collection/search/318118,"Metropolitan Museum of Art, New York, NY",
318119,,False,"Arts of Africa, Oceania, and the Americas",Bag,Coca Bag (Ch'uspa),Aymara,,,19th–20th century,1775,2025,Camelid hair,Height 8-3/4 in.,"Bequest of John B. Elliott, 1997",Textiles-Woven,Bolivia,,,,http://www.metmuseum.org/art/collection/search/318119,"Metropolitan Museum of Art, New York, NY",
318120,,False,"Arts of Africa, Oceania, and the Americas",Bag,Coca Bag (Ch'uspa),Aymara,,,19th–20th century,1775,2025,Camelid hair,Height 9-3/4 in.,"Bequest of John B. Elliott, 1997",Textiles-Woven,Bolivia,,,,http://www.metmuseum.org/art/collection/search/318120,"Metropolitan Museum of Art, New York, NY",
318121,,False,"Arts of Africa, Oceania, and the Americas",Bag,Coca Bag (Ch'uspa),Aymara,,,late 19th century,1850,1900,Camelid hair,Height 9 in.,"Bequest of John B. Elliott, 1997",Textiles-Woven,Bolivia,,,,http://www.metmuseum.org/art/collection/search/318121,"Metropolitan Museum of Art, New York, NY",
318122,,False,"Arts of Africa, Oceania, and the Americas",Bag,Coca Bag (Ch'uspa),Aymara,,,20th century,1875,2025,Camelid hair,Height 7 in.,"Bequest of John B. Elliott, 1997",Textiles-Woven,Bolivia,,,,http://www.metmuseum.org/art/collection/search/318122,"Metropolitan Museum of Art, New York, NY",Birds
318123,,False,"Arts of Africa, Oceania, and the Americas",Bag,Coca Bag (Ch'uspa),Aymara,,,late 19th century,1850,1900,Camelid hair,Height 8-1/2 in.,"Bequest of John B. Elliott, 1997",Textiles-Woven,Bolivia,,,,http://www.metmuseum.org/art/collection/search/318123,"Metropolitan Museum of Art, New York, NY",
318124,,False,"Arts of Africa, Oceania, and the Americas",Bag,Coca Bag (Ch'uspa),Aymara,,,late 19th century,1850,1900,Camelid hair,Height 7-3/4 in.,"Bequest of John B. Elliott, 1997",Textiles-Woven,Bolivia,,,,http://www.metmuseum.org/art/collection/search/318124,"Metropolitan Museum of Art, New York, NY",
318125,,False,"Arts of Africa, Oceania, and the Americas",Bag,Coca Bag (Ch'uspa),Aymara,,,late 19th century,1850,1900,Camelid hair,Height 8 in.,"Bequest of John B. Elliott, 1997",Textiles-Woven,Bolivia,,,,http://www.metmuseum.org/art/collection/search/318125,"Metropolitan Museum of Art, New York, NY",
318126,,False,"Arts of Africa, Oceania, and the Americas",Bag,Coca Bag (Ch'uspa),Aymara,,,late 19th century,1850,1900,Camelid hair,Height 7-1/2 in.,"Bequest of John B. Elliott, 1997",Textiles-Woven,Bolivia,,,,http://www.metmuseum.org/art/collection/search/318126,"Metropolitan Museum of Art, New York, NY",
318127,,False,"Arts of Africa, Oceania, and the Americas",Bag,Coca Bag (Ch'uspa),Aymara,,,mid-20th century,1940,2000,"Camelid hair, wool",Height 11 in.,"Bequest of John B. Elliott, 1997",Textiles-Woven,Bolivia,,,,http://www.metmuseum.org/art/collection/search/318127,"Metropolitan Museum of Art, New York, NY",
318128,,False,"Arts of Africa, Oceania, and the Americas",Bag,Coca Bag (Ch'uspa),Aymara,,,19th–20th century,1775,2025,Camelid hair,Height 9-1/2 in.,"Bequest of John B. Elliott, 1997",Textiles-Woven,Bolivia,,,,http://www.metmuseum.org/art/collection/search/318128,"Metropolitan Museum of Art, New York, NY",
318129,,False,"Arts of Africa, Oceania, and the Americas",Bag,Coca Bag (Ch'uspa),Aymara,,,late 19th century,1850,1900,Camelid hair,Height 10 in.,"Bequest of John B. Elliott, 1997",Textiles-Woven,Bolivia,,,,http://www.metmuseum.org/art/collection/search/318129,"Metropolitan Museum of Art, New York, NY",
318130,,False,"Arts of Africa, Oceania, and the Americas",Bag,Bag (Ch'uspa),Aymara,,,19th century,1775,1925,Camelid hair,8-1/4 H. x 9 1/2 W. in.,"Bequest of John B. Elliott, 1997",Textiles-Woven,Bolivia,,,,http://www.metmuseum.org/art/collection/search/318130,"Metropolitan Museum of Art, New York, NY",
318131,,False,"Arts of Africa, Oceania, and the Americas",Bag,Coca Bag (Ch'uspa),Aymara,,,20th century,1875,2025,Camelid hair,Height 8-1/4 in.,"Bequest of John B. Elliott, 1997",Textiles-Woven,Bolivia,,,,http://www.metmuseum.org/art/collection/search/318131,"Metropolitan Museum of Art, New York, NY",
318132,,False,"Arts of Africa, Oceania, and the Americas",Bag,Coca Bag (Ch'uspa),Aymara,,,early 20th century,1900,1950,Camelid hair,Height 8-1/4 in.,"Bequest of John B. Elliott, 1997",Textiles-Woven,Bolivia,,,,http://www.metmuseum.org/art/collection/search/318132,"Metropolitan Museum of Art, New York, NY",
318133,,False,"Arts of Africa, Oceania, and the Americas",Bag,Coca Bag (Ch'uspa),Aymara,,,20th century,1875,2025,Camelid hair,Height 6-3/4 in.,"Bequest of John B. Elliott, 1997",Textiles-Woven,Bolivia,,,,http://www.metmuseum.org/art/collection/search/318133,"Metropolitan Museum of Art, New York, NY",
318134,,False,"Arts of Africa, Oceania, and the Americas",Bag,Coca Bag (Ch'uspa),Aymara,,,20th century,1875,2025,Camelid hair,Height 6-1/4 in.,"Bequest of John B. Elliott, 1997",Textiles-Woven,Bolivia,,,,http://www.metmuseum.org/art/collection/search/318134,"Metropolitan Museum of Art, New York, NY",
318135,,False,"Arts of Africa, Oceania, and the Americas",Bag,Coca Bag (Ch'uspa),Aymara,,,mid-20th century,1940,2000,Camelid hair,Height 6 in.,"Bequest of John B. Elliott, 1997",Textiles-Woven,Bolivia,,,,http://www.metmuseum.org/art/collection/search/318135,"Metropolitan Museum of Art, New York, NY",
318136,,False,"Arts of Africa, Oceania, and the Americas",Bag,Coca Bag (Ch'uspa),Aymara,,,19th century,1775,1925,Camelid hair,Height 11-1/2 in.,"Bequest of John B. Elliott, 1997",Textiles-Woven,Bolivia,,,,http://www.metmuseum.org/art/collection/search/318136,"Metropolitan Museum of Art, New York, NY",Men|Women
318137,,False,"Arts of Africa, Oceania, and the Americas",Bag,Coca Bag (Ch'uspa),Aymara,,,19th–20th century,1775,2025,Camelid hair,Height 6 in.,"Bequest of John B. Elliott, 1997",Textiles-Woven,Bolivia,,,,http://www.metmuseum.org/art/collection/search/318137,"Metropolitan Museum of Art, New York, NY",
318138,,False,"Arts of Africa, Oceania, and the Americas",Bag,Coca Bag (Ch'uspa),Aymara,,,1950–80,1950,1980,Camelid hair,Height 6-3/4 in.,"Bequest of John B. Elliott, 1997",Textiles-Woven,Bolivia,,,,http://www.metmuseum.org/art/collection/search/318138,"Metropolitan Museum of Art, New York, NY",Horses
318139,,False,"Arts of Africa, Oceania, and the Americas",Bag,Coca Bag (Ch'uspa),Aymara,,,1950–80,1950,1980,"Wool, cotton",Height 7 in.,"Bequest of John B. Elliott, 1997",Textiles-Woven,Bolivia,,,,http://www.metmuseum.org/art/collection/search/318139,"Metropolitan Museum of Art, New York, NY",
318140,,False,"Arts of Africa, Oceania, and the Americas",Bag,Coca Bag (Ch'uspa),Aymara,,,20th century,1875,2025,Camelid hair,Height 5-1/2 in.,"Bequest of John B. Elliott, 1997",Textiles-Woven,Bolivia,,,,http://www.metmuseum.org/art/collection/search/318140,"Metropolitan Museum of Art, New York, NY",
318141,,False,"Arts of Africa, Oceania, and the Americas",Bag,Bag (Ch'uspa),Aymara,,,late 20th century,1950,2000,"Wool, camelid hair",Height 7-3/4 in.,"Bequest of John B. Elliott, 1997",Textiles-Woven,Bolivia,,,,http://www.metmuseum.org/art/collection/search/318141,"Metropolitan Museum of Art, New York, NY",Birds
318142,,False,"Arts of Africa, Oceania, and the Americas",Hat,Hat (Chullu),Aymara,,,mid-20th century,1940,2000,Wool,H. 13 × Circum. 19 in. (33 × 48.3 cm),"Bequest of John B. Elliott, 1997",Textiles-Woven,Bolivia,,,,http://www.metmuseum.org/art/collection/search/318142,"Metropolitan Museum of Art, New York, NY",
318143,,False,"Arts of Africa, Oceania, and the Americas",Belt,Belt,Aymara,,,19th–20th century,1775,2025,Camelid hair,Height 2-1/4 in. x length 46in,"Bequest of John B. Elliott, 1997",Textiles-Woven,Bolivia,,,,http://www.metmuseum.org/art/collection/search/318143,"Metropolitan Museum of Art, New York, NY",
318144,,False,"Arts of Africa, Oceania, and the Americas",Bag,Bag,Aymara or Quechua,,,20th century,1875,2025,Camelid hair,Height 41-1/4 in.,"Bequest of John B. Elliott, 1997",Textiles-Woven,Bolivia or Peru,,,,http://www.metmuseum.org/art/collection/search/318144,"Metropolitan Museum of Art, New York, NY",
318145,,True,"Arts of Africa, Oceania, and the Americas",Tunic,Tunic,Quechua,,,16th–17th century (?),1475,1725,Camelid hair,H.18-1/2 x W. 39 in. (47 x 99.1 cm),"Bequest of John B. Elliott, 1997",Textiles-Woven,Peru,,,,http://www.metmuseum.org/art/collection/search/318145,"Metropolitan Museum of Art, New York, NY",
318146,,True,"Arts of Africa, Oceania, and the Americas",Tunic,Man's Tunic,Aymara,,,17th–18th century (?),1575,1825,Camelid hair,H. 31 1/2 x W. 31-1/2 in. (80 x  79.4 cm),"Bequest of John B. Elliott, 1997",Textiles-Woven,Bolivia,,,,http://www.metmuseum.org/art/collection/search/318146,"Metropolitan Museum of Art, New York, NY",
318147,,True,"Arts of Africa, Oceania, and the Americas",Tunic,Man's Tunic,Aymara,,,17th–18th century (?),1575,1825,Camelid hair,H. 27-1/4 x 37 1/2 in. (69.2 x 95.3 cm),"Bequest of John B. Elliott, 1997",Textiles-Woven,Bolivia,,,,http://www.metmuseum.org/art/collection/search/318147,"Metropolitan Museum of Art, New York, NY",
318148,,True,"Arts of Africa, Oceania, and the Americas",Tunic,Tunic,Aymara,,,17th–18th century (?),1575,1825,Camelid hair,H. 24-1/2 x W. 34 1/2 in. (62.2 x 87.6 cm),"Bequest of John B. Elliott, 1997",Textiles-Woven,Bolivia,,,,http://www.metmuseum.org/art/collection/search/318148,"Metropolitan Museum of Art, New York, NY",
318149,,True,"Arts of Africa, Oceania, and the Americas",Tunic,Tunic,Aymara,,,late 18th century,1750,1800,Camelid hair,H. 26 1/2  x W. 35 in. (67.3 x 88.9 cm),"Bequest of John B. Elliott, 1997",Textiles-Woven,Bolivia,,,,http://www.metmuseum.org/art/collection/search/318149,"Metropolitan Museum of Art, New York, NY",
318150,,False,"Arts of Africa, Oceania, and the Americas",Tunic,Tunic,Aymara,,,18th–19th century (?),1675,1925,Camelid hair,H. 29 x W. 43 in. (73.3 x 86.4 cm),"Bequest of John B. Elliott, 1997",Textiles-Woven,Bolivia,,,,http://www.metmuseum.org/art/collection/search/318150,"Metropolitan Museum of Art, New York, NY",
318151,,False,"Arts of Africa, Oceania, and the Americas",Poncho,Poncho,Aymara,,,19th century,1775,1925,Camelid hair,H. 43 1/2  x  W. 64 1/4 (163.2 x 110.5),"Bequest of John B. Elliott, 1997",Textiles-Woven,Bolivia,,,,http://www.metmuseum.org/art/collection/search/318151,"Metropolitan Museum of Art, New York, NY",
318152,,False,"Arts of Africa, Oceania, and the Americas",Poncho,Poncho,Aymara,,,late 19th century,1850,1900,Camelid hair,H. 71 x  W. 57 1/4 in.,"Bequest of John B. Elliott, 1997",Textiles-Woven,Bolivia,,,,http://www.metmuseum.org/art/collection/search/318152,"Metropolitan Museum of Art, New York, NY",
318153,,False,"Arts of Africa, Oceania, and the Americas",Poncho,Poncho,Aymara,,,late 19th century,1850,1900,Camelid hair,H. 32 x W. 51 in. (32 x 51 cm),"Bequest of John B. Elliott, 1997",Textiles-Woven,Bolivia,,,,http://www.metmuseum.org/art/collection/search/318153,"Metropolitan Museum of Art, New York, NY",
318154,,False,"Arts of Africa, Oceania, and the Americas",Poncho,Poncho,Aymara,,,early 20th century,1900,1950,Camelid hair,H. 31 1/2  x W. 58 3/4 in. (80 x 149.2 cm),"Bequest of John B. Elliott, 1997",Textiles-Woven,Bolivia,,,,http://www.metmuseum.org/art/collection/search/318154,"Metropolitan Museum of Art, New York, NY",
318155,,False,"Arts of Africa, Oceania, and the Americas",Poncho,Poncho,Aymara,,,19th century,1775,1925,Camelid hair,Height 74 in.,"Bequest of John B. Elliott, 1997",Textiles-Woven,Bolivia,,,,http://www.metmuseum.org/art/collection/search/318155,"Metropolitan Museum of Art, New York, NY",
318156,,False,"Arts of Africa, Oceania, and the Americas",Poncho,Poncho,Aymara,,,20th century,1875,2025,Camelid hair,Height 61 in.,"Bequest of John B. Elliott, 1997",Textiles-Woven,Bolivia,,,,http://www.metmuseum.org/art/collection/search/318156,"Metropolitan Museum of Art, New York, NY",
318157,,False,"Arts of Africa, Oceania, and the Americas",Poncho,Poncho,Aymara,,,early 20th century,1900,1950,"Wool, camelid hair",H. 46 x W. 70 in. (116.8 x 177.8 cm),"Bequest of John B. Elliott, 1997",Textiles-Woven,Bolivia,,,,http://www.metmuseum.org/art/collection/search/318157,"Metropolitan Museum of Art, New York, NY",
318158,,False,"Arts of Africa, Oceania, and the Americas",Poncho,Poncho,Aymara,,,early 20th century,1900,1950,Wool,Height 62-1/2 in.,"Bequest of John B. Elliott, 1997",Textiles-Woven,Bolivia,,,,http://www.metmuseum.org/art/collection/search/318158,"Metropolitan Museum of Art, New York, NY",
318159,,False,"Arts of Africa, Oceania, and the Americas",Poncho,Poncho,Aymara,,,20th century,1875,2025,Camelid hair,Height 42 in.,"Bequest of John B. Elliott, 1997",Textiles-Woven,Bolivia,,,,http://www.metmuseum.org/art/collection/search/318159,"Metropolitan Museum of Art, New York, NY",
318160,,False,"Arts of Africa, Oceania, and the Americas",Poncho,Poncho,Aymara,,,late 19th century,1850,1900,Camelid hair,Length 20-1/2 in.,"Bequest of John B. Elliott, 1997",Textiles-Woven,Bolivia,,,,http://www.metmuseum.org/art/collection/search/318160,"Metropolitan Museum of Art, New York, NY",
318161,,False,"Arts of Africa, Oceania, and the Americas",Poncho,Poncho,Aymara,,,20th century,1900,1999,Camelid hair,H. 36 1/2  x  W. 61 1/2 in.,"Bequest of John B. Elliott, 1997",Textiles-Woven,Bolivia,,,,http://www.metmuseum.org/art/collection/search/318161,"Metropolitan Museum of Art, New York, NY",
318162,,False,"Arts of Africa, Oceania, and the Americas",Poncho,Poncho,Aymara or Quechua,,,20th century,1875,2025,Wool,H. 49 x W. 56 1/2  in.,"Bequest of John B. Elliott, 1997",Textiles-Woven,Bolivia or Peru,,,,http://www.metmuseum.org/art/collection/search/318162,"Metropolitan Museum of Art, New York, NY",
318163,,False,"Arts of Africa, Oceania, and the Americas",Poncho,Poncho,Quechua,,,20th century,1875,2025,Wool,H. 29 x W. 60 in. (73.7 x 152.4 cm),"Bequest of John B. Elliott, 1997",Textiles-Woven,Peru,,,,http://www.metmuseum.org/art/collection/search/318163,"Metropolitan Museum of Art, New York, NY",
318164,,True,"Arts of Africa, Oceania, and the Americas",Poncho,Poncho,Quechua,,,17th century (?),1575,1725,Wool,H. 30 x W. 52 l/2 in. (76.2 x 133.4 cm),"Bequest of John B. Elliott, 1997",Textiles-Woven,Peru,,,,http://www.metmuseum.org/art/collection/search/318164,"Metropolitan Museum of Art, New York, NY",
318165,,True,"Arts of Africa, Oceania, and the Americas",Mantle,Man's Mantle,Aymara,,,17th–18th century (?),1575,1875,Camelid hair,H. 44-1/2 x 39 in. (113 x 99.1 cm),"Bequest of John B. Elliott, 1997",Textiles-Woven,Bolivia,,,,http://www.metmuseum.org/art/collection/search/318165,"Metropolitan Museum of Art, New York, NY",
318166,,False,"Arts of Africa, Oceania, and the Americas",Mantle,Man's Mantle,Aymara,,,18th–19th century,1675,1925,Camelid hair,H. 44 x W. 41 in. (111.8 x 104.1 cm),"Bequest of John B. Elliott, 1997",Textiles-Woven,Bolivia,,,,http://www.metmuseum.org/art/collection/search/318166,"Metropolitan Museum of Art, New York, NY",
318167,,False,"Arts of Africa, Oceania, and the Americas",Mantle,Man's Mantle,Aymara,,,18th–19th century,1675,1925,Camelid hair,H. 47 x W. 46-1/4 in. (119.4 x 107.3 cm),"Bequest of John B. Elliott, 1997",Textiles-Woven,Bolivia,,,,http://www.metmuseum.org/art/collection/search/318167,"Metropolitan Museum of Art, New York, NY",
318168,,False,"Arts of Africa, Oceania, and the Americas",Scarf,Man's Scarf,Aymara,,,20th century,1875,2025,Camelid hair,Height 14-1/4 in.,"Bequest of John B. Elliott, 1997",Textiles-Woven,Bolivia,,,,http://www.metmuseum.org/art/collection/search/318168,"Metropolitan Museum of Art, New York, NY",
318169,,False,"Arts of Africa, Oceania, and the Americas",Scarf,Man's Scarf,Bolivia or Peru,,,20th century,1875,2025,Camelid hair,Height 64 in.,"Bequest of John B. Elliott, 1997",Textiles-Woven,Bolivia or Peru,,,,http://www.metmuseum.org/art/collection/search/318169,"Metropolitan Museum of Art, New York, NY",Scarves
318170,,False,"Arts of Africa, Oceania, and the Americas",Tunic,Tunic,Aymara or Quechua,,,20th century,1875,2025,Camelid hair,H. 24-1/2 x  W. 24 3/4 in. (62.2 x 62.9 cm),"Bequest of John B. Elliott, 1997",Textiles-Woven,Bolivia or Peru,,,,http://www.metmuseum.org/art/collection/search/318170,"Metropolitan Museum of Art, New York, NY",
318171,,False,"Arts of Africa, Oceania, and the Americas",Mantle,Ceremonial Mantle,Aymara,,,18th–19th century,1675,1925,Camelid hair,H. 77 1/4 x W. 41 in. (196.2 x 104.1 cm),"Bequest of John B. Elliott, 1997",Textiles-Woven,Bolivia,,,,http://www.metmuseum.org/art/collection/search/318171,"Metropolitan Museum of Art, New York, NY",
318172,,False,"Arts of Africa, Oceania, and the Americas",Mantle,Ceremonial Mantle,Aymara,,,18th–19th century,1675,1925,Camelid hair,Height 43 in.,"Bequest of John B. Elliott, 1997",Textiles-Woven,Bolivia,,,,http://www.metmuseum.org/art/collection/search/318172,"Metropolitan Museum of Art, New York, NY",
318173,,True,"Arts of Africa, Oceania, and the Americas",Mantle,Ceremonial Mantle,Aymara,,,18th–19th century,1675,1825,Camelid hair,Height 43 in.,"Bequest of John B. Elliott, 1997",Textiles-Woven,Bolivia,,,,http://www.metmuseum.org/art/collection/search/318173,"Metropolitan Museum of Art, New York, NY",
318174,,False,"Arts of Africa, Oceania, and the Americas",Mantle,Man's Mantle,Aymara,,,18th–19th century,1675,1925,Camelid hair,H. 40 x W. 35 in. (101.6 x 88.9 cm),"Bequest of John B. Elliott, 1997",Textiles-Woven,Bolivia,,,,http://www.metmuseum.org/art/collection/search/318174,"Metropolitan Museum of Art, New York, NY",
318175,,True,"Arts of Africa, Oceania, and the Americas",Mantle,Woman's Mantle,Aymara,,,18th century (?),1675,1825,Camelid hair,"H. 38 x 50 1/2 in. (96.5 x 128.3 cm)
","Bequest of John B. Elliott, 1997",Textiles-Woven,Bolivia,,,,http://www.metmuseum.org/art/collection/search/318175,"Metropolitan Museum of Art, New York, NY",
318176,,False,"Arts of Africa, Oceania, and the Americas",Mantle,Woman's Mantle,Aymara,,,18th–19th century,1675,1925,Camelid hair,H. 42 1/2 x W. 47 in. (42 1/2 x 47 cm),"Bequest of John B. Elliott, 1997",Textiles-Woven,Bolivia,,,,http://www.metmuseum.org/art/collection/search/318176,"Metropolitan Museum of Art, New York, NY",
318177,,False,"Arts of Africa, Oceania, and the Americas",Mantle,Woman's Mantle,Aymara,,,19th century,1775,1925,Camelid hair,Height 46-1/2 in.,"Bequest of John B. Elliott, 1997",Textiles-Woven,Bolivia,,,,http://www.metmuseum.org/art/collection/search/318177,"Metropolitan Museum of Art, New York, NY",Girls
318178,,False,"Arts of Africa, Oceania, and the Americas",Mantle,Woman's Mantle,Aymara,,,19th–20th century,1775,2025,Camelid hair,H. 40 1/4 x W. 42 in. (102.2 x 106.7 cm),"Bequest of John B. Elliott, 1997",Textiles-Woven,Bolivia,,,,http://www.metmuseum.org/art/collection/search/318178,"Metropolitan Museum of Art, New York, NY",
318179,,False,"Arts of Africa, Oceania, and the Americas",Mantle,Woman's Mantle,Aymara,,,19th century,1775,1925,Camelid hair,H. 35 x 40 in. (88.9 x 101.6 cm),"Bequest of John B. Elliott, 1997",Textiles-Woven,Bolivia,,,,http://www.metmuseum.org/art/collection/search/318179,"Metropolitan Museum of Art, New York, NY",
318180,,False,"Arts of Africa, Oceania, and the Americas",Mantle,Woman's Mantle,Aymara,,,19th century,1775,1925,Camelid hair,H. 33 x W. 37 in. (83.8 x 94 cm),"Bequest of John B. Elliott, 1997",Textiles-Woven,Bolivia,,,,http://www.metmuseum.org/art/collection/search/318180,"Metropolitan Museum of Art, New York, NY",
318181,,False,"Arts of Africa, Oceania, and the Americas",Mantle,Woman's Mantle,Aymara,,,19th century,1775,1925,Camelid hair,H. 40 x W. 47 in. (101.6 x 119.4 cm),"Bequest of John B. Elliott, 1997",Textiles-Woven,Bolivia,,,,http://www.metmuseum.org/art/collection/search/318181,"Metropolitan Museum of Art, New York, NY",
318182,,False,"Arts of Africa, Oceania, and the Americas",Mantle,Woman's Mantle,Aymara,,,20th century,1875,2025,Camelid hair,H. 34 1/2 x W. 42 in. (87.6 x 106.7 cm),"Bequest of John B. Elliott, 1997",Textiles-Woven,Bolivia,,,,http://www.metmuseum.org/art/collection/search/318182,"Metropolitan Museum of Art, New York, NY",
318183,,False,"Arts of Africa, Oceania, and the Americas",Mantle,Woman's Mantle,Aymara,,,19th–20th century,1775,2025,Camelid hair,H.38 1/2 x W. 36 1/2 in. (97.8 x 92.7 cm),"Bequest of John B. Elliott, 1997",Textiles-Woven,Bolivia,,,,http://www.metmuseum.org/art/collection/search/318183,"Metropolitan Museum of Art, New York, NY",
318184,,False,"Arts of Africa, Oceania, and the Americas",Mantle,Woman's Mantle,Aymara,,,19th–20th century,1775,2025,Camelid hair,H.39 1/2 x  W. 43 in. (100.3 x 109.2 cm),"Bequest of John B. Elliott, 1997",Textiles-Woven,Bolivia,,,,http://www.metmuseum.org/art/collection/search/318184,"Metropolitan Museum of Art, New York, NY",
318185,,False,"Arts of Africa, Oceania, and the Americas",Mantle half,"Woman's Mantle, Half",Aymara,,,20th century,1875,2025,Camelid hair,Height 45 in.,"Bequest of John B. Elliott, 1997",Textiles-Woven,Bolivia,,,,http://www.metmuseum.org/art/collection/search/318185,"Metropolitan Museum of Art, New York, NY",
318186,,False,"Arts of Africa, Oceania, and the Americas",Mantle,Woman's Mantle,Aymara,,,19th century,1775,1925,Camelid hair,Height 36 in.,"Bequest of John B. Elliott, 1997",Textiles-Woven,Bolivia,,,,http://www.metmuseum.org/art/collection/search/318186,"Metropolitan Museum of Art, New York, NY",
318187,,False,"Arts of Africa, Oceania, and the Americas",Mantle,Woman's Mantle,Aymara,,,20th century,1875,2025,Camelid hair,Height 36 in.,"Bequest of John B. Elliott, 1997",Textiles-Woven,Bolivia,,,,http://www.metmuseum.org/art/collection/search/318187,"Metropolitan Museum of Art, New York, NY",
318188,,False,"Arts of Africa, Oceania, and the Americas",Mantle,Woman's Mantle,Aymara,,,19th century,1775,1925,Camelid hair,Height 42 in.,"Bequest of John B. Elliott, 1997",Textiles-Woven,Bolivia,,,,http://www.metmuseum.org/art/collection/search/318188,"Metropolitan Museum of Art, New York, NY",
318189,,False,"Arts of Africa, Oceania, and the Americas",Mantle,Woman's Mantle,Aymara,,,19th–20th century,1775,2025,Camelid hair,Height 40-1/2 in.,"Bequest of John B. Elliott, 1997",Textiles-Woven,Bolivia,,,,http://www.metmuseum.org/art/collection/search/318189,"Metropolitan Museum of Art, New York, NY",
318190,,False,"Arts of Africa, Oceania, and the Americas",Mantle,Woman's Mantle,Aymara,,,20th century,1875,2025,Camelid hair,35 H. x 39 W. in.,"Bequest of John B. Elliott, 1997",Textiles-Woven,Bolivia,,,,http://www.metmuseum.org/art/collection/search/318190,"Metropolitan Museum of Art, New York, NY",
318191,,False,"Arts of Africa, Oceania, and the Americas",Mantle,Woman's Mantle,Aymara,,,20th century,1875,2025,Camelid hair,Height 45-1/4 in.,"Bequest of John B. Elliott, 1997",Textiles-Woven,Bolivia,,,,http://www.metmuseum.org/art/collection/search/318191,"Metropolitan Museum of Art, New York, NY",
318192,,False,"Arts of Africa, Oceania, and the Americas",Mantle,Woman's Mantle,Aymara,,,19th century,1775,1925,Camelid hair,Height 40-1/4 in.,"Bequest of John B. Elliott, 1997",Textiles-Woven,Bolivia,,,,http://www.metmuseum.org/art/collection/search/318192,"Metropolitan Museum of Art, New York, NY",
318193,,False,"Arts of Africa, Oceania, and the Americas",Mantle,Woman's Mantle,Quechua,,,19th century,1775,1925,Camelid hair,H. 44 x W. 45 in. (111.8 x 114.3 cm),"Bequest of John B. Elliott, 1997",Textiles-Woven,Peru,,,,http://www.metmuseum.org/art/collection/search/318193,"Metropolitan Museum of Art, New York, NY",
318194,,False,"Arts of Africa, Oceania, and the Americas",Mantle,Woman's Mantle,Quechua,,,20th century,1875,2025,Camelid hair,H. 43 x  W. 49 in. (109.2 x 124.5 cm),"Bequest of John B. Elliott, 1997",Textiles-Woven,Peru,,,,http://www.metmuseum.org/art/collection/search/318194,"Metropolitan Museum of Art, New York, NY",
318195,,False,"Arts of Africa, Oceania, and the Americas",Mantle,Woman's Mantle,Quechua,,,19th century,1775,1925,Camelid hair,H. 39 x  W. 42 in. (99.1 x 106.7 cm),"Bequest of John B. Elliott, 1997",Textiles-Woven,Peru,,,,http://www.metmuseum.org/art/collection/search/318195,"Metropolitan Museum of Art, New York, NY",
318196,,False,"Arts of Africa, Oceania, and the Americas",Mantle,Woman's Mantle,Aymara or Quechua,,,19th century,1775,1925,Camelid hair,Height 39 in.,"Bequest of John B. Elliott, 1997",Textiles-Woven,Bolivia or Peru,,,,http://www.metmuseum.org/art/collection/search/318196,"Metropolitan Museum of Art, New York, NY",
318197,,False,"Arts of Africa, Oceania, and the Americas",Overskirt,Woman's Skirt,Aymara,,,19th century,1775,1925,Camelid hair,Height 26 in.,"Bequest of John B. Elliott, 1997",Textiles-Woven,Bolivia,,,,http://www.metmuseum.org/art/collection/search/318197,"Metropolitan Museum of Art, New York, NY",
318198,,False,"Arts of Africa, Oceania, and the Americas",Skirt,Woman's Skirt,Aymara,,,19th century,1775,1925,Camelid hair,Height 29 in.,"Bequest of John B. Elliott, 1997",Textiles-Woven,Bolivia,,,,http://www.metmuseum.org/art/collection/search/318198,"Metropolitan Museum of Art, New York, NY",
318199,,False,"Arts of Africa, Oceania, and the Americas",Skirt,Woman's Skirt,Aymara,,,19th century,1775,1925,Camelid hair,Height 26-3/4 in.,"Bequest of John B. Elliott, 1997",Textiles-Woven,Bolivia,,,,http://www.metmuseum.org/art/collection/search/318199,"Metropolitan Museum of Art, New York, NY",
318200,,False,"Arts of Africa, Oceania, and the Americas",Skirt,Woman's Skirt,Aymara,,,19th century,1775,1925,Camelid hair,Height 28 in.,"Bequest of John B. Elliott, 1997",Textiles-Woven,Bolivia,,,,http://www.metmuseum.org/art/collection/search/318200,"Metropolitan Museum of Art, New York, NY",
318201,,False,"Arts of Africa, Oceania, and the Americas",Overskirt,Woman's Overskirt (Aksu),Aymara,,,19th century,1775,1925,Camelid hair,H. 55 1/4 x W. 51 in. (140.3 x 129.5 cm),"Bequest of John B. Elliott, 1997",Textiles-Woven,Bolivia,,,,http://www.metmuseum.org/art/collection/search/318201,"Metropolitan Museum of Art, New York, NY",
318202,,False,"Arts of Africa, Oceania, and the Americas",Overskirt,Woman's Overskirt (Aksu),Aymara,,,late 19th century,1850,1900,Camelid hair,H. 51-1/4 x W. 48 in. (130.2 x 121.9 cm),"Bequest of John B. Elliott, 1997",Textiles-Woven,Bolivia,,,,http://www.metmuseum.org/art/collection/search/318202,"Metropolitan Museum of Art, New York, NY",
318203,,False,"Arts of Africa, Oceania, and the Americas",Overskirt,Woman's Overskirt  (Aksu),Aymara,,,20th century,1875,2025,Camelid hair,H. 57 x W. 42 in. (144.8 x 106.7 cm),"Bequest of John B. Elliott, 1997",Textiles-Woven,Bolivia,,,,http://www.metmuseum.org/art/collection/search/318203,"Metropolitan Museum of Art, New York, NY",
318204,,False,"Arts of Africa, Oceania, and the Americas",Overskirt,Woman's Overskirt (Aksu),Aymara,,,19th century,1775,1925,Camelid hair,H. 68 x W. 50 in. (172.7 x 127 cm),"Bequest of John B. Elliott, 1997",Textiles-Woven,Bolivia,,,,http://www.metmuseum.org/art/collection/search/318204,"Metropolitan Museum of Art, New York, NY",
318246,,False,"Arts of Africa, Oceania, and the Americas",Overskirt,Woman's Overskirt,Aymara,,,20th century,1875,2025,Camelid hair,Height 53-1/2 in.,"Bequest of John B. Elliott, 1997",Textiles-Woven,Bolivia,,,,http://www.metmuseum.org/art/collection/search/318246,"Metropolitan Museum of Art, New York, NY",
318247,,False,"Arts of Africa, Oceania, and the Americas",Overskirt (?),"Woman's Overskirt, Half (?)",Aymara,,,19th century,1775,1925,Camelid hair,Height 46-1/4 in.,"Bequest of John B. Elliott, 1997",Textiles-Woven,Bolivia,,,,http://www.metmuseum.org/art/collection/search/318247,"Metropolitan Museum of Art, New York, NY",
318254,,False,"Arts of Africa, Oceania, and the Americas",Tunic,Man's Tunic,Shipibo-Conibo,,,20th century,1875,2025,Cotton,Height 32 in.,"Bequest of John B. Elliott, 1997",Textiles-Woven,Peru,,,,http://www.metmuseum.org/art/collection/search/318254,"Metropolitan Museum of Art, New York, NY",
318255,,False,"Arts of Africa, Oceania, and the Americas",Tunic,Man's Tunic,Shipibo-Conibo,,,20th century,1875,2025,"Cotton, seeds, seed pods, deer dew claws, feathers",Height 43 1/2 in.,"Bequest of John B. Elliott, 1997",Textiles-Woven,Peru,,,,http://www.metmuseum.org/art/collection/search/318255,"Metropolitan Museum of Art, New York, NY",
318256,,False,"Arts of Africa, Oceania, and the Americas",Tunic,Man's Tunic,Shipibo-Conibo,,,20th century,1875,2025,Cotton,Height 48 in.,"Bequest of John B. Elliott, 1997",Textiles-Woven,Peru,,,,http://www.metmuseum.org/art/collection/search/318256,"Metropolitan Museum of Art, New York, NY",
318257,,False,"Arts of Africa, Oceania, and the Americas",Tunic,Man's Tunic,Shipibo-Conibo,,,20th century,1875,2025,Cotton,Height 51-1/2 in.,"Bequest of John B. Elliott, 1997",Textiles-Woven,Peru,,,,http://www.metmuseum.org/art/collection/search/318257,"Metropolitan Museum of Art, New York, NY",
318258,,False,"Arts of Africa, Oceania, and the Americas",Tunic,Man's Tunic,Shipibo-Conibo,,,20th century,1875,2025,Cotton,Height 46-1/2 in.,"Bequest of John B. Elliott, 1997",Textiles-Woven,Peru,,,,http://www.metmuseum.org/art/collection/search/318258,"Metropolitan Museum of Art, New York, NY",
318259,,False,"Arts of Africa, Oceania, and the Americas",Tunic,Man's Tunic,Shipibo-Conibo,,,20th century,1875,2025,Cotton,Height 41-1/2 in.,"Bequest of John B. Elliott, 1997",Textiles-Woven,Peru,,,,http://www.metmuseum.org/art/collection/search/318259,"Metropolitan Museum of Art, New York, NY",
318260,,False,"Arts of Africa, Oceania, and the Americas",Tunic,Man's Tunic,Shipibo-Conibo,,,20th century,1875,2025,Cotton,Height 49-1/2 in.,"Bequest of John B. Elliott, 1997",Textiles-Woven,Peru,,,,http://www.metmuseum.org/art/collection/search/318260,"Metropolitan Museum of Art, New York, NY",
318261,,False,"Arts of Africa, Oceania, and the Americas",Tunic,Man's Tunic,Shipibo-Conibo,,,20th century,1875,2025,"Cotton, wool",Length 44-1/2 in.,"Bequest of John B. Elliott, 1997",Textiles-Woven,Peru,,,,http://www.metmuseum.org/art/collection/search/318261,"Metropolitan Museum of Art, New York, NY",
318262,,False,"Arts of Africa, Oceania, and the Americas",Baby carrier,Baby Carrier,Shipibo-Conibo,,,20th century,1875,2025,"Cotton, paint, bone",Height 8 in.,"Bequest of John B. Elliott, 1997",Textiles-Woven,Peru,,,,http://www.metmuseum.org/art/collection/search/318262,"Metropolitan Museum of Art, New York, NY",
318263,,False,"Arts of Africa, Oceania, and the Americas",Overskirt,Woman's Overskirt,Shipibo-Conibo,,,20th century,1875,2025,"Cotton, paint",Height 27-3/4 in.,"Bequest of John B. Elliott, 1997",Textiles-Woven,Peru,,,,http://www.metmuseum.org/art/collection/search/318263,"Metropolitan Museum of Art, New York, NY",
318264,,False,"Arts of Africa, Oceania, and the Americas",Overskirt,Woman's Overskirt,Shipibo-Conibo,,,20th century,1875,2025,"Cotton, paint",Height 25 in.,"Bequest of John B. Elliott, 1997",Textiles-Woven,Peru,,,,http://www.metmuseum.org/art/collection/search/318264,"Metropolitan Museum of Art, New York, NY",
318265,,False,"Arts of Africa, Oceania, and the Americas",Overskirt,Woman's Overskirt,Shipibo-Conibo,,,20th century,1875,2025,"Cotton, paint",Height 25 in.,"Bequest of John B. Elliott, 1997",Textiles-Woven,Peru,,,,http://www.metmuseum.org/art/collection/search/318265,"Metropolitan Museum of Art, New York, NY",
318266,,False,"Arts of Africa, Oceania, and the Americas",Overskirt,Woman's Overskirt,Shipibo-Conibo,,,20th century,1875,2025,"Cotton, paint",Height 23 in.,"Bequest of John B. Elliott, 1997",Textiles-Woven,Peru,,,,http://www.metmuseum.org/art/collection/search/318266,"Metropolitan Museum of Art, New York, NY",
318267,,False,"Arts of Africa, Oceania, and the Americas",Overskirt,Woman's Overskirt,Shipibo-Conibo,,,20th century,1875,2025,"Cotton, paint",Height 27-1/2 in.,"Bequest of John B. Elliott, 1997",Textiles-Woven,Peru,,,,http://www.metmuseum.org/art/collection/search/318267,"Metropolitan Museum of Art, New York, NY",
318268,,False,"Arts of Africa, Oceania, and the Americas",Overskirt,Woman's Overskirt,Shipibo-Conibo,,,20th century,1875,2025,Cotton,Height 25-1/4 in.,"Bequest of John B. Elliott, 1997",Textiles-Woven,Peru,,,,http://www.metmuseum.org/art/collection/search/318268,"Metropolitan Museum of Art, New York, NY",
318269,,False,"Arts of Africa, Oceania, and the Americas",Overskirt,Woman's Overskirt,Shipibo-Conibo,,,20th century,1875,2025,Cotton,Height 25 in.,"Bequest of John B. Elliott, 1997",Textiles-Woven,Peru,,,,http://www.metmuseum.org/art/collection/search/318269,"Metropolitan Museum of Art, New York, NY",
318270,,False,"Arts of Africa, Oceania, and the Americas",Overskirt,Woman's Overskirt,Shipibo-Conibo,,,20th century,1875,2025,"Cotton, paint",Height 27-1/2 in.,"Bequest of John B. Elliott, 1997",Textiles-Woven,Peru,,,,http://www.metmuseum.org/art/collection/search/318270,"Metropolitan Museum of Art, New York, NY",
318271,,False,"Arts of Africa, Oceania, and the Americas",Overskirt,Woman's Overskirt,Shipibo-Conibo,,,20th century,1875,2025,"Cotton, paint",Height 29-1/2 in.,"Bequest of John B. Elliott, 1997",Textiles-Woven,Peru,,,,http://www.metmuseum.org/art/collection/search/318271,"Metropolitan Museum of Art, New York, NY",
318272,,False,"Arts of Africa, Oceania, and the Americas",Baby carrier,Baby Carrier,Shipibo-Conibo,,,20th century,1875,2025,"Cotton, bone",Height 8-1/2 in.,"Bequest of John B. Elliott, 1997",Textiles-Woven,Peru,,,,http://www.metmuseum.org/art/collection/search/318272,"Metropolitan Museum of Art, New York, NY",
318273,,False,"Arts of Africa, Oceania, and the Americas",Bag,Bag,Shipibo-Conibo,,,20th century,1875,2025,"Cotton, wool",Height 11 in.,"Bequest of John B. Elliott, 1997",Textiles-Woven,Peru,,,,http://www.metmuseum.org/art/collection/search/318273,"Metropolitan Museum of Art, New York, NY",
318274,,False,"Arts of Africa, Oceania, and the Americas",Bag,Coca Bag (Ch'uspa),Shipibo-Conibo,,,20th century,1875,2025,Cotton,Height 8 in.,"Bequest of John B. Elliott, 1997",Textiles-Woven,Peru,,,,http://www.metmuseum.org/art/collection/search/318274,"Metropolitan Museum of Art, New York, NY",
318275,,False,"Arts of Africa, Oceania, and the Americas",Headdress,Man's Feathered Headdress,Shuar or Achuar (?),,,20th century,1875,2025,"Feathers, seeds, plant fiber, cotton",Diameter 10-1/2 in.,"Bequest of John B. Elliott, 1997",Textiles-Featherwork,Ecuador,,,,http://www.metmuseum.org/art/collection/search/318275,"Metropolitan Museum of Art, New York, NY",
318276,,False,"Arts of Africa, Oceania, and the Americas",Arm band,Arm Band,Shuar or Achuar (?),,,20th century,1875,2025,"Shell, seeds, cotton",Circumference 9-1/2 in.,"Bequest of John B. Elliott, 1997",Shell-Ornaments,Ecuador,Oriente region,,,http://www.metmuseum.org/art/collection/search/318276,"Metropolitan Museum of Art, New York, NY",
318277,,False,"Arts of Africa, Oceania, and the Americas",Ear ornament,Ear or Sideburn Ornament,Shuar or Achuar (?),,,20th century,1875,2025,"Beetlewings, feathers, cotton","H. 10 1/2 in. (26.7 cm)
Other (b): H. 12 1/2 in. (31.8 cm)","Bequest of John B. Elliott, 1997",Textiles-Featherwork,Ecuador,,,,http://www.metmuseum.org/art/collection/search/318277,"Metropolitan Museum of Art, New York, NY",
318278,,False,"Arts of Africa, Oceania, and the Americas",Ear ornament,Ear or Sideburn Ornament,Shuar or Achuar (?),,,20th century,1875,2025,"Beetlewings, feathers, cotton",H. 12 1/2 in. (31.8 cm),"Bequest of John B. Elliott, 1997",Textiles-Featherwork,Ecuador,,,,http://www.metmuseum.org/art/collection/search/318278,"Metropolitan Museum of Art, New York, NY",
318279,,False,"Arts of Africa, Oceania, and the Americas",Ear ornament,Ear or Sideburn Ornament,Shuar or Achuar (?),,,20th century,1875,2025,"Beetlewings, feathers, cotton, button",H. 6 1/2 in. × W. 3 in. (16.5 × 7.6 cm),"Bequest of John B. Elliott, 1997",Textiles-Featherwork,Ecuador,,,,http://www.metmuseum.org/art/collection/search/318279,"Metropolitan Museum of Art, New York, NY",
318280,,False,"Arts of Africa, Oceania, and the Americas",Ear ornament,Ear or Sideburn Ornament,Shuar or Achuar (?),,,20th century,1875,2025,"Beetlewings, feathers, cotton, button",H. 6 1/2 in. (16.5 cm),"Bequest of John B. Elliott, 1997",Textiles-Featherwork,Ecuador,,,,http://www.metmuseum.org/art/collection/search/318280,"Metropolitan Museum of Art, New York, NY",
318282,,True,"Arts of Africa, Oceania, and the Americas",Ornament,Headdress ornament,Nasca,,,2nd century,75,225,Gold,H. 7 1/4 in. (18.4 cm),"Rogers Fund, 1999",Metal-Ornaments,Peru,,,,http://www.metmuseum.org/art/collection/search/318282,"Metropolitan Museum of Art, New York, NY",
318460,,True,"Arts of Africa, Oceania, and the Americas",Mask,False Face for Funerary Bundle,Paracas,,,3rd century BCE–1st century CE,-300,100,"Cotton, paint",15 1/2 x 9 in.  (39.37 x 22.86 cm),"Gift of Mrs. Lee F. Barash, 2016",Textiles-Woven,Peru,,,,http://www.metmuseum.org/art/collection/search/318460,"Metropolitan Museum of Art, New York, NY",
318528,,False,"Arts of Africa, Oceania, and the Americas",Bag,Coca Bag (Ch'uspa),Aymara,,,20th century,1875,2025,Camelid hair,H. 11 x W. 12 1/2 in.,"Gift of John B. Elliott through the Mercer Trust, 2000",Textiles-Woven,Bolivia,,,,http://www.metmuseum.org/art/collection/search/318528,"Metropolitan Museum of Art, New York, NY",
318529,,True,"Arts of Africa, Oceania, and the Americas",Tunic,Man's Tunic,Arica (?),,,15th–early 16th century (?),1375,1550,"Camelid hair, feathers",H. 35-1/4 x W. 54 1/2 in.,"Gift of John B. Elliott through the Mercer Trust, 2000",Textiles-Woven,Chile,,,,http://www.metmuseum.org/art/collection/search/318529,"Metropolitan Museum of Art, New York, NY",
318530,,False,"Arts of Africa, Oceania, and the Americas",Mantle,Woman's Mantle,Aymara,,,19th century,1775,1925,Camelid hair,H. 34 x W. 36 in. (86.4 x 91.4 cm),"Gift of John B. Elliott through the Mercer Trust, 2000",Textiles-Woven,Bolivia,,,,http://www.metmuseum.org/art/collection/search/318530,"Metropolitan Museum of Art, New York, NY",
318531,,False,"Arts of Africa, Oceania, and the Americas",Tunic,Man's Tunic,Shipibo-Conibo,,,20th century,1875,2025,Cotton,Height 28-1/2 in.,"Gift of John B. Elliott through the Mercer Trust, 2000",Textiles-Woven,Peru,,,,http://www.metmuseum.org/art/collection/search/318531,"Metropolitan Museum of Art, New York, NY",
318532,,False,"Arts of Africa, Oceania, and the Americas",Overskirt,Woman's Overskirt (Aksu),Aymara,,,20th century,1875,2025,Camelid hair,H. 55 3/16 x W. 40-1/2 in. (140.2 x 102.9 cm),"Gift of John B. Elliott through the Mercer Trust, 2000",Textiles-Woven,Bolivia,,,,http://www.metmuseum.org/art/collection/search/318532,"Metropolitan Museum of Art, New York, NY",
318533,,False,"Arts of Africa, Oceania, and the Americas",Overskirt,Woman's Overskirt (Aksu),Aymara,,,19th century,1775,1925,Camelid hair,H. 59  x W. 49 3/4 in. (149.9 x 126.4cm),"Gift of John B. Elliott through the Mercer Trust, 2000",Textiles-Woven,Bolivia,,,,http://www.metmuseum.org/art/collection/search/318533,"Metropolitan Museum of Art, New York, NY",
318534,,False,"Arts of Africa, Oceania, and the Americas",Mantle,Woman's Mantle,Quechua,,,20th century,1875,1999,Camelid hair,H. 43 x W. 49 in. (109.2 x 124.5 cm),"Gift of John B. Elliott through the Mercer Trust, 2000",Textiles-Woven,Peru,,,,http://www.metmuseum.org/art/collection/search/318534,"Metropolitan Museum of Art, New York, NY",
318535,,False,"Arts of Africa, Oceania, and the Americas",Mantle,Woman's Mantle,Aymara,,,late 18th century,1750,1900,Camelid hair,H. 47 x. W. 45  in. (119.4 x 114.3 cm),"Gift of John B. Elliott through the Mercer Trust, 2000",Textiles-Woven,Peru,,,,http://www.metmuseum.org/art/collection/search/318535,"Metropolitan Museum of Art, New York, NY",
318538,,False,"Arts of Africa, Oceania, and the Americas",Overskirt,Woman's Overskirt,Aymara,,,20th century,1875,2025,Camelid hair,Height 45-1/4 in.,"Gift of John B. Elliott through the Mercer Trust, 2000",Textiles-Woven,Bolivia,,,,http://www.metmuseum.org/art/collection/search/318538,"Metropolitan Museum of Art, New York, NY",
318539,,False,"Arts of Africa, Oceania, and the Americas",Bag,Coca Bag (Ch'uspa),Aymara,,,20th century,1875,2025,Camelid hair,Height 9-1/2 in.,"Gift of John B. Elliott through the Mercer Trust, 2000",Textiles-Woven,Bolivia,,,,http://www.metmuseum.org/art/collection/search/318539,"Metropolitan Museum of Art, New York, NY",
318540,,False,"Arts of Africa, Oceania, and the Americas",Mantle,Woman's Mantle,Aymara,,,19th century,1775,1925,Camelid hair,H. 40 x W. 51 in. (101.6 x 129.5),"Gift of John B. Elliott through the Mercer Trust, 2000",Textiles-Woven,Bolivia,,,,http://www.metmuseum.org/art/collection/search/318540,"Metropolitan Museum of Art, New York, NY",
318541,,False,"Arts of Africa, Oceania, and the Americas",Carrying cloth,Carrying Cloth,Aymara,,,19th century,1775,1925,Camelid hair,H. 27 1/2 x W. 27 1/2 in. (69.9 x 69.9 cm),"Gift of John B. Elliott through the Mercer Trust, 2000",Textiles-Woven,Bolivia,,,,http://www.metmuseum.org/art/collection/search/318541,"Metropolitan Museum of Art, New York, NY",
318542,,False,"Arts of Africa, Oceania, and the Americas",Mantle,Woman's Mantle,Aymara,,,19th century,1775,1925,Camelid hair,H. 38-1/2 x W. 53 1/2 in. (97.8 x 135.9 cm),"Gift of John B. Elliott through the Mercer Trust, 2000",Textiles-Woven,Bolivia,,,,http://www.metmuseum.org/art/collection/search/318542,"Metropolitan Museum of Art, New York, NY",
318543,,False,"Arts of Africa, Oceania, and the Americas",Mantle,Woman's Mantle (?),Quechua,,,19th century,1775,1910,Camelid fiber,30 x 45 1/2 in. (76.2 x 115.6 cm),"Gift of John B. Elliott through the Mercer Trust, 2000",Textiles-Woven,Peru,,,,http://www.metmuseum.org/art/collection/search/318543,"Metropolitan Museum of Art, New York, NY",
318544,,False,"Arts of Africa, Oceania, and the Americas",Mantle,Woman's Mantle,Aymara,,,19th century,1775,1925,Camelid fiber,H. 39 x W. 36 in. (99.1 x 91.4 cm),"Gift of John B. Elliott through the Mercer Trust, 2000",Textiles-Woven,Bolivia,,,,http://www.metmuseum.org/art/collection/search/318544,"Metropolitan Museum of Art, New York, NY",
318563,,False,"Arts of Africa, Oceania, and the Americas",Tunic,Man's Tunic,Shipibo-Conibo,,,20th century,1875,2025,Cotton,Height 45-1/2 in.,"Gift of John B. Elliott through the Mercer Trust, 2000",Textiles-Woven,Peru,,,,http://www.metmuseum.org/art/collection/search/318563,"Metropolitan Museum of Art, New York, NY",
318564,,False,"Arts of Africa, Oceania, and the Americas",Tunic,Man's Tunic,Shipibo-Conibo,,,20th century,1875,2025,Cotton,Height 43-1/2 in.,"Gift of John B. Elliott through the Mercer Trust, 2000",Textiles-Woven,Peru,,,,http://www.metmuseum.org/art/collection/search/318564,"Metropolitan Museum of Art, New York, NY",
318568,,False,"Arts of Africa, Oceania, and the Americas",Overskirt,Woman's Overskirt,Shipibo-Conibo,,,20th century,1875,2025,"Cotton, paint",Height 28 in.,"Gift of John B. Elliott through the Mercer Trust, 2000",Textiles-Woven,Peru,,,,http://www.metmuseum.org/art/collection/search/318568,"Metropolitan Museum of Art, New York, NY",
318569,,True,"Arts of Africa, Oceania, and the Americas",Garment,Man's Garment,Peru,,,15th century (?),1375,1525,Camelid hair,H. 37 in. × W. 37 1/2 in. (94 × 95.3 cm),"Gift of John B. Elliott through the Mercer Trust, 2000",Textiles-Woven,Peru,Southern Andes,,,http://www.metmuseum.org/art/collection/search/318569,"Metropolitan Museum of Art, New York, NY",
318634,,True,"Arts of Africa, Oceania, and the Americas",Tunic,Tunic with Crescent Headdress Figures,Chimú,,,ca. 1460–1540,1455,1465,"Camelid wool, cotton",H. 22 x  W. 39 3/4 in. (55.9 x 101 cm),"The Michael C. Rockefeller Memorial Collection, Bequest of Nelson A. Rockefeller, 1979",Textiles-Woven,Peru,,,,http://www.metmuseum.org/art/collection/search/318634,"Metropolitan Museum of Art, New York, NY",Human Figures
318659,,False,"Arts of Africa, Oceania, and the Americas",Mantle,Woman's Mantle,Aymara,,,19th century,1775,1925,Camelid hair,Height 43-1/4 in.,"Bequest of John B. Elliott, 1997",Textiles-Woven,Bolivia,,,,http://www.metmuseum.org/art/collection/search/318659,"Metropolitan Museum of Art, New York, NY",
318660,,False,"Arts of Africa, Oceania, and the Americas",Overskirt,Woman's Overskirt,Shipibo-Conibo,,,20th century,1875,2025,"Cotton, paint",Height 66 in.,"Bequest of John B. Elliott, 1997",Textiles-Woven,Peru,,,,http://www.metmuseum.org/art/collection/search/318660,"Metropolitan Museum of Art, New York, NY",
318661,,False,"Arts of Africa, Oceania, and the Americas",Arm band,Arm Band,Shuar or Achuar (?),,,20th century,1875,2025,"Shell, seeds, cotton, bone, paint",Circumference 9-1/2 in.,"Bequest of John B. Elliott, 1997",Shell-Ornaments,Ecuador,Oriente region,,,http://www.metmuseum.org/art/collection/search/318661,"Metropolitan Museum of Art, New York, NY",
318732,,True,"Arts of Africa, Oceania, and the Americas",Ornament,Headdress Ornament,Siguas,,,100 BCE–300 CE,-125,325,Gold,"Height 11 1/4 in.
","Purchase, Discovery Communications Inc. Gift, 2000",Metal-Ornaments,Peru,,,,http://www.metmuseum.org/art/collection/search/318732,"Metropolitan Museum of Art, New York, NY",Human Figures
318746,,True,"Arts of Africa, Oceania, and the Americas",Belt,Belt,Recuay,,,200–700 CE,200,700,Camelid fiber,W. 3 7/8 × L. 61 in. (9.8 × 154.9 cm),"Purchase, Arthur M. Bullowa Bequest, 2001",Textiles-Woven,Peru,,,,http://www.metmuseum.org/art/collection/search/318746,"Metropolitan Museum of Art, New York, NY",
318747,,True,"Arts of Africa, Oceania, and the Americas",Poncho,Poncho,Chuquibamba,,,13th–15th century,1175,1525,Camelid hair,H. 40 1/2 x W. 75-1/4 in.,"Purchase, Arthur M. Bullowa Bequest, 2001",Textiles-Woven,Peru,,,,http://www.metmuseum.org/art/collection/search/318747,"Metropolitan Museum of Art, New York, NY",
318769,,True,"Arts of Africa, Oceania, and the Americas",Loincloth,Loincloth,Chuquibamba,,,12th–early 16th century,1075,1550,Camelid hair,H. 26 x W. 41 1/2 in. (66 x 105.4 cm),"Purchase, The Fred and Rita Richman Foundation Gift, 2001",Textiles-Woven,Peru,,,,http://www.metmuseum.org/art/collection/search/318769,"Metropolitan Museum of Art, New York, NY",
318770,,True,"Arts of Africa, Oceania, and the Americas",Belt,Belt,Chuquibamba,,,12th–early 16th century,1075,1550,Camelid hair,H. 1 3/8 x W. 68 in. (3.5 x 172.7 cm),"Purchase, Arthur M. Bullowa Bequest, 2001",Textiles-Woven,Peru,,,,http://www.metmuseum.org/art/collection/search/318770,"Metropolitan Museum of Art, New York, NY",
318771,,True,"Arts of Africa, Oceania, and the Americas",Bag,Fringed Bag,Chuquibamba,,,12th–16th century,1075,1625,Camelid hair,H. 27 1/4 x W. 9 1/4 in. (69.2 x 23.5 cm),"Rogers Fund, 2001",Textiles-Woven,Peru,,,,http://www.metmuseum.org/art/collection/search/318771,"Metropolitan Museum of Art, New York, NY",
318888,,True,"Arts of Africa, Oceania, and the Americas",Headband,Headband,Inca,,,14th–15th century,1300,1500,Camelid hair,W. 7 1/2 × L. 8 3/4 in. (19.1 × 22.2 cm),"Bequest of Arthur M. Bullowa, 1993  ",Textiles-Woven,Peru,,,,http://www.metmuseum.org/art/collection/search/318888,"Metropolitan Museum of Art, New York, NY",
318889,,True,"Arts of Africa, Oceania, and the Americas",Panel,Panel with figures,South Highlands (?),,,7th–10th century (?),575,1100,"Camelid hair, cotton",H. 45 1/2 x W. 45 1/2 in. (115.6 x 115.6 cm),"Gift of Ina Schnell, in memory of Eugene A. Schnell, 2001",Textiles-Woven,Peru,,,,http://www.metmuseum.org/art/collection/search/318889,"Metropolitan Museum of Art, New York, NY",
318955,,True,"Arts of Africa, Oceania, and the Americas",Basket,Basket Bowl,Tiwanaku,,,7th–10th century,575,1025,Plant fiber,H. 4 3/4 × W. 4 3/4 × D. 4 3/4 in. (12.1 × 12.1 × 12.1 cm),"Purchase, Nathan Cummings Gift, 2002",Basketry-Containers,Bolivia,,,,http://www.metmuseum.org/art/collection/search/318955,"Metropolitan Museum of Art, New York, NY",
318956,,True,"Arts of Africa, Oceania, and the Americas",Basket,Basket,Tiwanaku,,,6th–11th century,475,1125,Plant fiber,H. 4 3/8 in. × Diam. 5 in. (11.1 × 12.7 cm),"Rogers Fund, 2002",Basketry-Containers,Bolivia,,,,http://www.metmuseum.org/art/collection/search/318956,"Metropolitan Museum of Art, New York, NY",
319053,,True,"Arts of Africa, Oceania, and the Americas",Collar,Collar,Chimú,,,12th–14th century,1075,1425,"Spondylus shell and black stone beads, cotton",H. 17 1/2 x W. 15 in. (44.5 x 38.1 cm),"Purchase, Nathan Cummings Gift and Rogers Fund, 2003",Beads-Costumes,Peru,,,,http://www.metmuseum.org/art/collection/search/319053,"Metropolitan Museum of Art, New York, NY",
319223,,True,"Arts of Africa, Oceania, and the Americas",Emblem or sash,Neck Emblem or Sash,Pukara,,,2nd century BCE–2nd century CE,-75,225,Camelid and human hair,H. 25  x W. 7 1/4 in. (63.5 x 18.5 cm),"Purchase, Pat and John Rosenwald, The Fred and Rita Richman Foundation, and Discovery Communications Inc. Gifts, 2003",Textiles-Woven,Peru,,,,http://www.metmuseum.org/art/collection/search/319223,"Metropolitan Museum of Art, New York, NY",
319252,,True,"Arts of Africa, Oceania, and the Americas",Tunic,Tunic,Siguas,,,1st–7th century,1,725,"Wool, cotton",H. 46 x W. 94 in. (116.8 x 238.8 cm),"Gift of Debbie Gordon, 2003",Textiles-Woven,Peru,,,,http://www.metmuseum.org/art/collection/search/319252,"Metropolitan Museum of Art, New York, NY",
319265,,True,"Arts of Africa, Oceania, and the Americas",Arm bands,Arm bands,Chavín,,,800–500 BCE,-800,-500,Gold,Each: H. 1 7/8 × W. (Diam.) 2 3/4 in. (4.8 × 7 cm),"Purchase, Jan Mitchell Gift, 2003",Metal-Ornaments,Peru,,,,http://www.metmuseum.org/art/collection/search/319265,"Metropolitan Museum of Art, New York, NY",Animals
319266,,True,"Arts of Africa, Oceania, and the Americas",Mantle border,Mantle Border,Paracas,,,5th–2nd century BCE,-500,-100,"Camelid hair, cotton",L. (including fringe) 110 in. (279 cm),"Gift of Nathan Cummings, 1966",Textiles-Woven,Peru,,,,http://www.metmuseum.org/art/collection/search/319266,"Metropolitan Museum of Art, New York, NY",
319320,,True,"Arts of Africa, Oceania, and the Americas",Tunic,Tunic,Siguas,,,1st–7th century,-25,625,"Wool (camelid hair), cotton","W. 48 in. x L. 82 in. (121.9 x 208.3 cm)
","Rogers Fund, 2003",Textiles-Woven,Peru,,,,http://www.metmuseum.org/art/collection/search/319320,"Metropolitan Museum of Art, New York, NY",
319471,,True,"Arts of Africa, Oceania, and the Americas",Ornament,Textile Ornament,Salinar (?),,,1st century BCE–2nd century CE,-100,300,Gold (hammered),Diam. 1 3/8 in. (3.5 cm),"The Michael C. Rockefeller Memorial Collection, Bequest of Nelson A. Rockefeller, 1979",Metal-Ornaments,Peru,,,,http://www.metmuseum.org/art/collection/search/319471,"Metropolitan Museum of Art, New York, NY",
319523,,True,"Arts of Africa, Oceania, and the Americas",Tunic panel,Tunic Panel,Nasca,,,600–1000,600,1000,"Cotton, feathers",H. 37 x W. 51 in. (94 x 129.5 cm),"Gift of Ina Schnell, in memory of Eugene A. Schnell, 2004",Textiles-Featherwork,Peru,,,,http://www.metmuseum.org/art/collection/search/319523,"Metropolitan Museum of Art, New York, NY",Human Figures
319524,,True,"Arts of Africa, Oceania, and the Americas",Dress fragment,Fragmentary Woman's Dress,Inca,,,15th–early 16th century,1375,1550,Camelid fiber,H. 47 1/2  x  W. 33 in. (120.7 x 83.8 cm),"Purchase, Arthur M. Bullowa Bequest, 2004",Textiles-Woven,Peru,,,,http://www.metmuseum.org/art/collection/search/319524,"Metropolitan Museum of Art, New York, NY",
319574,,True,"Arts of Africa, Oceania, and the Americas",Tunic,Tunic,Inca,,,1400–1530,1400,1530,Camelid fiber,H. 33 x  W. 30 in. (83.8 x 76.2 cm),"Purchase, Nathan Cummings Gift, Rogers Fund, and The Fred and Rita Richman Foundation Gift, 2005",Textiles-Woven,Peru,,,,http://www.metmuseum.org/art/collection/search/319574,"Metropolitan Museum of Art, New York, NY",
319585,,True,"Arts of Africa, Oceania, and the Americas",Mantle,Woman's Mantle,Aymara,,,late 18th century (?),1750,1825,"Camelid hair, silk",H. 31 x W. 41 in. (78.7 x 104.1 cm),"Purchase, Georgia and Michael de Havenon Gift, 2006",Textiles-Woven,Bolivia,,,,http://www.metmuseum.org/art/collection/search/319585,"Metropolitan Museum of Art, New York, NY",
319588,,True,"Arts of Africa, Oceania, and the Americas",Head covering (?),Head Covering (?),Paracas-Nasca,,,1st–2nd century,-75,225,Camelid hair,H. 28 x W. 16 in. (71.1  x 40.6 cm),"Funds from various donors, 2005",Textiles-Woven,Peru,,,,http://www.metmuseum.org/art/collection/search/319588,"Metropolitan Museum of Art, New York, NY",
319627,,True,"Arts of Africa, Oceania, and the Americas",Band,Band,Chimú or Chancay,,,11th–mid-15th century,975,1500,"Cotton, camelid fiber
",H. 7 5/8 x L. 114 1/8 in. (19.4 x 289.9 cm),"Gift of Ina L. Schnell, in memory of Eugene A. Schnell, 2005",Textiles-Woven,,,,,http://www.metmuseum.org/art/collection/search/319627,"Metropolitan Museum of Art, New York, NY",
319863,,True,"Arts of Africa, Oceania, and the Americas",Shirt,Feathered Shirt,Chimú,,,13th–15th century,1175,1525,"Cotton, feathers, silver",H. 10 x W. 18 in. (25.4 x 45.7 cm),"Gift of Mr. and Mrs. Charles Diker, 2006",Textiles-Featherwork,Peru,,,,http://www.metmuseum.org/art/collection/search/319863,"Metropolitan Museum of Art, New York, NY",
320054,,True,"Arts of Africa, Oceania, and the Americas",Tunic,Miniature Tabard,Inca and Spanish,,,1600–1700,1600,1700,"Cotton, camelid hair, silk, metal",H. 14 1/2 x W. 11 in. (36.8 x 27.9 cm),"Gift of Penny Righthand, in memory of Richard I. Levine, 2007",Textiles-Woven,Bolivia or Peru,,,,http://www.metmuseum.org/art/collection/search/320054,"Metropolitan Museum of Art, New York, NY",
320429,,True,"Arts of Africa, Oceania, and the Americas",Needle,Needle,Peruvian,,,10th–16th century (?),900,1600,Wood,Height 3-1/4 to 4 in.,"Bequest of Arthur M. Bullowa, 1993  ",Textiles-Implements,Peru,,,,http://www.metmuseum.org/art/collection/search/320429,"Metropolitan Museum of Art, New York, NY",
320430,,True,"Arts of Africa, Oceania, and the Americas",Needle,Needle,Peruvian,,,10th–16th century (?),900,1600,Wood,Height 3-1/4 to 4 in.,"Bequest of Arthur M. Bullowa, 1993  ",Textiles-Implements,Peru,,,,http://www.metmuseum.org/art/collection/search/320430,"Metropolitan Museum of Art, New York, NY",
320431,,True,"Arts of Africa, Oceania, and the Americas",Needle,Needle,Peruvian,,,10th–16th century (?),900,1600,Wood,Height 3-1/4 to 4 in.,"Bequest of Arthur M. Bullowa, 1993  ",Textiles-Implements,Peru,,,,http://www.metmuseum.org/art/collection/search/320431,"Metropolitan Museum of Art, New York, NY",
320615,,True,"Arts of Africa, Oceania, and the Americas",Cap,Cap,Bolivia or Peru,,,17th century,1600,1700,"Linen, wool",H. 31 3/4 x W. 6 3/4 in. (80.6 x 17.1 cm),"Gift of Mrs. J. J. Whitehead, 1931",Textiles-Woven,Bolivia or Peru,,,,http://www.metmuseum.org/art/collection/search/320615,"Metropolitan Museum of Art, New York, NY",Birds
320693,,True,"Arts of Africa, Oceania, and the Americas",Mask component,Funerary Mask Turban,Ica,,,13th–15th century,1200,1500,"Wood, paint, gold, cloth, shell",H. 18 3/4 x W. 3 3/4 in. (47.7 x 9.5 cm),"The Michael C. Rockefeller Memorial Collection, Bequest of Nelson A. Rockefeller, 1979",Wood-Ornaments,Peru,,,,http://www.metmuseum.org/art/collection/search/320693,"Metropolitan Museum of Art, New York, NY",Faces
320804,,True,"Arts of Africa, Oceania, and the Americas",Tapestry fragment,Hanging (?) Fragment,Peruvian,,,late 16th–17th century,1500,1700,"Camelid hair, cotton",H. 48 x W. 23 in. (121.9 x 58.4 cm),"Gift of Gloria Granz Gonick, 2011",Textiles-Woven,Peru,,,,http://www.metmuseum.org/art/collection/search/320804,"Metropolitan Museum of Art, New York, NY",
503977,,False,Musical Instruments,Rondador,Rondador,Ecuador,,,ca. 1960,1957,1965,"Condor feathers, bamboo, cotton string",29 × 10 × 4 in. (73.7 × 25.4 × 10.2 cm),"Gift of Juan Pepe Santana, 2005",Aerophone-Blow Hole-panpipe,Ecuador,,,,http://www.metmuseum.org/art/collection/search/503977,"Metropolitan Museum of Art, New York, NY",
504010,,False,Musical Instruments,Drum,Drum,probably Peruvian,,,20th century,1900,1999,"Wood, hide, fiber",L. 14.7 cm (5 13/16 in.); Diam. 19.8 cm (7 13/16 in.),"Purchase, Gift of Herbert J. Harris, by exchange, 2002",Membranophone-double-headed / cylindrical drum,Peru?,,,,http://www.metmuseum.org/art/collection/search/504010,"Metropolitan Museum of Art, New York, NY",
504011,,False,Musical Instruments,Drum,Drum,probably Peruvian,,,early 20th century,1900,1925,"Wood, hide, fiber","L. 12.6 cm (5 in.); Diam. 16.2 cm (6-3/8 in.)
","Purchase, Gift of Herbert J. Harris, by exchange, 2002",Membranophone-double-headed / cylindrical drum,Peru?,,,,http://www.metmuseum.org/art/collection/search/504011,"Metropolitan Museum of Art, New York, NY",
504012,,False,Musical Instruments,Tamporo,Tamporo,Peru? (Andean),,,early 20th century,1900,1925,"Wood, hide, fiber","L. 12.6 cm; Diam. 16.2 cm
","Purchase, Gift of Herbert J. Harris, by exchange, 2002",Membranophone-double-headed / cylindrical drum,Peru,,,,http://www.metmuseum.org/art/collection/search/504012,"Metropolitan Museum of Art, New York, NY",
504564,,False,Musical Instruments,Siku (ira),Siku (ira),Bolivian,,,20th century,1900,1999,"Bamboo, llama wool thread",20 1/4 × 4 1/16 × 1 9/16 in. (51.5 × 10.3 × 3.9 cm),"Gift of Anabelle P. and Alberto C. Mariaca, 1995",Aerophone-Blow Hole-panpipe,Bolivia,,,,http://www.metmuseum.org/art/collection/search/504564,"Metropolitan Museum of Art, New York, NY",
504566,,False,Musical Instruments,Siku (ira),Siku (ira),Bolivian,,,20th century,1900,1999,"Reed, llama wool",Maltes - L.: 25.4 cm (10 in.); W. 8.9 cm (3-1/2 in..); D. 2.8 cm (1-1/16 in.),"Gift of Anabelle P. and Alberto C. Mariaca, 1995",Aerophone-Blow Hole-panpipe,Bolivia,,,,http://www.metmuseum.org/art/collection/search/504566,"Metropolitan Museum of Art, New York, NY",
504567,,False,Musical Instruments,Siku (arca),Siku (arca),Bolivian,,,20th century,1900,1999,"Reed, wool",L. 34.4 cm (13-1/2 in.); W.10.9 cm (4-1/4 in.); D. 3.9 cm (1-1/8 in.),"Gift of Anabelle P. and Alberto C. Mariaca, 1995",Aerophone-Blow Hole-panpipe,Bolivia,,,,http://www.metmuseum.org/art/collection/search/504567,"Metropolitan Museum of Art, New York, NY",
504568,,False,Musical Instruments,Liku (ira),Liku (ira),Bolivian,,,20th century,1900,1999,"Reed,  llama wool","L. 13.4 cm (5-1/4 in.); W. 7.6 cm (3 in.); D. 2.5 cm (1 in.)
","Gift of Anabelle P. and Alberto C. Mariaca, 1995",Aerophone-Blow Hole-panpipe,Bolivia,,,,http://www.metmuseum.org/art/collection/search/504568,"Metropolitan Museum of Art, New York, NY",
504569,,False,Musical Instruments,Liku (arca),Liku (arca),Bolivian,,,20th century,1900,1999,"Reed, llama wool",L. 13.4 cm (5-1/4 in.); W. 7.6 cm (3 in.); D. 2.5 cm (1 in.),"Gift of Anabelle P. and Alberto C. Mariaca, 1995",Aerophone-Blow Hole-panpipe,Bolivia,,,,http://www.metmuseum.org/art/collection/search/504569,"Metropolitan Museum of Art, New York, NY",
504570,,False,Musical Instruments,Sikuri (liku),Sikuri,Bolivian,,,20th century,1900,1999,"Reed, wool",L. 15.9 cm (6-14 in.); W. 20.4 cm (8 in.); D. 3.9 cm (1-1/2 in.),"Gift of Anabelle P. and Alberto C. Mariaca, 1995",Aerophone-Blow Hole-panpipe,Bolivia,,,,http://www.metmuseum.org/art/collection/search/504570,"Metropolitan Museum of Art, New York, NY",
504572,,False,Musical Instruments,Sikuri (small),Sikuri (small),Bolivian,,,20th century,1900,1999,"Reed, llama wool thread",L. 15.9 cm (6-1/2 in.); W 20.4 cm (8 in.); 3.9 cm (1-1/2 in.),"Gift of Anabelle P. and Alberto C. Mariaca, 1995",Aerophone-Blow Hole-panpipe,Bolivia,,,,http://www.metmuseum.org/art/collection/search/504572,"Metropolitan Museum of Art, New York, NY",
504582,,False,Musical Instruments,Fuma?,Fuma?,Bolivian,,,20th century,1900,1999,"Reed, wool",Length: 26 1/2 in. (67.3 cm) Diameter: 1 1/4 in. (3.2 cm),"Gift of Anabelle P. and Alberto C. Mariaca, 1995",Aerophone-Blow Hole-end-blown flute (vertical),Bolivia,,,,http://www.metmuseum.org/art/collection/search/504582,"Metropolitan Museum of Art, New York, NY",
504583,,False,Musical Instruments,Fuma?,Fuma?,Bolivian,,,20th century,1900,1999,"Reed, wool",L. 44.5 cm (17-1/2 in.); Diam. 2.8 cm (1-1/8 in.),"Gift of Anabelle P. and Alberto C. Mariaca, 1995",Aerophone-Blow Hole-end-blown flute (vertical),Bolivia,,,,http://www.metmuseum.org/art/collection/search/504583,"Metropolitan Museum of Art, New York, NY",
504584,,False,Musical Instruments,Palm Duct Flute,Palm Duct Flute,Bolivian,,,20th century,1900,1999,"Reed, wool",L. 29.4 cm (11-1/2 in.);  Diam. 2.1 cm (7.8 in.),"Gift of Anabelle P. and Alberto C. Mariaca, 1995",Aerophone-Blow Hole-end-blown flute (vertical),Bolivia,,,,http://www.metmuseum.org/art/collection/search/504584,"Metropolitan Museum of Art, New York, NY",
504591,,False,Musical Instruments,Notch Flute,Notch Flute,Bolivian,,,20th century,1900,1999,"Reed, wool","L. 36.8 cm (14-1/4 in.), Diam. 38.1 cm (15/16 in.)","Gift of Anabelle P. and Alberto C. Mariaca, 1995",Aerophone-Blow Hole-end-blown flute (vertical),Bolivia,,,,http://www.metmuseum.org/art/collection/search/504591,"Metropolitan Museum of Art, New York, NY",
504786,,False,Musical Instruments,Rattle strap,Rattle,Native American (Peruvian),,,late 19th–early 20th century,1870,1910,"Laurel seeds, plant fiber, cord","L. 17 11/16 in., Wt. 8.9oz. (45 cm, 251g)","The Crosby Brown Collection of Musical Instruments, 1889",Idiophone-Shaken,Peru,,,,http://www.metmuseum.org/art/collection/search/504786,"Metropolitan Museum of Art, New York, NY",
646249,,True,"Arts of Africa, Oceania, and the Americas",Tunic,Man's Tunic,Central Coast,,,1000–1476 CE,1000,1476,Camelid and cotton fibers,"H. 33 × W. 36 in. (83.8 × 91.4 cm)
Mount: H. 44 × W. 42 in. (111.8 × 106.7 cm)","Purchase, Anonymous Gifts, 2015",Textiles-Costumes,Peru,Central Coast,,,http://www.metmuseum.org/art/collection/search/646249,"Metropolitan Museum of Art, New York, NY",
675980,,True,"Arts of Africa, Oceania, and the Americas",Tunic,Tunic,Wari,,,7th–11th century,600,1100,"Cotton, camelid hair","L. 39 3/8 x W. 39 3/8 in. (100 x 100 cm) approximately
","Gift of Claudia Quentin, 2021",Textiles-Woven,,Andean region,,,http://www.metmuseum.org/art/collection/search/675980,"Metropolitan Museum of Art, New York, NY",
720133,,False,"Arts of Africa, Oceania, and the Americas",Cloth (tari or incuna),Textile,Aymara,,,19th–20th century,1800,1999,Camelid fiber,H. 38 1/4 × W. 35 1/2 in. (97.2 × 90.2 cm),"Gift of Steve Andreas, 2017",Textiles,"Bolivia, Peru, or Chile",,,,http://www.metmuseum.org/art/collection/search/720133,"Metropolitan Museum of Art, New York, NY",
720135,,False,"Arts of Africa, Oceania, and the Americas",Blanket,Ahuayo,Aymara,,,19th–20th century,1800,1999,Camelid fiber,H. 41 5/8 × W. 46 1/4 in. (105.7 × 117.5 cm),"Gift of Steve Andreas, 2017",Textiles,"Bolivia, Peru, or Chile",,,,http://www.metmuseum.org/art/collection/search/720135,"Metropolitan Museum of Art, New York, NY",
720136,,False,"Arts of Africa, Oceania, and the Americas",Blanket,Ahuayo,Aymara,,,19th–20th century,1800,1999,Camelid fiber,As worn: H. 26 1/4 × W. 46 7/8 in. (66.7 × 119.1 cm),"Gift of Steve Andreas, 2017",Textiles,"Bolivia, Peru, or Chile",,,,http://www.metmuseum.org/art/collection/search/720136,"Metropolitan Museum of Art, New York, NY",
720143,,False,"Arts of Africa, Oceania, and the Americas",Mantle,Iscayo,Aymara,,,19th–20th century,1800,1999,Camelid fiber,H. 39 3/8 × W. 42 in. (100 × 106.7 cm),"Gift of Steve Andreas, 2017",Textiles,"Bolivia, Peru, or Chile",,,,http://www.metmuseum.org/art/collection/search/720143,"Metropolitan Museum of Art, New York, NY",
720144,,False,"Arts of Africa, Oceania, and the Americas",Mantle,Iscayo,Aymara,,,19th–20th century,1800,1999,Camelid fiber,H. 37 × W. 48 3/8 in.. (94 × 122.9 cm),"Gift of Steve Andreas, 2017",Textiles,"Bolivia, Peru, or Chile",,,,http://www.metmuseum.org/art/collection/search/720144,"Metropolitan Museum of Art, New York, NY",
720145,,False,"Arts of Africa, Oceania, and the Americas",Mantle,Llacota,Aymara,,,19th–20th century,1800,1999,Camelid fiber,H. 48 × W. 39 in. (121.9 × 99.1  cm),"Gift of Steve Andreas, 2017",Textiles,"Bolivia, Peru, or Chile",,,,http://www.metmuseum.org/art/collection/search/720145,"Metropolitan Museum of Art, New York, NY",
720146,,False,"Arts of Africa, Oceania, and the Americas",Mantle,Llacota,Aymara,,,19th–20th century,1800,1999,Camelid fiber,H. 46 1/2 × W. 37 1/4 in. (118.1 × 94.6 cm),"Gift of Steve Andreas, 2017",Textiles,"Bolivia, Peru, or Chile",,,,http://www.metmuseum.org/art/collection/search/720146,"Metropolitan Museum of Art, New York, NY",
720147,,False,"Arts of Africa, Oceania, and the Americas",Shirt,Ponchito,Aymara,,,19th–20th century,1800,1999,Camelid fiber,H. 35 1/4 × W. 34 1/4 in. (89.5 × 87 cm),"Gift of Steve Andreas, 2017",Textiles,"Bolivia, Peru, or Chile",,,,http://www.metmuseum.org/art/collection/search/720147,"Metropolitan Museum of Art, New York, NY",
720157,,False,"Arts of Africa, Oceania, and the Americas",Cloth,Textile,Aymara,,,19th–20th century,1800,1999,Camelid fiber,H. 38 3/4 × W. 37 1/2 in. (98.4 × 95.3 cm),"Gift of Steve Andreas, 2017",Textiles,"Bolivia, Peru, or Chile",,,,http://www.metmuseum.org/art/collection/search/720157,"Metropolitan Museum of Art, New York, NY",
720160,,False,"Arts of Africa, Oceania, and the Americas",Cloth,Textile,Aymara,,,19th–20th century,1800,1999,Camelid hair,H. 30 1/2 × W. 30 in. (77.5 × 76.2 cm),"Gift of Steve Andreas, 2017",Textiles,"Bolivia, Peru, or Chile",,,,http://www.metmuseum.org/art/collection/search/720160,"Metropolitan Museum of Art, New York, NY",
720168,,False,"Arts of Africa, Oceania, and the Americas",Cloth,Textile,Aymara,,,19th–20th century,1800,1999,Camelid hair,H. 31 5/8 × W. 31 1/4 in (80.3 × 79.4 cm),"Gift of Steve Andreas, 2017",Textiles,"Bolivia, Peru, or Chile",,,,http://www.metmuseum.org/art/collection/search/720168,"Metropolitan Museum of Art, New York, NY",
720169,,False,"Arts of Africa, Oceania, and the Americas",Cloth,Textile,Aymara,,,19th–20th century,1800,1999,Camelid hair,H. 31 1/2 × W.42 1/2 in. (80 × 108 cm),"Gift of Steve Andreas, 2017",Textiles,"Bolivia, Peru, or Chile",,,,http://www.metmuseum.org/art/collection/search/720169,"Metropolitan Museum of Art, New York, NY",
720170,,False,"Arts of Africa, Oceania, and the Americas",Cloth,Textile,Aymara,,,19th–20th century,1800,1999,Camelid hair,H. 34 3/4 × W. 36 in. (88.3 × 91.4 cm),"Gift of Steve Andreas, 2017",Textiles,"Bolivia, Peru, or Chile",,,,http://www.metmuseum.org/art/collection/search/720170,"Metropolitan Museum of Art, New York, NY",
720171,,False,"Arts of Africa, Oceania, and the Americas",Cloth,Textile,Aymara,,,19th–20th century,1800,1999,Camelid hair,H.  26 7/8 × W.  27 3/4 in. (68.3 × 70.5 cm),"Gift of Steve Andreas, 2017",Textiles,"Bolivia, Peru, or Chile",,,,http://www.metmuseum.org/art/collection/search/720171,"Metropolitan Museum of Art, New York, NY",
720172,,False,"Arts of Africa, Oceania, and the Americas",Cloth,Textile,Aymara,,,19th–20th century,1800,1999,Camelid hair,H. 23 1/2 × W. 24 1/2 in. (59.7 × 62.2 cm),"Gift of Steve Andreas, 2017",Textiles,"Bolivia, Peru, or Chile",,,,http://www.metmuseum.org/art/collection/search/720172,"Metropolitan Museum of Art, New York, NY",
720174,,False,"Arts of Africa, Oceania, and the Americas",Cloth,Textile,Aymara,,,19th–20th century,1800,1999,Camelid hair,H. 34 1/4 × W. 34 1/2 in. (87 × 87.6 cm),"Gift of Steve Andreas, 2017",Textiles,"Bolivia, Peru, or Chile",,,,http://www.metmuseum.org/art/collection/search/720174,"Metropolitan Museum of Art, New York, NY",
720175,,False,"Arts of Africa, Oceania, and the Americas",Cloth,Textile,Aymara,,,19th–20th century,1800,1999,Camelid hair,H. 31 3/4 × W. 36 in. (80.6 × 91.4 cm),"Gift of Steve Andreas, 2017",Textiles,"Bolivia, Peru, or Chile",,,,http://www.metmuseum.org/art/collection/search/720175,"Metropolitan Museum of Art, New York, NY",
720177,,False,"Arts of Africa, Oceania, and the Americas",Cloth,Textile,Aymara,,,19th–20th century,1800,1999,Camelid hair,H. 40 × W. 37  in. (101.6 × 94 cm),"Gift of Steve Andreas, 2017",Textiles,"Bolivia, Peru, or Chile",,,,http://www.metmuseum.org/art/collection/search/720177,"Metropolitan Museum of Art, New York, NY",
720178,,False,"Arts of Africa, Oceania, and the Americas",Cloth,Textile,Aymara,,,19th–20th century,1800,1999,Camelid hair,H. 27 5/8 × W. 25 in. (70.2 × 63.5 cm),"Gift of Steve Andreas, 2017",Textiles,"Bolivia, Peru, or Chile",,,,http://www.metmuseum.org/art/collection/search/720178,"Metropolitan Museum of Art, New York, NY",
720181,,False,"Arts of Africa, Oceania, and the Americas",Cloth,Textile,Aymara,,,19th–20th century,1800,1999,Camelid hair,H. 25 × W. 29 1/4 in. (63.5 × 74.3 cm),"Gift of Steve Andreas, 2017",Textiles,"Bolivia, Peru, or Chile",,,,http://www.metmuseum.org/art/collection/search/720181,"Metropolitan Museum of Art, New York, NY",
720182,,False,"Arts of Africa, Oceania, and the Americas",Cloth,Textile,Aymara,,,19th–20th century,1800,1999,Camelid hair,H. 40 × W. 36 3/4 in. (101.6 × 93.3 cm),"Gift of Steve Andreas, 2017",Textiles,"Bolivia, Peru, or Chile",,,,http://www.metmuseum.org/art/collection/search/720182,"Metropolitan Museum of Art, New York, NY",
720183,,False,"Arts of Africa, Oceania, and the Americas",Cloth,Textile,Aymara,,,19th–20th century,1800,1999,Camelid hair,H. 20 1/2 × W.  22 3/8 in. (52.1 × 56.8 cm),"Gift of Steve Andreas, 2017",Textiles,"Bolivia, Peru, or Chile",,,,http://www.metmuseum.org/art/collection/search/720183,"Metropolitan Museum of Art, New York, NY",
720184,,False,"Arts of Africa, Oceania, and the Americas",Cloth,Textile,Aymara,,,19th–20th century,1800,1999,Camelid hair,H. 33 1/4 × W. 33 1/2 in. (84.5 × 85.1 cm),"Gift of Steve Andreas, 2017",Textiles,"Bolivia, Peru, or Chile",,,,http://www.metmuseum.org/art/collection/search/720184,"Metropolitan Museum of Art, New York, NY",
720185,,False,"Arts of Africa, Oceania, and the Americas",Cloth,Textile,Aymara,,,19th–20th century,1800,1999,Camelid hair,"H. 30 3/8 × W, 33 3/4 in. (77.2 × 85.7 cm)","Gift of Steve Andreas, 2017",Textiles,"Bolivia, Peru, or Chile",,,,http://www.metmuseum.org/art/collection/search/720185,"Metropolitan Museum of Art, New York, NY",
720186,,False,"Arts of Africa, Oceania, and the Americas",Cloth,Textile,Aymara,,,19th–20th century,1800,1999,Camelid hair,H. 23 1/2 × W. 23 1/4 in. (59.7 × 59.1 cm),"Gift of Steve Andreas, 2017",Textiles,"Bolivia, Peru, or Chile",,,,http://www.metmuseum.org/art/collection/search/720186,"Metropolitan Museum of Art, New York, NY",
720187,,False,"Arts of Africa, Oceania, and the Americas",Cloth,Textile,Aymara,,,19th–20th century,1800,1999,Camelid hair,H. 30 1/2 × W. 31 5/8 in. (77.5 × 80.3 cm),"Gift of Steve Andreas, 2017",Textiles,"Bolivia, Peru, or Chile",,,,http://www.metmuseum.org/art/collection/search/720187,"Metropolitan Museum of Art, New York, NY",
720190,,False,"Arts of Africa, Oceania, and the Americas",Cloth,Textile,Aymara,,,19th–20th century,1800,1999,Camelid hair,H. 28 1/4 × W. 27 1/2 in. (71.8 × 69.9 cm),"Gift of Steve Andreas, 2017",Textiles,"Bolivia, Peru, or Chile",,,,http://www.metmuseum.org/art/collection/search/720190,"Metropolitan Museum of Art, New York, NY",
720191,,False,"Arts of Africa, Oceania, and the Americas",Cloth,Textile,Aymara,,,19th–20th century,1800,1999,Camelid hair,30 1/4 × 29 15/16 in. (76.8 × 76 cm),"Gift of Steve Andreas, 2017",Textiles,"Bolivia, Peru, or Chile",,,,http://www.metmuseum.org/art/collection/search/720191,"Metropolitan Museum of Art, New York, NY",
720192,,False,"Arts of Africa, Oceania, and the Americas",Cloth,Textile,Aymara,,,19th–20th century,1800,1999,Camelid hair,H. 29 5/8 × W. 28 in. (75.2 × 71.1 cm),"Gift of Steve Andreas, 2017",Textiles,"Bolivia, Peru, or Chile",,,,http://www.metmuseum.org/art/collection/search/720192,"Metropolitan Museum of Art, New York, NY",
720194,,False,"Arts of Africa, Oceania, and the Americas",Cloth,Textile,Aymara,,,19th–20th century,1800,1999,Camelid hair,H. 11 3/4 × W. 12 3/4 in. (29.8 × 32.4 cm),"Gift of Steve Andreas, 2017",Textiles,"Bolivia, Peru, or Chile",,,,http://www.metmuseum.org/art/collection/search/720194,"Metropolitan Museum of Art, New York, NY",
720195,,False,"Arts of Africa, Oceania, and the Americas",Cloth,Textile,Aymara,,,19th–20th century,1800,1999,Camelid hair,H. 15 × W. 17 1/8 in. (38.1 × 43.5  cm),"Gift of Steve Andreas, 2017",Textiles,"Bolivia, Peru, or Chile",,,,http://www.metmuseum.org/art/collection/search/720195,"Metropolitan Museum of Art, New York, NY",
751900,,True,"Arts of Africa, Oceania, and the Americas",Tunic,Votive Checkerboard Tunic,Inca,,,1460–1626,1460,1626,Camelid fiber,H. 20 5/8 × W. 16 1/2 in. (52.4 × 41.9 cm),"Purchase, Fletcher Fund, Claudia Quentin Gift, and Harris Brisbane Dick Fund, 2018",Textiles-Costumes,"Argentina, Peru, or Bolivia",,,,http://www.metmuseum.org/art/collection/search/751900,"Metropolitan Museum of Art, New York, NY",
751901,,True,"Arts of Africa, Oceania, and the Americas",Tunic,Checkerboard Tunic,Inca,,,16th century,1500,1599,Camelid fiber,H. 34 1/4 x W. 30 1/8 in. (87 x 76.5 cm),"Purchase, Fletcher Fund, Claudia Quentin Gift, and Harris Brisbane Dick Fund, 2017",Textiles-Costumes,"Argentina, Peru, or Bolivia",,,,http://www.metmuseum.org/art/collection/search/751901,"Metropolitan Museum of Art, New York, NY",
776429,,True,"Arts of Africa, Oceania, and the Americas",Panel,Nine Feathered Panels,Wari,,,600–900 CE,600,900,"Feathers on cotton, camelid hair",H. 81 1/2 in. × W. 20 ft. 1 3/4 in. (207 × 614 cm),"The Michael C. Rockefeller Memorial Collection, Bequest of Nelson A. Rockefeller, 1979",Textiles-Featherwork,Peru,South Coast,,,http://www.metmuseum.org/art/collection/search/776429,"Metropolitan Museum of Art, New York, NY",
815003,,False,"Arts of Africa, Oceania, and the Americas",Poncho,Poncho,Sica Sica region,,,20th century,1900,1950,"Camelid fiber, dyes","H. 69 1/2 × W. 60 3/4 in. (176.5 × 154.3 cm) without fringe
H. 73 1/2 × W. 64 3/4 in. (186.7 × 164.5 cm) including fringe","Gift of Kazem Naderi, in honor of Mitra Bahador, 2018 
",Textiles-Costumes,Bolivia,Sica Sica region,,,http://www.metmuseum.org/art/collection/search/815003,"Metropolitan Museum of Art, New York, NY",
829473,,False,"Arts of Africa, Oceania, and the Americas",Tunic,Man's Tunic,Shipibo,,,20th century,1900,1999,"Cotton (handspun yarns), pigments",W. 42 1/2 × L. 45 in. (108 × 114.3 cm),"Gift of Penny M. Hays, 2019",Textiles-Costumes,Peru,,,,http://www.metmuseum.org/art/collection/search/829473,"Metropolitan Museum of Art, New York, NY",
829475,,False,"Arts of Africa, Oceania, and the Americas",Skirt,Woman's Wrapper,Shipibo,,,20th century,1900,1999,"Cotton (handspun yarns), pigments",W. 31 × L. 31 1/2 in. (78.7 × 80 cm),"Gift of Penny M. Hays, 2019",Textiles-Costumes,Peru,,,,http://www.metmuseum.org/art/collection/search/829475,"Metropolitan Museum of Art, New York, NY",
833953,,True,"Arts of Africa, Oceania, and the Americas",Tunic,Tapestry Tunic,Wari,,,7th–9th century,600,900,Camelid wool,H. 42 11/16 × W. 42 15/16 in. (108.5 × 109 cm),"Gift of Claudia Quentin, in celebration of the Museum's 150th Anniversary, 2020",Textiles-Woven,Peru,,,,http://www.metmuseum.org/art/collection/search/833953,"Metropolitan Museum of Art, New York, NY",
