objectID,title,culture,objectDate,classification,isPublicDomain,primaryImage,primaryImageSmall,n_additional,objectURL
17704,Belt fragment,Peruvian,17th century,,True,https://images.metmuseum.org/CRDImages/ad/original/DP8257.jpg,https://images.metmuseum.org/CRDImages/ad/web-large/DP8257.jpg,0,https://www.metmuseum.org/art/collection/search/17704
21676,Shawl,Peruvian,18th century,,True,https://images.metmuseum.org/CRDImages/ad/original/DP351411.jpg,https://images.metmuseum.org/CRDImages/ad/web-large/DP351411.jpg,4,https://www.metmuseum.org/art/collection/search/21676
21677,Shawl (fragment),Peruvian,18th century,,True,https://images.metmuseum.org/CRDImages/ad/original/166081.jpg,https://images.metmuseum.org/CRDImages/ad/web-large/166081.jpg,0,https://www.metmuseum.org/art/collection/search/21677
21678,Shawl (fragment),,18th century,,True,https://images.metmuseum.org/CRDImages/ad/original/166082.jpg,https://images.metmuseum.org/CRDImages/ad/web-large/166082.jpg,0,https://www.metmuseum.org/art/collection/search/21678
90286,Mantle pin (ttipqui),Peruvian,19th century,Metal-Ornaments,True,https://images.metmuseum.org/CRDImages/ao/original/1982.420.12.jpg,https://images.metmuseum.org/CRDImages/ao/web-large/1982.420.12.jpg,0,https://www.metmuseum.org/art/collection/search/90286
90307,Tupu (pin),Peruvian,19th century,Metal-Ornaments,False,,,0,https://www.metmuseum.org/art/collection/search/90307
121780,Scarf,Peruvian,1950s,,False,,,0,https://www.metmuseum.org/art/collection/search/121780
125685,Shawl,Ecuadorian,20th century,,False,,,0,https://www.metmuseum.org/art/collection/search/125685
126662,Ensemble,Peruvian,1830–40,,True,https://images.metmuseum.org/CRDImages/ad/original/1978.53a.jpg,https://images.metmuseum.org/CRDImages/ad/web-large/1978.53a.jpg,2,https://www.metmuseum.org/art/collection/search/126662
126670,Textile,Peruvian,1800–1939,Textiles,False,,,0,https://www.metmuseum.org/art/collection/search/126670
126673,Pin (ttipqui),Peruvian,19th century,Metal-Ornaments,True,https://images.metmuseum.org/CRDImages/ao/original/DP-27227-001.jpg,https://images.metmuseum.org/CRDImages/ao/web-large/DP-27227-001.jpg,1,https://www.metmuseum.org/art/collection/search/126673
126970,Belt,Bolivian,1900–1946,Hide-Costumes,False,,,0,https://www.metmuseum.org/art/collection/search/126970
141764,Necklace,Indigenous American (Chimu peoples),800–1400 CE,,True,https://images.metmuseum.org/CRDImages/ci/original/2008.190.323_F.jpg,https://images.metmuseum.org/CRDImages/ci/web-large/2008.190.323_F.jpg,0,https://www.metmuseum.org/art/collection/search/141764
141765,Necklace,Indigenous American (Chimu peoples),800–1400 CE,,True,https://images.metmuseum.org/CRDImages/ci/original/2008.190.324_F.jpg,https://images.metmuseum.org/CRDImages/ci/web-large/2008.190.324_F.jpg,0,https://www.metmuseum.org/art/collection/search/141765
214310,Woman's wedding mantle (lliclla) with interlace and tocapu design,Peruvian,late 16th–early 17th century,,True,https://images.metmuseum.org/CRDImages/ad/original/DP265667.jpg,https://images.metmuseum.org/CRDImages/ad/web-large/DP265667.jpg,1,https://www.metmuseum.org/art/collection/search/214310
215296,Band,Peruvian,18th century,,True,https://images.metmuseum.org/CRDImages/ad/original/DP4308.jpg,https://images.metmuseum.org/CRDImages/ad/web-large/DP4308.jpg,1,https://www.metmuseum.org/art/collection/search/215296
217394,Piece,,16th–17th century,Textiles-Woven,True,https://images.metmuseum.org/CRDImages/es/original/42713.jpg,https://images.metmuseum.org/CRDImages/es/web-large/42713.jpg,1,https://www.metmuseum.org/art/collection/search/217394
219915,Cover with Unicorns,,16th century,Textiles-Woven,True,https://images.metmuseum.org/CRDImages/es/original/DP289247.jpg,https://images.metmuseum.org/CRDImages/es/web-large/DP289247.jpg,5,https://www.metmuseum.org/art/collection/search/219915
219973,Cover,,15th–16th century,Textiles-Woven,True,https://images.metmuseum.org/CRDImages/es/original/DP-496-001.jpg,https://images.metmuseum.org/CRDImages/es/web-large/DP-496-001.jpg,11,https://www.metmuseum.org/art/collection/search/219973
221572,Towel,,19th century,Textiles-Woven,True,https://images.metmuseum.org/CRDImages/es/original/59671.jpg,https://images.metmuseum.org/CRDImages/es/web-large/59671.jpg,0,https://www.metmuseum.org/art/collection/search/221572
222602,Cover,,15th century,Textiles-Woven,True,https://images.metmuseum.org/CRDImages/es/original/DP244963.jpg,https://images.metmuseum.org/CRDImages/es/web-large/DP244963.jpg,0,https://www.metmuseum.org/art/collection/search/222602
227918,Tapestry with figurative scenes,Peruvian,17th century,,True,https://images.metmuseum.org/CRDImages/ad/original/DP108035.jpg,https://images.metmuseum.org/CRDImages/ad/web-large/DP108035.jpg,12,https://www.metmuseum.org/art/collection/search/227918
228931,Square,Peruvian,16th century,,True,https://images.metmuseum.org/CRDImages/ad/original/179595.jpg,https://images.metmuseum.org/CRDImages/ad/web-large/179595.jpg,0,https://www.metmuseum.org/art/collection/search/228931
229454,Towel,,15th–16th century,Textiles-Woven,True,https://images.metmuseum.org/CRDImages/es/original/204648.jpg,https://images.metmuseum.org/CRDImages/es/web-large/204648.jpg,0,https://www.metmuseum.org/art/collection/search/229454
229455,Towels,,15th–16th century,Textiles-Woven,True,https://images.metmuseum.org/CRDImages/es/original/203661.jpg,https://images.metmuseum.org/CRDImages/es/web-large/203661.jpg,0,https://www.metmuseum.org/art/collection/search/229455
229456,Towel,,15th–16th century,Textiles-Woven,True,https://images.metmuseum.org/CRDImages/es/original/203662.jpg,https://images.metmuseum.org/CRDImages/es/web-large/203662.jpg,0,https://www.metmuseum.org/art/collection/search/229456
230938,Seat cover,Peruvian,late 17th–early 18th century (?),,True,https://images.metmuseum.org/CRDImages/ad/original/DP108037.jpg,https://images.metmuseum.org/CRDImages/ad/web-large/DP108037.jpg,5,https://www.metmuseum.org/art/collection/search/230938
307447,Border Fragment,Peruvian; central coast (?),10th–15th century,Textiles-Woven,True,https://images.metmuseum.org/CRDImages/ao/original/vs82.1.1.jpg,https://images.metmuseum.org/CRDImages/ao/web-large/vs82.1.1.jpg,0,https://www.metmuseum.org/art/collection/search/307447
307448,Tunic,Chimú,12th–15th century,Textiles-Woven,True,https://images.metmuseum.org/CRDImages/ao/original/vs82_1_2.jpg,https://images.metmuseum.org/CRDImages/ao/web-large/vs82_1_2.jpg,0,https://www.metmuseum.org/art/collection/search/307448
307449,Bag,Inca,15th–16th century,Textiles-Woven,True,https://images.metmuseum.org/CRDImages/ao/original/50407.jpg,https://images.metmuseum.org/CRDImages/ao/web-large/50407.jpg,0,https://www.metmuseum.org/art/collection/search/307449
307450,"Textile Fragment, Figure",Lambayeque (Sicán),9th–13th century,Textiles-Woven,True,https://images.metmuseum.org/CRDImages/ao/original/LC-82_1_4 TMS.jpg,https://images.metmuseum.org/CRDImages/ao/web-large/LC-82_1_4 TMS.jpg,0,https://www.metmuseum.org/art/collection/search/307450
307451,"Textile Fragment, Figures",Peruvian; central coast (?),10th–15th century,Textiles-Woven,True,https://images.metmuseum.org/CRDImages/ao/original/DP246918.jpg,https://images.metmuseum.org/CRDImages/ao/web-large/DP246918.jpg,0,https://www.metmuseum.org/art/collection/search/307451
307452,"Textile Fragment, Figure",Lambayeque (Sicán),9th–13th century,Textiles-Woven,True,https://images.metmuseum.org/CRDImages/ao/original/LC-82_1_6_TMS.jpg,https://images.metmuseum.org/CRDImages/ao/web-large/LC-82_1_6_TMS.jpg,0,https://www.metmuseum.org/art/collection/search/307452
307454,Band Fragment,Chimú (?),10th–15th century,Textiles-Woven,True,https://images.metmuseum.org/CRDImages/ao/original/DP101358.jpg,https://images.metmuseum.org/CRDImages/ao/web-large/DP101358.jpg,1,https://www.metmuseum.org/art/collection/search/307454
307455,Border Fragment,Peruvian; central coast (?),10th–15th century,Textiles-Woven,True,https://images.metmuseum.org/CRDImages/ao/original/DP101330.jpg,https://images.metmuseum.org/CRDImages/ao/web-large/DP101330.jpg,0,https://www.metmuseum.org/art/collection/search/307455
307456,Border Fragment,Peruvian; central coast (?),10th–15th century,Textiles-Woven,True,https://images.metmuseum.org/CRDImages/ao/original/DP101359.jpg,https://images.metmuseum.org/CRDImages/ao/web-large/DP101359.jpg,1,https://www.metmuseum.org/art/collection/search/307456
307457,Border Fragment,Peruvian; central coast (?),10th–15th century,Textiles-Woven,True,https://images.metmuseum.org/CRDImages/ao/original/DP101360.jpg,https://images.metmuseum.org/CRDImages/ao/web-large/DP101360.jpg,0,https://www.metmuseum.org/art/collection/search/307457
307458,Band Fragment,Peruvian; central coast (?),10th–15th century,Textiles-Woven,True,https://images.metmuseum.org/CRDImages/ao/original/DP101361.jpg,https://images.metmuseum.org/CRDImages/ao/web-large/DP101361.jpg,0,https://www.metmuseum.org/art/collection/search/307458
307459,Panel,Peruvian; central coast (?),10th–15th century,Textiles-Woven,True,https://images.metmuseum.org/CRDImages/ao/original/50405.jpg,https://images.metmuseum.org/CRDImages/ao/web-large/50405.jpg,0,https://www.metmuseum.org/art/collection/search/307459
307460,Border Fragment,Peruvian; central coast (?),10th–15th century,Textiles-Woven,True,https://images.metmuseum.org/CRDImages/ao/original/DP101362.jpg,https://images.metmuseum.org/CRDImages/ao/web-large/DP101362.jpg,0,https://www.metmuseum.org/art/collection/search/307460
307461,Textile ornament,Ica,11th–15th century,Metal-Ornaments,True,https://images.metmuseum.org/CRDImages/ao/original/vs82_1_17_21.jpg,https://images.metmuseum.org/CRDImages/ao/web-large/vs82_1_17_21.jpg,0,https://www.metmuseum.org/art/collection/search/307461
307462,Textile ornament,Ica,11th–15th century,Metal-Ornaments,True,https://images.metmuseum.org/CRDImages/ao/original/vs82_1_17_21.jpg,https://images.metmuseum.org/CRDImages/ao/web-large/vs82_1_17_21.jpg,0,https://www.metmuseum.org/art/collection/search/307462
307463,Textile ornament,Ica,11th–15th century,Metal-Ornaments,True,https://images.metmuseum.org/CRDImages/ao/original/vs82_1_17_21.jpg,https://images.metmuseum.org/CRDImages/ao/web-large/vs82_1_17_21.jpg,0,https://www.metmuseum.org/art/collection/search/307463
307464,Textile ornament,Ica,11th–15th century,Metal-Ornaments,True,https://images.metmuseum.org/CRDImages/ao/original/vs82_1_17_21.jpg,https://images.metmuseum.org/CRDImages/ao/web-large/vs82_1_17_21.jpg,0,https://www.metmuseum.org/art/collection/search/307464
307465,"Textile ornaments, Corn Plants",Ica,11th–15th century,Metal-Ornaments,True,https://images.metmuseum.org/CRDImages/ao/original/vs82_1_17_21.jpg,https://images.metmuseum.org/CRDImages/ao/web-large/vs82_1_17_21.jpg,0,https://www.metmuseum.org/art/collection/search/307465
307471,Border Fragment,Chimú (?),10th–15th century,Textiles-Woven,True,https://images.metmuseum.org/CRDImages/ao/original/DP101363.jpg,https://images.metmuseum.org/CRDImages/ao/web-large/DP101363.jpg,0,https://www.metmuseum.org/art/collection/search/307471
307623,Textile Ornament,Chimú,14th–15th century,Metal-Ornaments,True,https://images.metmuseum.org/CRDImages/ao/original/64.228.229.JPG,https://images.metmuseum.org/CRDImages/ao/web-large/64.228.229.JPG,0,https://www.metmuseum.org/art/collection/search/307623
307624,Textile Ornament,Chimú (?),14th–15th century,Metal-Ornaments,True,https://images.metmuseum.org/CRDImages/ao/original/64.228.230.JPG,https://images.metmuseum.org/CRDImages/ao/web-large/64.228.230.JPG,0,https://www.metmuseum.org/art/collection/search/307624
307674,Panel with Face,Wari,7th–12th century,Textiles-Woven,True,https://images.metmuseum.org/CRDImages/ao/original/DP18625.jpg,https://images.metmuseum.org/CRDImages/ao/web-large/DP18625.jpg,2,https://www.metmuseum.org/art/collection/search/307674
307675,Panel,Wari,7th–12th century,Textiles-Woven,True,https://images.metmuseum.org/CRDImages/ao/original/DP18624.jpg,https://images.metmuseum.org/CRDImages/ao/web-large/DP18624.jpg,2,https://www.metmuseum.org/art/collection/search/307675
307676,Border Fragment,Paracas,1st century BCE–2nd century CE,Textiles-Trimmings,True,https://images.metmuseum.org/CRDImages/ao/original/DP170921.jpg,https://images.metmuseum.org/CRDImages/ao/web-large/DP170921.jpg,5,https://www.metmuseum.org/art/collection/search/307676
307677,Embroidered Mantle Fragment,Paracas,5th–2nd century BCE,Textiles-Woven,True,https://images.metmuseum.org/CRDImages/ao/original/DP18485.jpg,https://images.metmuseum.org/CRDImages/ao/web-large/DP18485.jpg,2,https://www.metmuseum.org/art/collection/search/307677
307678,Embroidered Mantle Fragment,Paracas,3rd–2nd century BCE,Textiles-Woven,True,https://images.metmuseum.org/CRDImages/ao/original/DP18486.jpg,https://images.metmuseum.org/CRDImages/ao/web-large/DP18486.jpg,1,https://www.metmuseum.org/art/collection/search/307678
307679,Embroidered Mantle Fragment,Paracas,5th–2nd century BCE,Textiles-Woven,True,https://images.metmuseum.org/CRDImages/ao/original/DP18487.jpg,https://images.metmuseum.org/CRDImages/ao/web-large/DP18487.jpg,1,https://www.metmuseum.org/art/collection/search/307679
307680,Embroidered Mantle Fragment,Paracas,3rd–2nd century BCE,Textiles-Woven,True,https://images.metmuseum.org/CRDImages/ao/original/DP18488.jpg,https://images.metmuseum.org/CRDImages/ao/web-large/DP18488.jpg,8,https://www.metmuseum.org/art/collection/search/307680
307681,Tunic Fragment,Wari,7th–9th century,Textiles-Woven,True,https://images.metmuseum.org/CRDImages/ao/original/DP18646.jpg,https://images.metmuseum.org/CRDImages/ao/web-large/DP18646.jpg,0,https://www.metmuseum.org/art/collection/search/307681
307682,Embroidered Border Fragment,Paracas,5th–2nd century BCE,Textiles-Woven,True,https://images.metmuseum.org/CRDImages/ao/original/DP170923.jpg,https://images.metmuseum.org/CRDImages/ao/web-large/DP170923.jpg,2,https://www.metmuseum.org/art/collection/search/307682
307683,Embroidered Mantle Fragment,Paracas,5th–2nd century BCE,Textiles-Woven,True,https://images.metmuseum.org/CRDImages/ao/original/33.149.76-94.jpg,https://images.metmuseum.org/CRDImages/ao/web-large/33.149.76-94.jpg,1,https://www.metmuseum.org/art/collection/search/307683
307684,Tapestry Fragment,Chimú,12th–15th century,Textiles-Woven,True,https://images.metmuseum.org/CRDImages/ao/original/97550.jpg,https://images.metmuseum.org/CRDImages/ao/web-large/97550.jpg,0,https://www.metmuseum.org/art/collection/search/307684
307685,Tapestry Fragment,Peru; central coast (?),10th–15th century,Textiles-Woven,True,https://images.metmuseum.org/CRDImages/ao/original/97551.jpg,https://images.metmuseum.org/CRDImages/ao/web-large/97551.jpg,0,https://www.metmuseum.org/art/collection/search/307685
307798,Band Fragment,Peruvian; central coast (?),10th–15th century,Textiles-Woven,True,https://images.metmuseum.org/CRDImages/ao/original/vs09_50_1043.jpg,https://images.metmuseum.org/CRDImages/ao/web-large/vs09_50_1043.jpg,0,https://www.metmuseum.org/art/collection/search/307798
307799,Band Fragment,Peru; central coast (?),10th–15th century,Textiles-Woven,True,https://images.metmuseum.org/CRDImages/ao/original/DP101331.jpg,https://images.metmuseum.org/CRDImages/ao/web-large/DP101331.jpg,0,https://www.metmuseum.org/art/collection/search/307799
307800,Border Fragment,Chimú (?),10th–15th century,Textiles-Woven,True,https://images.metmuseum.org/CRDImages/ao/original/vs09_50_1045a.jpg,https://images.metmuseum.org/CRDImages/ao/web-large/vs09_50_1045a.jpg,0,https://www.metmuseum.org/art/collection/search/307800
307801,Band Fragment,Peru; central coast (?),10th–15th century,Textiles-Woven,True,https://images.metmuseum.org/CRDImages/ao/original/vs09_50_1046.jpg,https://images.metmuseum.org/CRDImages/ao/web-large/vs09_50_1046.jpg,0,https://www.metmuseum.org/art/collection/search/307801
307802,Tapestry Fragment,Peru; central coast (?),10th–15th century,Textiles-Woven,True,https://images.metmuseum.org/CRDImages/ao/original/vs09_50_1047.jpg,https://images.metmuseum.org/CRDImages/ao/web-large/vs09_50_1047.jpg,0,https://www.metmuseum.org/art/collection/search/307802
307803,Tapestry Band Fragment,Peru; central coast (?),10th–15th century,Textiles-Woven,True,https://images.metmuseum.org/CRDImages/ao/original/vs09_50_1048.jpg,https://images.metmuseum.org/CRDImages/ao/web-large/vs09_50_1048.jpg,0,https://www.metmuseum.org/art/collection/search/307803
307804,Tapestry Fragment,Peru; south coast,10th–15th century,Textiles-Woven,True,https://images.metmuseum.org/CRDImages/ao/original/vs09_50_1056.jpg,https://images.metmuseum.org/CRDImages/ao/web-large/vs09_50_1056.jpg,0,https://www.metmuseum.org/art/collection/search/307804
307805,Bag,Peru; central coast (?),10th–15th century,Textiles-Woven,True,"https://images.metmuseum.org/CRDImages/ao/original/DP18708_09.50.1084,1.jpg","https://images.metmuseum.org/CRDImages/ao/web-large/DP18708_09.50.1084,1.jpg",0,https://www.metmuseum.org/art/collection/search/307805
307806,Tapestry Border Fragment with Tab Fringes,Chancay,12th–14th century,Textiles-Woven,True,https://images.metmuseum.org/CRDImages/ao/original/vs09_50_1085.jpg,https://images.metmuseum.org/CRDImages/ao/web-large/vs09_50_1085.jpg,0,https://www.metmuseum.org/art/collection/search/307806
307807,Tapestry Fragment with Fringe,Peru; central coast (?),10th–15th century,Textiles-Woven,True,https://images.metmuseum.org/CRDImages/ao/original/DP101332.jpg,https://images.metmuseum.org/CRDImages/ao/web-large/DP101332.jpg,0,https://www.metmuseum.org/art/collection/search/307807
307808,Braided Head Cord or Fillet,Peru; central coast (?),10th–14th century,Textiles-Woven,True,https://images.metmuseum.org/CRDImages/ao/original/DP101283.jpg,https://images.metmuseum.org/CRDImages/ao/web-large/DP101283.jpg,0,https://www.metmuseum.org/art/collection/search/307808
307809,Gauze Panel,Peru; central coast (?),10th–15th century,Textiles-Woven,True,https://images.metmuseum.org/CRDImages/ao/original/vs09_50_1088.jpg,https://images.metmuseum.org/CRDImages/ao/web-large/vs09_50_1088.jpg,0,https://www.metmuseum.org/art/collection/search/307809
307811,Cloth Fragment,Peru; central coast (?),14th–15th century,Textiles-Woven,True,https://images.metmuseum.org/CRDImages/ao/original/DP101284.jpg,https://images.metmuseum.org/CRDImages/ao/web-large/DP101284.jpg,0,https://www.metmuseum.org/art/collection/search/307811
307812,Woven Fragment,Peru; central coast (?),14th–15th century,Textiles-Woven,True,https://images.metmuseum.org/CRDImages/ao/original/DP101333.jpg,https://images.metmuseum.org/CRDImages/ao/web-large/DP101333.jpg,0,https://www.metmuseum.org/art/collection/search/307812
307813,Tapestry Fragment,Peru; south coast,10th–15th century,Textiles-Woven,True,https://images.metmuseum.org/CRDImages/ao/original/vs09_50_2121.jpg,https://images.metmuseum.org/CRDImages/ao/web-large/vs09_50_2121.jpg,0,https://www.metmuseum.org/art/collection/search/307813
307814,Tapestry Fragment,Peru; central coast (?),10th–15th century,Textiles-Woven,True,https://images.metmuseum.org/CRDImages/ao/original/DP101334.jpg,https://images.metmuseum.org/CRDImages/ao/web-large/DP101334.jpg,1,https://www.metmuseum.org/art/collection/search/307814
307815,Tapestry Fragment,Peru; south coast,10th–15th century,Textiles-Woven,True,https://images.metmuseum.org/CRDImages/ao/original/vs09_50_2123.jpg,https://images.metmuseum.org/CRDImages/ao/web-large/vs09_50_2123.jpg,0,https://www.metmuseum.org/art/collection/search/307815
307816,Tapestry Fragment,Peru; central coast (?),10th–15th century,Textiles-Woven,True,https://images.metmuseum.org/CRDImages/ao/original/vs09_50_2124.jpg,https://images.metmuseum.org/CRDImages/ao/web-large/vs09_50_2124.jpg,0,https://www.metmuseum.org/art/collection/search/307816
307817,Tapestry Fragment,Peru; central coast (?),10th–15th century,Textiles-Woven,True,https://images.metmuseum.org/CRDImages/ao/original/vs09_50_2125.jpg,https://images.metmuseum.org/CRDImages/ao/web-large/vs09_50_2125.jpg,0,https://www.metmuseum.org/art/collection/search/307817
307818,Tapestry Fragment,Peru; central coast (?),10th–15th century,Textiles-Woven,True,https://images.metmuseum.org/CRDImages/ao/original/vs09_50_2126.jpg,https://images.metmuseum.org/CRDImages/ao/web-large/vs09_50_2126.jpg,0,https://www.metmuseum.org/art/collection/search/307818
307819,Tapestry Fragment,Peru; central coast (?),10th–15th century,Textiles-Woven,True,https://images.metmuseum.org/CRDImages/ao/original/DP101285.jpg,https://images.metmuseum.org/CRDImages/ao/web-large/DP101285.jpg,0,https://www.metmuseum.org/art/collection/search/307819
307820,Tapestry Fragment,Chimú,12th–15th century,Textiles-Woven,True,https://images.metmuseum.org/CRDImages/ao/original/LC-09_50_2128_TMSa.jpg,https://images.metmuseum.org/CRDImages/ao/web-large/LC-09_50_2128_TMSa.jpg,1,https://www.metmuseum.org/art/collection/search/307820
307821,Tapestry Fragment,Peru; central coast (?),10th–15th century,Textiles-Woven,True,https://images.metmuseum.org/CRDImages/ao/original/vs09_50_2129.jpg,https://images.metmuseum.org/CRDImages/ao/web-large/vs09_50_2129.jpg,0,https://www.metmuseum.org/art/collection/search/307821
307822,Braided and Knotted Head Cord or Fillet,Peru; central coast (?),10th–15th century,Textiles-Woven,True,https://images.metmuseum.org/CRDImages/ao/original/DP101286.jpg,https://images.metmuseum.org/CRDImages/ao/web-large/DP101286.jpg,1,https://www.metmuseum.org/art/collection/search/307822
307823,Cap (fragment),Peru; central coast (?),before 1530,Textiles-Woven,True,https://images.metmuseum.org/CRDImages/ao/original/DP18576_09.50.2148.jpg,https://images.metmuseum.org/CRDImages/ao/web-large/DP18576_09.50.2148.jpg,1,https://www.metmuseum.org/art/collection/search/307823
307824,Woven Panel,Peru; central coast (?),10th–15th century,Textiles-Woven,True,https://images.metmuseum.org/CRDImages/ao/original/vs09_50_2682.jpg,https://images.metmuseum.org/CRDImages/ao/web-large/vs09_50_2682.jpg,0,https://www.metmuseum.org/art/collection/search/307824
307836,Bag,Peruvian,19th century,Textiles-Woven,True,https://images.metmuseum.org/CRDImages/ao/original/DP101287.jpg,https://images.metmuseum.org/CRDImages/ao/web-large/DP101287.jpg,0,https://www.metmuseum.org/art/collection/search/307836
307841,Fringed Bag,Nasca,7th century,Textiles-Woven,True,https://images.metmuseum.org/CRDImages/ao/original/DP18589.jpg,https://images.metmuseum.org/CRDImages/ao/web-large/DP18589.jpg,1,https://www.metmuseum.org/art/collection/search/307841
307842,Bag,Peruvian,10th–15th century,Textiles-Woven,True,https://images.metmuseum.org/CRDImages/ao/original/DP18689.jpg,https://images.metmuseum.org/CRDImages/ao/web-large/DP18689.jpg,0,https://www.metmuseum.org/art/collection/search/307842
307843,Tapestry Bag with Fringes,Nasca,8th–9th century,Textiles-Woven,True,https://images.metmuseum.org/CRDImages/ao/original/DP18590.jpg,https://images.metmuseum.org/CRDImages/ao/web-large/DP18590.jpg,0,https://www.metmuseum.org/art/collection/search/307843
307844,Fringed Bag,Nasca,7th century,Textiles-Woven,True,https://images.metmuseum.org/CRDImages/ao/original/DP18605.jpg,https://images.metmuseum.org/CRDImages/ao/web-large/DP18605.jpg,1,https://www.metmuseum.org/art/collection/search/307844
307845,Tapestry Bag,Nasca,7th century,Textiles-Woven,True,https://images.metmuseum.org/CRDImages/ao/original/DP18606.jpg,https://images.metmuseum.org/CRDImages/ao/web-large/DP18606.jpg,2,https://www.metmuseum.org/art/collection/search/307845
307846,Panel with Birds,Inca,15th–16th century,Textiles-Woven,True,https://images.metmuseum.org/CRDImages/ao/original/88392.jpg,https://images.metmuseum.org/CRDImages/ao/web-large/88392.jpg,0,https://www.metmuseum.org/art/collection/search/307846
307847,Tapestry Panel Fragment,Peru; central coast (?),10th–15th century,Textiles-Woven,True,https://images.metmuseum.org/CRDImages/ao/original/88431.jpg,https://images.metmuseum.org/CRDImages/ao/web-large/88431.jpg,0,https://www.metmuseum.org/art/collection/search/307847
307848,Embroidered Panel Fragment,Peru; north coast (?),10th–15th century,Textiles-Woven,True,https://images.metmuseum.org/CRDImages/ao/original/88390.jpg,https://images.metmuseum.org/CRDImages/ao/web-large/88390.jpg,1,https://www.metmuseum.org/art/collection/search/307848
307849,Gauze and Brocade Mantle Fragment,Chimú,12th–15th century,Textiles-Woven,True,https://images.metmuseum.org/CRDImages/ao/original/LC-32_32_25_TMSa.jpg,https://images.metmuseum.org/CRDImages/ao/web-large/LC-32_32_25_TMSa.jpg,2,https://www.metmuseum.org/art/collection/search/307849
307850,Mantle Fragment,Paracas,5th–3rd century BCE,Textiles-Woven,True,https://images.metmuseum.org/CRDImages/ao/original/SC66680.jpg,https://images.metmuseum.org/CRDImages/ao/web-large/SC66680.jpg,4,https://www.metmuseum.org/art/collection/search/307850
307851,Embroidered Mantle Fragment,Paracas,3rd–2nd century BCE,Textiles-Woven,True,https://images.metmuseum.org/CRDImages/ao/original/DP18456.jpg,https://images.metmuseum.org/CRDImages/ao/web-large/DP18456.jpg,0,https://www.metmuseum.org/art/collection/search/307851
307852,Embroidered Mantle Fragment,Paracas,5th–2nd century BCE,Textiles-Woven,True,https://images.metmuseum.org/CRDImages/ao/original/DP18481.jpg,https://images.metmuseum.org/CRDImages/ao/web-large/DP18481.jpg,1,https://www.metmuseum.org/art/collection/search/307852
307853,Embroidered Fragment,Paracas,5th–2nd century BCE,Textiles-Woven,True,https://images.metmuseum.org/CRDImages/ao/original/DP18565.jpg,https://images.metmuseum.org/CRDImages/ao/web-large/DP18565.jpg,1,https://www.metmuseum.org/art/collection/search/307853
307854,Embroidered Mantle Fragment,Paracas,3rd–2nd century BCE,Textiles-Woven,True,https://images.metmuseum.org/CRDImages/ao/original/DP18457.jpg,https://images.metmuseum.org/CRDImages/ao/web-large/DP18457.jpg,1,https://www.metmuseum.org/art/collection/search/307854
307855,Embroidered Mantle Fragment,Paracas,3rd–2nd century BCE,Textiles-Woven,True,https://images.metmuseum.org/CRDImages/ao/original/DP18458.jpg,https://images.metmuseum.org/CRDImages/ao/web-large/DP18458.jpg,1,https://www.metmuseum.org/art/collection/search/307855
307886,Gauze Fragment,Peru; central coast (?),10th–15th century,Textiles-Woven,True,https://images.metmuseum.org/CRDImages/ao/original/DP101288.jpg,https://images.metmuseum.org/CRDImages/ao/web-large/DP101288.jpg,0,https://www.metmuseum.org/art/collection/search/307886
307887,Sash,Chimú,12th–15th century,Textiles-Woven,True,https://images.metmuseum.org/CRDImages/ao/original/LC-19_143_TMS.jpg,https://images.metmuseum.org/CRDImages/ao/web-large/LC-19_143_TMS.jpg,0,https://www.metmuseum.org/art/collection/search/307887
307901,Headband,Wari,9th–10th century,Textiles-Woven,True,https://images.metmuseum.org/CRDImages/ao/original/DP18692_24.94.jpg,https://images.metmuseum.org/CRDImages/ao/web-large/DP18692_24.94.jpg,0,https://www.metmuseum.org/art/collection/search/307901
307907,Tapestry Loincloth Fragment,Peru; central coast (?),10th–15th century,Textiles-Woven,True,https://images.metmuseum.org/CRDImages/ao/original/70698.jpg,https://images.metmuseum.org/CRDImages/ao/web-large/70698.jpg,0,https://www.metmuseum.org/art/collection/search/307907
307908,Tapestry Sleeveless Tunic,Peru; central coast (?),10th–15th century,Textiles-Woven,True,https://images.metmuseum.org/CRDImages/ao/original/70699.jpg,https://images.metmuseum.org/CRDImages/ao/web-large/70699.jpg,1,https://www.metmuseum.org/art/collection/search/307908
307909,Tapestry Panel with Spotted Cat,Chimú,12th–15th century,Textiles-Woven,True,https://images.metmuseum.org/CRDImages/ao/original/LC-28_64_3_TMSa.jpg,https://images.metmuseum.org/CRDImages/ao/web-large/LC-28_64_3_TMSa.jpg,1,https://www.metmuseum.org/art/collection/search/307909
307910,Band Fragment with Tufts,Lambayeque (Sicán),9th–13th century,Textiles-Woven,True,https://images.metmuseum.org/CRDImages/ao/original/LC-28_64_4_TMS.jpg,https://images.metmuseum.org/CRDImages/ao/web-large/LC-28_64_4_TMS.jpg,1,https://www.metmuseum.org/art/collection/search/307910
307911,Tapestry Fragment,Chimú (?),10th–15th century,Textiles-Woven,True,https://images.metmuseum.org/CRDImages/ao/original/LC-28_64_5_TMSa.jpg,https://images.metmuseum.org/CRDImages/ao/web-large/LC-28_64_5_TMSa.jpg,0,https://www.metmuseum.org/art/collection/search/307911
307912,Tapestry Fragment,Peru; central coast (?),10th–15th century,Textiles-Woven,True,https://images.metmuseum.org/CRDImages/ao/original/70771.jpg,https://images.metmuseum.org/CRDImages/ao/web-large/70771.jpg,0,https://www.metmuseum.org/art/collection/search/307912
307913,Tapestry Fragment,Peru; central coast (?),10th–15th century,Textiles-Woven,True,https://images.metmuseum.org/CRDImages/ao/original/70729.jpg,https://images.metmuseum.org/CRDImages/ao/web-large/70729.jpg,0,https://www.metmuseum.org/art/collection/search/307913
307914,Tapestry Panel with Birds,Central Coast,12th–15th century,Textiles-Woven,True,https://images.metmuseum.org/CRDImages/ao/original/LC-28_64_8_TMS.jpg,https://images.metmuseum.org/CRDImages/ao/web-large/LC-28_64_8_TMS.jpg,0,https://www.metmuseum.org/art/collection/search/307914
307915,Tapestry Fragment with Figures,Chimú,12th–15th century,Textiles-Woven,True,https://images.metmuseum.org/CRDImages/ao/original/LC-28_64_9_TMS.jpg,https://images.metmuseum.org/CRDImages/ao/web-large/LC-28_64_9_TMS.jpg,0,https://www.metmuseum.org/art/collection/search/307915
307916,Tapestry Fragment,Peru; central coast (?),10th–15th century,Textiles-Woven,True,https://images.metmuseum.org/CRDImages/ao/original/70700.jpg,https://images.metmuseum.org/CRDImages/ao/web-large/70700.jpg,0,https://www.metmuseum.org/art/collection/search/307916
307917,Tapestry Fragment,Peru; central coast (?),10th–15th century,Textiles-Woven,True,https://images.metmuseum.org/CRDImages/ao/original/70701.jpg,https://images.metmuseum.org/CRDImages/ao/web-large/70701.jpg,0,https://www.metmuseum.org/art/collection/search/307917
307918,Tapestry Fragment with Plumed Figure,Peru; central coast (?),10th–15th century,Textiles-Woven,True,https://images.metmuseum.org/CRDImages/ao/original/70702.jpg,https://images.metmuseum.org/CRDImages/ao/web-large/70702.jpg,0,https://www.metmuseum.org/art/collection/search/307918
307919,Tapestry Fragment with Plumed Figure,Lambayeque (Sicán),9th–13th century,Textiles-Woven,True,https://images.metmuseum.org/CRDImages/ao/original/LC-28_64_13_TMS.jpg,https://images.metmuseum.org/CRDImages/ao/web-large/LC-28_64_13_TMS.jpg,1,https://www.metmuseum.org/art/collection/search/307919
307920,Tapestry Fragment,Lambayeque (Sicán),9th–13th century,Textiles-Woven,True,https://images.metmuseum.org/CRDImages/ao/original/LC-28_64_14_TMS.jpg,https://images.metmuseum.org/CRDImages/ao/web-large/LC-28_64_14_TMS.jpg,1,https://www.metmuseum.org/art/collection/search/307920
307921,Tapestry Fragment with Plumed Figure,Chimú,12th–15th century,Textiles-Woven,True,https://images.metmuseum.org/CRDImages/ao/original/LC-28_64_15_TMSa.jpg,https://images.metmuseum.org/CRDImages/ao/web-large/LC-28_64_15_TMSa.jpg,0,https://www.metmuseum.org/art/collection/search/307921
307922,Tapestry Fragment with Plumed Figure,Lambayeque (Sicán),9th–13th century,Textiles-Woven,True,https://images.metmuseum.org/CRDImages/ao/original/LC-28_64_16_TMS.jpg,https://images.metmuseum.org/CRDImages/ao/web-large/LC-28_64_16_TMS.jpg,1,https://www.metmuseum.org/art/collection/search/307922
307923,Woven Fragment,Lambayeque (Sicán),9th–13th century,Textiles-Woven,True,https://images.metmuseum.org/CRDImages/ao/original/LC-28_64_17_TMS.jpg,https://images.metmuseum.org/CRDImages/ao/web-large/LC-28_64_17_TMS.jpg,1,https://www.metmuseum.org/art/collection/search/307923
307924,Tapestry Fragment with Plumed Figure,Lambayeque (Sicán),9th–13th century,Textiles-Woven,True,https://images.metmuseum.org/CRDImages/ao/original/LC-28_64_18_TMS.jpg,https://images.metmuseum.org/CRDImages/ao/web-large/LC-28_64_18_TMS.jpg,1,https://www.metmuseum.org/art/collection/search/307924
307925,Tapestry Fragment with Plumed Figure,Lambayeque (Sicán),9th–13th century,Textiles-Woven,True,https://images.metmuseum.org/CRDImages/ao/original/LC-28_64_19_TMSa.jpg,https://images.metmuseum.org/CRDImages/ao/web-large/LC-28_64_19_TMSa.jpg,1,https://www.metmuseum.org/art/collection/search/307925
307926,Brocade Fragment,Chimú,12th–15th century,Textiles-Woven,True,https://images.metmuseum.org/CRDImages/ao/original/70710.jpg,https://images.metmuseum.org/CRDImages/ao/web-large/70710.jpg,1,https://www.metmuseum.org/art/collection/search/307926
307927,Tapestry Panel Fragment,Peru; central coast (?),10th–15th century,Textiles-Woven,True,https://images.metmuseum.org/CRDImages/ao/original/DP101352.jpg,https://images.metmuseum.org/CRDImages/ao/web-large/DP101352.jpg,0,https://www.metmuseum.org/art/collection/search/307927
307928,Tapestry Band Fragment with Grotesque Heads,Peru; central coast (?),10th–15th century,Textiles-Woven,True,https://images.metmuseum.org/CRDImages/ao/original/LC-28_64_22_TMSa.jpg,https://images.metmuseum.org/CRDImages/ao/web-large/LC-28_64_22_TMSa.jpg,0,https://www.metmuseum.org/art/collection/search/307928
307929,Tapestry Fragment with Figure,Central Coast,12th–15th century,Textiles-Woven,True,https://images.metmuseum.org/CRDImages/ao/original/LC-28_64_23_TMS.jpg,https://images.metmuseum.org/CRDImages/ao/web-large/LC-28_64_23_TMS.jpg,1,https://www.metmuseum.org/art/collection/search/307929
307930,Tapestry Fragment with Plumed Figure,Chimú,12th–15th century,Textiles-Woven,True,https://images.metmuseum.org/CRDImages/ao/original/LC-28_64_24_TMSa.jpg,https://images.metmuseum.org/CRDImages/ao/web-large/LC-28_64_24_TMSa.jpg,1,https://www.metmuseum.org/art/collection/search/307930
307931,Brocade Fragment with Plumed Figure,Chimú,15th–16th century,Textiles-Woven,True,https://images.metmuseum.org/CRDImages/ao/original/70715.jpg,https://images.metmuseum.org/CRDImages/ao/web-large/70715.jpg,0,https://www.metmuseum.org/art/collection/search/307931
307932,Tapestry Fragment,Lambayeque (Sicán),9th–13th century,Textiles-Woven,True,https://images.metmuseum.org/CRDImages/ao/original/LC-28_64_26_TMS.jpg,https://images.metmuseum.org/CRDImages/ao/web-large/LC-28_64_26_TMS.jpg,1,https://www.metmuseum.org/art/collection/search/307932
307933,Tapestry Fragment with Figures,Nasca (?),10th–15th century,Textiles-Woven,True,https://images.metmuseum.org/CRDImages/ao/original/LC-28_64_27_TMSa.jpg,https://images.metmuseum.org/CRDImages/ao/web-large/LC-28_64_27_TMSa.jpg,0,https://www.metmuseum.org/art/collection/search/307933
307934,Tapestry Fragment with Plumed Figure,Chimú,12th–15th century,Textiles-Woven,True,https://images.metmuseum.org/CRDImages/ao/original/LC-28_64_28_TMSa.jpg,https://images.metmuseum.org/CRDImages/ao/web-large/LC-28_64_28_TMSa.jpg,0,https://www.metmuseum.org/art/collection/search/307934
307935,Tapestry Fragment with Figure,Chimú,12th–15th century,Textiles-Woven,True,https://images.metmuseum.org/CRDImages/ao/original/LC-28_64_29_TMSa.jpg,https://images.metmuseum.org/CRDImages/ao/web-large/LC-28_64_29_TMSa.jpg,1,https://www.metmuseum.org/art/collection/search/307935
307936,Doublecloth Scarf,Peru; central coast (?),10th–15th century,Textiles-Woven,True,https://images.metmuseum.org/CRDImages/ao/original/70720.jpg,https://images.metmuseum.org/CRDImages/ao/web-large/70720.jpg,0,https://www.metmuseum.org/art/collection/search/307936
307938,Tapestry Band Fragment,Peru; central coast (?),10th–15th century,Textiles-Woven,True,https://images.metmuseum.org/CRDImages/ao/original/DP101348.jpg,https://images.metmuseum.org/CRDImages/ao/web-large/DP101348.jpg,0,https://www.metmuseum.org/art/collection/search/307938
307939,Tapestry Band Fragment,Lambayeque (Sicán),9th–13th century,Textiles-Woven,True,https://images.metmuseum.org/CRDImages/ao/original/72152.jpg,https://images.metmuseum.org/CRDImages/ao/web-large/72152.jpg,0,https://www.metmuseum.org/art/collection/search/307939
307940,Fragment,Chancay,12th–14th century,Textiles-Woven,True,https://images.metmuseum.org/CRDImages/ao/original/72153.jpg,https://images.metmuseum.org/CRDImages/ao/web-large/72153.jpg,0,https://www.metmuseum.org/art/collection/search/307940
307941,Bag Tassel,Inca,15th–16th century,Textiles-Woven,True,"https://images.metmuseum.org/CRDImages/ao/original/DP18687_28.171.4,1.jpg","https://images.metmuseum.org/CRDImages/ao/web-large/DP18687_28.171.4,1.jpg",1,https://www.metmuseum.org/art/collection/search/307941
307942,Tapestry Panel Fragment,Chimú,12th–15th century,Textiles-Woven,True,https://images.metmuseum.org/CRDImages/ao/original/LC-28_171_5_TMSa.jpg,https://images.metmuseum.org/CRDImages/ao/web-large/LC-28_171_5_TMSa.jpg,1,https://www.metmuseum.org/art/collection/search/307942
307943,Fragment,Chancay,12th–14th century,Textiles-Woven,True,https://images.metmuseum.org/CRDImages/ao/original/DP101351.jpg,https://images.metmuseum.org/CRDImages/ao/web-large/DP101351.jpg,0,https://www.metmuseum.org/art/collection/search/307943
307944,Sash,Chimú,10th–15th century,Textiles-Woven,True,https://images.metmuseum.org/CRDImages/ao/original/LC-28_171_7_TMSa.jpg,https://images.metmuseum.org/CRDImages/ao/web-large/LC-28_171_7_TMSa.jpg,1,https://www.metmuseum.org/art/collection/search/307944
307945,Band Fragments,Chimú,12th–15th century,Textiles-Woven,True,https://images.metmuseum.org/CRDImages/ao/original/LC-28_171_8_TMSa.jpg,https://images.metmuseum.org/CRDImages/ao/web-large/LC-28_171_8_TMSa.jpg,1,https://www.metmuseum.org/art/collection/search/307945
307946,Mantle,Peru; central coast (?),10th–15th century,Textiles-Woven,True,https://images.metmuseum.org/CRDImages/ao/original/72156.jpg,https://images.metmuseum.org/CRDImages/ao/web-large/72156.jpg,1,https://www.metmuseum.org/art/collection/search/307946
307947,Panel Fragments,Peru; central coast (?),10th–15th century,Textiles-Woven,True,https://images.metmuseum.org/CRDImages/ao/original/vs28_171_10.jpg,https://images.metmuseum.org/CRDImages/ao/web-large/vs28_171_10.jpg,1,https://www.metmuseum.org/art/collection/search/307947
307948,Panel Fragment,Peru; central coast (?),10th–15th century,Textiles-Woven,True,https://images.metmuseum.org/CRDImages/ao/original/78551.jpg,https://images.metmuseum.org/CRDImages/ao/web-large/78551.jpg,1,https://www.metmuseum.org/art/collection/search/307948
307949,Panel Fragment,Peru; central coast (?),10th–15th century,Textiles-Woven,True,https://images.metmuseum.org/CRDImages/ao/original/DP101350.jpg,https://images.metmuseum.org/CRDImages/ao/web-large/DP101350.jpg,0,https://www.metmuseum.org/art/collection/search/307949
307950,Tunic,Nasca,7th century,Textiles-Woven,True,https://images.metmuseum.org/CRDImages/ao/original/DP233569.jpg,https://images.metmuseum.org/CRDImages/ao/web-large/DP233569.jpg,1,https://www.metmuseum.org/art/collection/search/307950
307952,Tunic Fragment,Nasca (?),8th–9th century,Textiles-Woven,True,https://images.metmuseum.org/CRDImages/ao/original/DP18638.jpg,https://images.metmuseum.org/CRDImages/ao/web-large/DP18638.jpg,1,https://www.metmuseum.org/art/collection/search/307952
307953,Fragmentary Band,Nasca,2nd century BCE,Textiles-Woven,True,https://images.metmuseum.org/CRDImages/ao/original/DP18444.jpg,https://images.metmuseum.org/CRDImages/ao/web-large/DP18444.jpg,1,https://www.metmuseum.org/art/collection/search/307953
307954,Tunic Fragment,Wari,7th–9th century,Textiles-Woven,True,https://images.metmuseum.org/CRDImages/ao/original/DP18623.jpg,https://images.metmuseum.org/CRDImages/ao/web-large/DP18623.jpg,1,https://www.metmuseum.org/art/collection/search/307954
307955,Band Fragment,Peru; central coast (?),10th–15th century,Textiles-Woven,True,https://images.metmuseum.org/CRDImages/ao/original/DP101299.jpg,https://images.metmuseum.org/CRDImages/ao/web-large/DP101299.jpg,1,https://www.metmuseum.org/art/collection/search/307955
307956,Band Fragment,Recuay,4th–6th century,Textiles-Woven,True,https://images.metmuseum.org/CRDImages/ao/original/LC-29_146_5_TMSa.jpg,https://images.metmuseum.org/CRDImages/ao/web-large/LC-29_146_5_TMSa.jpg,1,https://www.metmuseum.org/art/collection/search/307956
307957,Sash or Headband,Nasca,7th century,Textiles-Woven,True,https://images.metmuseum.org/CRDImages/ao/original/29.146.6.jpg,https://images.metmuseum.org/CRDImages/ao/web-large/29.146.6.jpg,2,https://www.metmuseum.org/art/collection/search/307957
307958,Sash or Headband,Nasca,8th–9th century,Textiles-Woven,True,https://images.metmuseum.org/CRDImages/ao/original/29.146.7.jpg,https://images.metmuseum.org/CRDImages/ao/web-large/29.146.7.jpg,0,https://www.metmuseum.org/art/collection/search/307958
307959,Sash or Headband,Nasca,7th century,Textiles-Woven,True,https://images.metmuseum.org/CRDImages/ao/original/29.146.8.jpg,https://images.metmuseum.org/CRDImages/ao/web-large/29.146.8.jpg,1,https://www.metmuseum.org/art/collection/search/307959
307960,Band Fragment,Nasca,7th century,Textiles-Woven,True,https://images.metmuseum.org/CRDImages/ao/original/29.146.9.jpg,https://images.metmuseum.org/CRDImages/ao/web-large/29.146.9.jpg,1,https://www.metmuseum.org/art/collection/search/307960
307961,Band Fragment,Nasca,7th century,Textiles-Woven,True,https://images.metmuseum.org/CRDImages/ao/original/75153.jpg,https://images.metmuseum.org/CRDImages/ao/web-large/75153.jpg,1,https://www.metmuseum.org/art/collection/search/307961
307962,Bag Fragment,Nasca,7th century,Textiles-Woven,True,https://images.metmuseum.org/CRDImages/ao/original/29.146.11.jpg,https://images.metmuseum.org/CRDImages/ao/web-large/29.146.11.jpg,0,https://www.metmuseum.org/art/collection/search/307962
307963,Bag,Nasca,8th–9th century,Textiles-Woven,True,https://images.metmuseum.org/CRDImages/ao/original/DP18609.jpg,https://images.metmuseum.org/CRDImages/ao/web-large/DP18609.jpg,2,https://www.metmuseum.org/art/collection/search/307963
307964,Band Fragment,Nasca,7th century,Textiles-Woven,True,https://images.metmuseum.org/CRDImages/ao/original/DP18634.jpg,https://images.metmuseum.org/CRDImages/ao/web-large/DP18634.jpg,0,https://www.metmuseum.org/art/collection/search/307964
307965,Band Fragment,Nasca,7th century,Textiles-Woven,True,https://images.metmuseum.org/CRDImages/ao/original/DP18634.jpg,https://images.metmuseum.org/CRDImages/ao/web-large/DP18634.jpg,0,https://www.metmuseum.org/art/collection/search/307965
307966,Band Fragment,Nasca,7th century,Textiles-Woven,True,https://images.metmuseum.org/CRDImages/ao/original/29.146.14 -15.jpg,https://images.metmuseum.org/CRDImages/ao/web-large/29.146.14 -15.jpg,1,https://www.metmuseum.org/art/collection/search/307966
307967,Band Fragment,Nasca,7th century,Textiles-Woven,True,https://images.metmuseum.org/CRDImages/ao/original/29.146.14 -15.jpg,https://images.metmuseum.org/CRDImages/ao/web-large/29.146.14 -15.jpg,1,https://www.metmuseum.org/art/collection/search/307967
307968,Band Fragment,Nasca,7th century,Textiles-Woven,True,https://images.metmuseum.org/CRDImages/ao/original/29.146.16.jpg,https://images.metmuseum.org/CRDImages/ao/web-large/29.146.16.jpg,2,https://www.metmuseum.org/art/collection/search/307968
307969,Border Fragment,Nasca,2nd century BCE,Textiles-Woven,True,https://images.metmuseum.org/CRDImages/ao/original/DP18504.jpg,https://images.metmuseum.org/CRDImages/ao/web-large/DP18504.jpg,3,https://www.metmuseum.org/art/collection/search/307969
307970,Border Fragment,Nasca,2nd century BCE,Textiles-Woven,True,https://images.metmuseum.org/CRDImages/ao/original/DP218997.jpg,https://images.metmuseum.org/CRDImages/ao/web-large/DP218997.jpg,8,https://www.metmuseum.org/art/collection/search/307970
307971,Border Fragments,Nasca,2nd century BCE,Textiles-Woven,True,https://images.metmuseum.org/CRDImages/ao/original/DP18443.jpg,https://images.metmuseum.org/CRDImages/ao/web-large/DP18443.jpg,1,https://www.metmuseum.org/art/collection/search/307971
307972,Band Fragment,Nasca,7th century,Textiles-Woven,True,https://images.metmuseum.org/CRDImages/ao/original/DP18617.jpg,https://images.metmuseum.org/CRDImages/ao/web-large/DP18617.jpg,1,https://www.metmuseum.org/art/collection/search/307972
307973,Band Fragment,Nasca,1st century BCE–7th century CE,Textiles-Woven,True,https://images.metmuseum.org/CRDImages/ao/original/DP18563.jpg,https://images.metmuseum.org/CRDImages/ao/web-large/DP18563.jpg,1,https://www.metmuseum.org/art/collection/search/307973
307974,Mantle Fragment (?),Peru; central coast (?),10th–15th century,Textiles-Woven,True,https://images.metmuseum.org/CRDImages/ao/original/DP101298.jpg,https://images.metmuseum.org/CRDImages/ao/web-large/DP101298.jpg,1,https://www.metmuseum.org/art/collection/search/307974
307975,Tunic with Confronting Catfish,Nasca-Wari,800–850 CE,Textiles-Woven,True,https://images.metmuseum.org/CRDImages/ao/original/DT829.jpg,https://images.metmuseum.org/CRDImages/ao/web-large/DT829.jpg,1,https://www.metmuseum.org/art/collection/search/307975
307976,Tunic Panel,Peru; central coast (?),10th–15th century,Textiles-Woven,True,https://images.metmuseum.org/CRDImages/ao/original/75166.jpg,https://images.metmuseum.org/CRDImages/ao/web-large/75166.jpg,0,https://www.metmuseum.org/art/collection/search/307976
307977,Feathered Tunic,Chimú,1200 – 1400 CE,Feathers-Costumes,True,https://images.metmuseum.org/CRDImages/ao/original/DP158699.jpg,https://images.metmuseum.org/CRDImages/ao/web-large/DP158699.jpg,2,https://www.metmuseum.org/art/collection/search/307977
307988,Tunic Fragment,Wari,7th–9th century,Textiles-Woven,True,https://images.metmuseum.org/CRDImages/ao/original/DP170980.jpg,https://images.metmuseum.org/CRDImages/ao/web-large/DP170980.jpg,4,https://www.metmuseum.org/art/collection/search/307988
307989,Tunic Fragment,Wari,7th–9th century,Textiles-Woven,True,https://images.metmuseum.org/CRDImages/ao/original/79048.jpg,https://images.metmuseum.org/CRDImages/ao/web-large/79048.jpg,2,https://www.metmuseum.org/art/collection/search/307989
307990,Tunic Fragment,Wari,7th–9th century,Textiles-Woven,True,https://images.metmuseum.org/CRDImages/ao/original/lb30_16_3.jpg,https://images.metmuseum.org/CRDImages/ao/web-large/lb30_16_3.jpg,3,https://www.metmuseum.org/art/collection/search/307990
307991,Tunic fragment,Wari,650–1000 CE,Textiles-Woven,True,https://images.metmuseum.org/CRDImages/ao/original/77991.jpg,https://images.metmuseum.org/CRDImages/ao/web-large/77991.jpg,0,https://www.metmuseum.org/art/collection/search/307991
307992,Tunic Fragment,Wari,7th–9th century,Textiles-Woven,True,https://images.metmuseum.org/CRDImages/ao/original/79049.jpg,https://images.metmuseum.org/CRDImages/ao/web-large/79049.jpg,0,https://www.metmuseum.org/art/collection/search/307992
307993,Tapestry Panel Fragment,Peru; central coast (?),10th–15th century,Textiles-Woven,True,https://images.metmuseum.org/CRDImages/ao/original/77989.jpg,https://images.metmuseum.org/CRDImages/ao/web-large/77989.jpg,0,https://www.metmuseum.org/art/collection/search/307993
307994,Textile Fragment,Recuay,4th–6th century,Textiles-Woven,True,https://images.metmuseum.org/CRDImages/ao/original/LC-30_16_7_TMSa.jpg,https://images.metmuseum.org/CRDImages/ao/web-large/LC-30_16_7_TMSa.jpg,2,https://www.metmuseum.org/art/collection/search/307994
307995,Panel,Wari,10th–12th century,Textiles-Woven,True,https://images.metmuseum.org/CRDImages/ao/original/DP18650_30.16.8.jpg,https://images.metmuseum.org/CRDImages/ao/web-large/DP18650_30.16.8.jpg,1,https://www.metmuseum.org/art/collection/search/307995
307996,Mantle Fragment,Wari,9th–10th century,Textiles-Woven,True,https://images.metmuseum.org/CRDImages/ao/original/DP18645_30.16.9.jpg,https://images.metmuseum.org/CRDImages/ao/web-large/DP18645_30.16.9.jpg,2,https://www.metmuseum.org/art/collection/search/307996
307997,Tunic Fragment,Wari,7th–9th century,Textiles-Woven,True,https://images.metmuseum.org/CRDImages/ao/original/80494.jpg,https://images.metmuseum.org/CRDImages/ao/web-large/80494.jpg,1,https://www.metmuseum.org/art/collection/search/307997
307998,Fragment,Peru; south coast (?),15th–16th century,Textiles-Woven,True,https://images.metmuseum.org/CRDImages/ao/original/78151.jpg,https://images.metmuseum.org/CRDImages/ao/web-large/78151.jpg,0,https://www.metmuseum.org/art/collection/search/307998
307999,Band Fragment,Peru; south coast (?),9th–10th century,Textiles-Woven,True,https://images.metmuseum.org/CRDImages/ao/original/78152.jpg,https://images.metmuseum.org/CRDImages/ao/web-large/78152.jpg,0,https://www.metmuseum.org/art/collection/search/307999
308000,Textile Bands,Nasca,7th century (?),Textiles-Woven,False,,,0,https://www.metmuseum.org/art/collection/search/308000
308012,Border Fragment,Nasca,2nd century BCE,Textiles-Woven,True,https://images.metmuseum.org/CRDImages/ao/original/81897.jpg,https://images.metmuseum.org/CRDImages/ao/web-large/81897.jpg,0,https://www.metmuseum.org/art/collection/search/308012
308013,Border Fragment,Nasca,2nd century BCE,Textiles-Woven,True,https://images.metmuseum.org/CRDImages/ao/original/DP18445.jpg,https://images.metmuseum.org/CRDImages/ao/web-large/DP18445.jpg,1,https://www.metmuseum.org/art/collection/search/308013
308014,Tunic Fragment,Wari,7th–9th century,Textiles-Woven,True,https://images.metmuseum.org/CRDImages/ao/original/32.32.1.jpg,https://images.metmuseum.org/CRDImages/ao/web-large/32.32.1.jpg,0,https://www.metmuseum.org/art/collection/search/308014
308015,Tapestry Panel,Nasca,7th century,Textiles-Woven,True,https://images.metmuseum.org/CRDImages/ao/original/DP18635.jpg,https://images.metmuseum.org/CRDImages/ao/web-large/DP18635.jpg,0,https://www.metmuseum.org/art/collection/search/308015
308016,Fragment with Figures,Nasca,7th century,Textiles-Woven,True,https://images.metmuseum.org/CRDImages/ao/original/DP18620.jpg,https://images.metmuseum.org/CRDImages/ao/web-large/DP18620.jpg,0,https://www.metmuseum.org/art/collection/search/308016
308017,Embroidered Fragment,Nasca,7th century,Textiles-Woven,True,https://images.metmuseum.org/CRDImages/ao/original/DP18640.jpg,https://images.metmuseum.org/CRDImages/ao/web-large/DP18640.jpg,0,https://www.metmuseum.org/art/collection/search/308017
308018,Sash Fragment,Nasca,7th century,Textiles-Woven,True,https://images.metmuseum.org/CRDImages/ao/original/DP18628.jpg,https://images.metmuseum.org/CRDImages/ao/web-large/DP18628.jpg,1,https://www.metmuseum.org/art/collection/search/308018
308019,Sash Fragment,Nasca,7th century,Textiles-Woven,True,https://images.metmuseum.org/CRDImages/ao/original/DP18629.jpg,https://images.metmuseum.org/CRDImages/ao/web-large/DP18629.jpg,1,https://www.metmuseum.org/art/collection/search/308019
308020,Sash Fragment,Nasca,7th century,Textiles-Woven,True,https://images.metmuseum.org/CRDImages/ao/original/DP18630.jpg,https://images.metmuseum.org/CRDImages/ao/web-large/DP18630.jpg,1,https://www.metmuseum.org/art/collection/search/308020
308021,Bag,Nasca,7th century,Textiles-Woven,True,https://images.metmuseum.org/CRDImages/ao/original/DP18587_32.32.8.jpg,https://images.metmuseum.org/CRDImages/ao/web-large/DP18587_32.32.8.jpg,0,https://www.metmuseum.org/art/collection/search/308021
308022,Embroidered bag with fringe,Nasca,7th century,Textiles-Woven,True,https://images.metmuseum.org/CRDImages/ao/original/DP-26534-001.jpg,https://images.metmuseum.org/CRDImages/ao/web-large/DP-26534-001.jpg,2,https://www.metmuseum.org/art/collection/search/308022
308023,Bag,Nasca,7th century,Textiles-Woven,True,https://images.metmuseum.org/CRDImages/ao/original/DP18585_32.32.10.jpg,https://images.metmuseum.org/CRDImages/ao/web-large/DP18585_32.32.10.jpg,1,https://www.metmuseum.org/art/collection/search/308023
308024,Embroidered bag with fringe,Nasca,7th century,Textiles-Woven,True,https://images.metmuseum.org/CRDImages/ao/original/DP-26535-001.jpg,https://images.metmuseum.org/CRDImages/ao/web-large/DP-26535-001.jpg,2,https://www.metmuseum.org/art/collection/search/308024
308025,Bag,Nasca,7th century,Textiles-Woven,True,https://images.metmuseum.org/CRDImages/ao/original/DP18593.jpg,https://images.metmuseum.org/CRDImages/ao/web-large/DP18593.jpg,0,https://www.metmuseum.org/art/collection/search/308025
308026,Fringed Bag,Nasca,7th century,Textiles-Woven,True,https://images.metmuseum.org/CRDImages/ao/original/DP18586_32.32.13.jpg,https://images.metmuseum.org/CRDImages/ao/web-large/DP18586_32.32.13.jpg,1,https://www.metmuseum.org/art/collection/search/308026
308027,Fringed Bag,Nasca,7th century,Textiles-Woven,True,https://images.metmuseum.org/CRDImages/ao/original/DP18600.jpg,https://images.metmuseum.org/CRDImages/ao/web-large/DP18600.jpg,1,https://www.metmuseum.org/art/collection/search/308027
308028,Bag,Nasca,7th century,Textiles-Woven,True,https://images.metmuseum.org/CRDImages/ao/original/DP18595.jpg,https://images.metmuseum.org/CRDImages/ao/web-large/DP18595.jpg,0,https://www.metmuseum.org/art/collection/search/308028
308029,Fringed Bag,Nasca,7th century,Textiles-Woven,True,https://images.metmuseum.org/CRDImages/ao/original/DP18594.jpg,https://images.metmuseum.org/CRDImages/ao/web-large/DP18594.jpg,1,https://www.metmuseum.org/art/collection/search/308029
308030,Tunic Fragment,Wari,7th–9th century,Textiles-Woven,True,https://images.metmuseum.org/CRDImages/ao/original/89276.jpg,https://images.metmuseum.org/CRDImages/ao/web-large/89276.jpg,0,https://www.metmuseum.org/art/collection/search/308030
308031,Embroidered Fragment with Figures,Paracas,3rd–2nd century BCE,Textiles-Woven,True,https://images.metmuseum.org/CRDImages/ao/original/33.43f.jpg,https://images.metmuseum.org/CRDImages/ao/web-large/33.43f.jpg,11,https://www.metmuseum.org/art/collection/search/308031
308034,Embroidered Mantle Fragment,Paracas,5th–2nd century BCE,Textiles-Woven,True,https://images.metmuseum.org/CRDImages/ao/original/DP18571.jpg,https://images.metmuseum.org/CRDImages/ao/web-large/DP18571.jpg,0,https://www.metmuseum.org/art/collection/search/308034
308035,Embroidered Mantle Fragment,Paracas,5th–2nd century BCE,Textiles-Woven,True,https://images.metmuseum.org/CRDImages/ao/original/DP18570.jpg,https://images.metmuseum.org/CRDImages/ao/web-large/DP18570.jpg,1,https://www.metmuseum.org/art/collection/search/308035
308036,Embroidered Mantle Fragment,Paracas,5th–2nd century BCE,Textiles-Woven,True,https://images.metmuseum.org/CRDImages/ao/original/33.149.1-67-70-76.jpg,https://images.metmuseum.org/CRDImages/ao/web-large/33.149.1-67-70-76.jpg,0,https://www.metmuseum.org/art/collection/search/308036
308037,Embroidered Border Fragment,Paracas,4th–2nd century BCE,Textiles-Woven,True,https://images.metmuseum.org/CRDImages/ao/original/DP18551.jpg,https://images.metmuseum.org/CRDImages/ao/web-large/DP18551.jpg,1,https://www.metmuseum.org/art/collection/search/308037
308038,Border Fragment,Nasca,2nd century BCE,Textiles-Woven,True,https://images.metmuseum.org/CRDImages/ao/original/DP18446.jpg,https://images.metmuseum.org/CRDImages/ao/web-large/DP18446.jpg,1,https://www.metmuseum.org/art/collection/search/308038
308039,Embroidered Mantle Fragment,Paracas,3rd–2nd century BCE,Textiles-Woven,True,https://images.metmuseum.org/CRDImages/ao/original/DP18447.jpg,https://images.metmuseum.org/CRDImages/ao/web-large/DP18447.jpg,2,https://www.metmuseum.org/art/collection/search/308039
308040,Embroidered Mantle Fragment,Paracas,3rd–2nd century BCE,Textiles-Woven,True,https://images.metmuseum.org/CRDImages/ao/original/DP18451.jpg,https://images.metmuseum.org/CRDImages/ao/web-large/DP18451.jpg,2,https://www.metmuseum.org/art/collection/search/308040
308041,Border Fragment,Nasca,2nd century BCE,Textiles-Woven,True,https://images.metmuseum.org/CRDImages/ao/original/DP18452.jpg,https://images.metmuseum.org/CRDImages/ao/web-large/DP18452.jpg,1,https://www.metmuseum.org/art/collection/search/308041
308042,Embroidered Border Fragment,Paracas,5th–3rd century BCE,Textiles-Woven,True,https://images.metmuseum.org/CRDImages/ao/original/TP391.jpg,https://images.metmuseum.org/CRDImages/ao/web-large/TP391.jpg,1,https://www.metmuseum.org/art/collection/search/308042
308043,Embroidered Border Fragment,Paracas,5th–2nd century BCE,Textiles-Woven,True,https://images.metmuseum.org/CRDImages/ao/original/DP18530.jpg,https://images.metmuseum.org/CRDImages/ao/web-large/DP18530.jpg,0,https://www.metmuseum.org/art/collection/search/308043
308044,Embroidered Border Fragment,Paracas,5th–4th century BCE,Textiles-Woven,True,https://images.metmuseum.org/CRDImages/ao/original/DP18526.jpg,https://images.metmuseum.org/CRDImages/ao/web-large/DP18526.jpg,2,https://www.metmuseum.org/art/collection/search/308044
308045,Embroidered Border Fragment,Nasca,3rd–2nd century BCE,Textiles-Woven,True,https://images.metmuseum.org/CRDImages/ao/original/DP18561.jpg,https://images.metmuseum.org/CRDImages/ao/web-large/DP18561.jpg,0,https://www.metmuseum.org/art/collection/search/308045
308046,Embroidered Border Fragment,Paracas,5th–2nd century BCE,Textiles-Velvets,True,https://images.metmuseum.org/CRDImages/ao/original/DP18569.jpg,https://images.metmuseum.org/CRDImages/ao/web-large/DP18569.jpg,2,https://www.metmuseum.org/art/collection/search/308046
308047,Embroidered Border Fragment,Paracas,5th–2nd century BCE,Textiles-Woven,True,https://images.metmuseum.org/CRDImages/ao/original/DP18559.jpg,https://images.metmuseum.org/CRDImages/ao/web-large/DP18559.jpg,0,https://www.metmuseum.org/art/collection/search/308047
308048,Embroidered Fragment with Figures,Paracas,5th–2nd century BCE,Textiles-Woven,True,https://images.metmuseum.org/CRDImages/ao/original/DP18558.jpg,https://images.metmuseum.org/CRDImages/ao/web-large/DP18558.jpg,2,https://www.metmuseum.org/art/collection/search/308048
308049,Embroidered Border Fragment,Paracas,4th–2nd century BCE,Textiles-Woven,True,https://images.metmuseum.org/CRDImages/ao/original/DP18557.jpg,https://images.metmuseum.org/CRDImages/ao/web-large/DP18557.jpg,0,https://www.metmuseum.org/art/collection/search/308049
308050,Embroidered Border Fragment,Paracas,4th–3rd century BCE,Textiles-Woven,True,https://images.metmuseum.org/CRDImages/ao/original/DP18556.jpg,https://images.metmuseum.org/CRDImages/ao/web-large/DP18556.jpg,0,https://www.metmuseum.org/art/collection/search/308050
308051,Embroidered Border Fragment,Paracas,5th–2nd century BCE,Textiles-Woven,True,https://images.metmuseum.org/CRDImages/ao/original/DP18555.jpg,https://images.metmuseum.org/CRDImages/ao/web-large/DP18555.jpg,0,https://www.metmuseum.org/art/collection/search/308051
308052,Embroidered Border Fragment,Paracas,5th–2nd century BCE,Textiles-Woven,True,https://images.metmuseum.org/CRDImages/ao/original/DP18554.jpg,https://images.metmuseum.org/CRDImages/ao/web-large/DP18554.jpg,1,https://www.metmuseum.org/art/collection/search/308052
308053,Embroidered Border Fragment,Paracas,5th–3rd century BCE,Textiles-Woven,True,https://images.metmuseum.org/CRDImages/ao/original/DP18553.jpg,https://images.metmuseum.org/CRDImages/ao/web-large/DP18553.jpg,0,https://www.metmuseum.org/art/collection/search/308053
308054,Embroidered Border Fragment,Paracas,4th–3rd century BCE,Textiles-Woven,True,https://images.metmuseum.org/CRDImages/ao/original/DP18552.jpg,https://images.metmuseum.org/CRDImages/ao/web-large/DP18552.jpg,0,https://www.metmuseum.org/art/collection/search/308054
308055,Embroidered Neck Border,Paracas,4th–3rd century BCE,Textiles-Woven,True,https://images.metmuseum.org/CRDImages/ao/original/DP18550.jpg,https://images.metmuseum.org/CRDImages/ao/web-large/DP18550.jpg,1,https://www.metmuseum.org/art/collection/search/308055
308056,Embroidered Fragment,Paracas,5th–2nd century BCE,Textiles-Woven,True,https://images.metmuseum.org/CRDImages/ao/original/DP18567.jpg,https://images.metmuseum.org/CRDImages/ao/web-large/DP18567.jpg,1,https://www.metmuseum.org/art/collection/search/308056
308057,Embroidered Fragment with Figures,Paracas,5th–2nd century BCE,Textiles-Woven,True,https://images.metmuseum.org/CRDImages/ao/original/DP18568.jpg,https://images.metmuseum.org/CRDImages/ao/web-large/DP18568.jpg,1,https://www.metmuseum.org/art/collection/search/308057
308058,Embroidered Border Fragment,Paracas,4th–3rd century BCE,Textiles-Woven,True,https://images.metmuseum.org/CRDImages/ao/original/DP18549.jpg,https://images.metmuseum.org/CRDImages/ao/web-large/DP18549.jpg,0,https://www.metmuseum.org/art/collection/search/308058
308059,Embroidered Border Fragment,Paracas,4th century BCE,Textiles-Woven,True,https://images.metmuseum.org/CRDImages/ao/original/DP18548.jpg,https://images.metmuseum.org/CRDImages/ao/web-large/DP18548.jpg,0,https://www.metmuseum.org/art/collection/search/308059
308060,Embroidered Border Fragment,Paracas,5th–4th century BCE,Textiles-Woven,True,https://images.metmuseum.org/CRDImages/ao/original/DP18547.jpg,https://images.metmuseum.org/CRDImages/ao/web-large/DP18547.jpg,1,https://www.metmuseum.org/art/collection/search/308060
308061,Embroidered Border Fragment,Paracas,4th–3rd century BCE,Textiles-Woven,True,https://images.metmuseum.org/CRDImages/ao/original/DP18546A.JPG,https://images.metmuseum.org/CRDImages/ao/web-large/DP18546A.JPG,1,https://www.metmuseum.org/art/collection/search/308061
308062,Embroidered Border Fragment,Paracas,5th–3rd century BCE,Textiles-Woven,True,https://images.metmuseum.org/CRDImages/ao/original/DP18545.jpg,https://images.metmuseum.org/CRDImages/ao/web-large/DP18545.jpg,1,https://www.metmuseum.org/art/collection/search/308062
308063,Embroidered Border Fragment,Paracas,4th–3rd century BCE,Textiles-Woven,True,https://images.metmuseum.org/CRDImages/ao/original/DP18544.jpg,https://images.metmuseum.org/CRDImages/ao/web-large/DP18544.jpg,1,https://www.metmuseum.org/art/collection/search/308063
308064,Embroidered Border Fragment,Paracas,5th–2nd century BCE,Textiles-Woven,True,https://images.metmuseum.org/CRDImages/ao/original/DP18543.jpg,https://images.metmuseum.org/CRDImages/ao/web-large/DP18543.jpg,0,https://www.metmuseum.org/art/collection/search/308064
308065,Embroidered Border Fragment,Paracas,5th–2nd century BCE,Textiles-Woven,True,https://images.metmuseum.org/CRDImages/ao/original/DP18542.jpg,https://images.metmuseum.org/CRDImages/ao/web-large/DP18542.jpg,1,https://www.metmuseum.org/art/collection/search/308065
308066,Embroidered Border Fragment,Paracas,5th–2nd century BCE,Textiles-Woven,True,https://images.metmuseum.org/CRDImages/ao/original/DP18541.jpg,https://images.metmuseum.org/CRDImages/ao/web-large/DP18541.jpg,1,https://www.metmuseum.org/art/collection/search/308066
308067,Embroidered Border Fragment,Paracas,4th–3rd century BCE,Textiles-Woven,True,https://images.metmuseum.org/CRDImages/ao/original/DP18540.jpg,https://images.metmuseum.org/CRDImages/ao/web-large/DP18540.jpg,0,https://www.metmuseum.org/art/collection/search/308067
308068,Embroidered Mantle Fragment,Paracas,5th–2nd century BCE,Textiles-Woven,True,https://images.metmuseum.org/CRDImages/ao/original/DP18539.jpg,https://images.metmuseum.org/CRDImages/ao/web-large/DP18539.jpg,0,https://www.metmuseum.org/art/collection/search/308068
308069,Embroidered Border Fragment,Paracas,4th–3rd century BCE,Textiles-Woven,True,https://images.metmuseum.org/CRDImages/ao/original/DP18538.jpg,https://images.metmuseum.org/CRDImages/ao/web-large/DP18538.jpg,1,https://www.metmuseum.org/art/collection/search/308069
308070,Embroidered Mantle Fragment,Paracas,3rd–2nd century BCE,Textiles-Woven,True,https://images.metmuseum.org/CRDImages/ao/original/DP18537.jpg,https://images.metmuseum.org/CRDImages/ao/web-large/DP18537.jpg,0,https://www.metmuseum.org/art/collection/search/308070
308071,Embroidered Border Fragment,Paracas,4th–2nd century BCE,Textiles-Woven,True,https://images.metmuseum.org/CRDImages/ao/original/DP18536.jpg,https://images.metmuseum.org/CRDImages/ao/web-large/DP18536.jpg,1,https://www.metmuseum.org/art/collection/search/308071
308072,Embroidered Mantle Fragment,Paracas,3rd–2nd century BCE,Textiles-Woven,True,https://images.metmuseum.org/CRDImages/ao/original/DP18535.jpg,https://images.metmuseum.org/CRDImages/ao/web-large/DP18535.jpg,0,https://www.metmuseum.org/art/collection/search/308072
308073,Embroidered Border Fragment,Paracas,4th–3rd century BCE,Textiles-Woven,True,https://images.metmuseum.org/CRDImages/ao/original/DP18534.jpg,https://images.metmuseum.org/CRDImages/ao/web-large/DP18534.jpg,1,https://www.metmuseum.org/art/collection/search/308073
308074,Embroidered Border Fragment,Paracas,5th–3rd century BCE,Textiles-Woven,True,https://images.metmuseum.org/CRDImages/ao/original/DP18533.jpg,https://images.metmuseum.org/CRDImages/ao/web-large/DP18533.jpg,0,https://www.metmuseum.org/art/collection/search/308074
308075,Border Fragment,Paracas,4th–3rd century BCE,Textiles-Woven,True,https://images.metmuseum.org/CRDImages/ao/original/DP18448.jpg,https://images.metmuseum.org/CRDImages/ao/web-large/DP18448.jpg,1,https://www.metmuseum.org/art/collection/search/308075
308076,Embroidered Mantle Fragment,Paracas,3rd–2nd century BCE,Textiles-Woven,True,https://images.metmuseum.org/CRDImages/ao/original/33.149.41.jpg,https://images.metmuseum.org/CRDImages/ao/web-large/33.149.41.jpg,0,https://www.metmuseum.org/art/collection/search/308076
308077,Embroidered Mantle Fragment,Paracas,3rd–2nd century BCE,Textiles-Woven,True,https://images.metmuseum.org/CRDImages/ao/original/DP18450.jpg,https://images.metmuseum.org/CRDImages/ao/web-large/DP18450.jpg,1,https://www.metmuseum.org/art/collection/search/308077
308078,"Border fragment, figures with staves",Paracas,4th–3rd century BCE,Textiles-Woven,True,https://images.metmuseum.org/CRDImages/ao/original/DP-27315-001.jpg,https://images.metmuseum.org/CRDImages/ao/web-large/DP-27315-001.jpg,2,https://www.metmuseum.org/art/collection/search/308078
308079,Tapestry Panel with Stars,Inca,15th–16th century,Textiles-Woven,True,https://images.metmuseum.org/CRDImages/ao/original/DP18702_33.149.44.jpg,https://images.metmuseum.org/CRDImages/ao/web-large/DP18702_33.149.44.jpg,0,https://www.metmuseum.org/art/collection/search/308079
308080,Tapestry Band Fragment,Lambayeque (Sicán),9th–13th century,Textiles-Woven,True,https://images.metmuseum.org/CRDImages/ao/original/97499.jpg,https://images.metmuseum.org/CRDImages/ao/web-large/97499.jpg,0,https://www.metmuseum.org/art/collection/search/308080
308081,Tunic Fragment,Wari,7th–9th century,Textiles-Woven,True,https://images.metmuseum.org/CRDImages/ao/original/DP18691.jpg,https://images.metmuseum.org/CRDImages/ao/web-large/DP18691.jpg,0,https://www.metmuseum.org/art/collection/search/308081
308082,Cloth Fragment with Birds,Peru; north coast (?),10th–15th century,Textiles-Woven,True,https://images.metmuseum.org/CRDImages/ao/original/DP18682_33.149.47.jpg,https://images.metmuseum.org/CRDImages/ao/web-large/DP18682_33.149.47.jpg,0,https://www.metmuseum.org/art/collection/search/308082
308083,Tapestry Fragment,Inca (?),15th–16th century,Textiles-Woven,True,https://images.metmuseum.org/CRDImages/ao/original/DP101353.jpg,https://images.metmuseum.org/CRDImages/ao/web-large/DP101353.jpg,1,https://www.metmuseum.org/art/collection/search/308083
308084,Tapestry Border Fragment,Peruvian,10th–14th century,Textiles-Woven,True,https://images.metmuseum.org/CRDImages/ao/original/97502.jpg,https://images.metmuseum.org/CRDImages/ao/web-large/97502.jpg,0,https://www.metmuseum.org/art/collection/search/308084
308085,Joined Tapestry Fragments with Fringe,Peru; central coast (?),10th–15th century,Textiles-Woven,True,https://images.metmuseum.org/CRDImages/ao/original/DP101354.jpg,https://images.metmuseum.org/CRDImages/ao/web-large/DP101354.jpg,0,https://www.metmuseum.org/art/collection/search/308085
308086,Tapestry Fragment,Peru; central coast (?),10th–15th century,Textiles-Woven,True,https://images.metmuseum.org/CRDImages/ao/original/DP101355.jpg,https://images.metmuseum.org/CRDImages/ao/web-large/DP101355.jpg,0,https://www.metmuseum.org/art/collection/search/308086
308087,Tapestry Fragment,Peru; central coast (?),10th–15th century,Textiles-Woven,True,https://images.metmuseum.org/CRDImages/ao/original/97504.jpg,https://images.metmuseum.org/CRDImages/ao/web-large/97504.jpg,0,https://www.metmuseum.org/art/collection/search/308087
308088,Tunic Fragment,Wari,7th–9th century,Textiles-Woven,True,https://images.metmuseum.org/CRDImages/ao/original/33.149.53.jpg,https://images.metmuseum.org/CRDImages/ao/web-large/33.149.53.jpg,1,https://www.metmuseum.org/art/collection/search/308088
308089,Border Fragment,Peru; central coast (?),10th–15th century,Textiles-Woven,True,https://images.metmuseum.org/CRDImages/ao/original/97506.jpg,https://images.metmuseum.org/CRDImages/ao/web-large/97506.jpg,0,https://www.metmuseum.org/art/collection/search/308089
308090,Tunic Fragment,Wari,7th–9th century,Textiles-Woven,True,https://images.metmuseum.org/CRDImages/ao/original/DP18643.jpg,https://images.metmuseum.org/CRDImages/ao/web-large/DP18643.jpg,0,https://www.metmuseum.org/art/collection/search/308090
308091,Border Fragment,Chimú,12th–14th century,Textiles-Woven,True,https://images.metmuseum.org/CRDImages/ao/original/LC-33_149_56_TMSa.jpg,https://images.metmuseum.org/CRDImages/ao/web-large/LC-33_149_56_TMSa.jpg,0,https://www.metmuseum.org/art/collection/search/308091
308092,Tunic Fragment,Wari,7th–9th century,Textiles-Woven,True,https://images.metmuseum.org/CRDImages/ao/original/DP18636.jpg,https://images.metmuseum.org/CRDImages/ao/web-large/DP18636.jpg,0,https://www.metmuseum.org/art/collection/search/308092
308093,Fragment with Hook Pattern,Ica,10th–15th century,Textiles-Woven,True,https://images.metmuseum.org/CRDImages/ao/original/97509.jpg,https://images.metmuseum.org/CRDImages/ao/web-large/97509.jpg,0,https://www.metmuseum.org/art/collection/search/308093
308094,Tunic Fragment,Wari,7th–9th century,Textiles-Woven,True,https://images.metmuseum.org/CRDImages/ao/original/DP18644.jpg,https://images.metmuseum.org/CRDImages/ao/web-large/DP18644.jpg,1,https://www.metmuseum.org/art/collection/search/308094
308095,Embroidered Fragment,Peru; north coast (?),10th–15th century,Textiles-Woven,True,https://images.metmuseum.org/CRDImages/ao/original/DP18686_33.149.60.jpg,https://images.metmuseum.org/CRDImages/ao/web-large/DP18686_33.149.60.jpg,1,https://www.metmuseum.org/art/collection/search/308095
308096,Embroidered Fragment,Peru; north coast (?),10th–15th century,Textiles-Woven,True,https://images.metmuseum.org/CRDImages/ao/original/DP18683_33.149.61.jpg,https://images.metmuseum.org/CRDImages/ao/web-large/DP18683_33.149.61.jpg,0,https://www.metmuseum.org/art/collection/search/308096
308097,Embroidered Mantle Fragment,Paracas,3rd–2nd century BCE,Textiles-Woven,True,https://images.metmuseum.org/CRDImages/ao/original/DP18453.jpg,https://images.metmuseum.org/CRDImages/ao/web-large/DP18453.jpg,1,https://www.metmuseum.org/art/collection/search/308097
308098,Embroidered Mantle Fragment,Paracas,3rd–2nd century BCE,Textiles-Woven,True,https://images.metmuseum.org/CRDImages/ao/original/DP18454.jpg,https://images.metmuseum.org/CRDImages/ao/web-large/DP18454.jpg,0,https://www.metmuseum.org/art/collection/search/308098
308099,Mantle Fragment,Paracas,3rd–2nd century BCE,Textiles-Woven,True,https://images.metmuseum.org/CRDImages/ao/original/DP18455.jpg,https://images.metmuseum.org/CRDImages/ao/web-large/DP18455.jpg,1,https://www.metmuseum.org/art/collection/search/308099
308100,Embroidered Fragment,Paracas,5th–2nd century BCE,Textiles-Woven,True,https://images.metmuseum.org/CRDImages/ao/original/DP18575_33.149.70.jpg,https://images.metmuseum.org/CRDImages/ao/web-large/DP18575_33.149.70.jpg,1,https://www.metmuseum.org/art/collection/search/308100
308101,Embroidered Mantle Fragment,Paracas,5th–2nd century BCE,Textiles-Woven,True,https://images.metmuseum.org/CRDImages/ao/original/DP18482.jpg,https://images.metmuseum.org/CRDImages/ao/web-large/DP18482.jpg,1,https://www.metmuseum.org/art/collection/search/308101
308102,Embroidered Mantle Fragment,Paracas,3rd–2nd century BCE,Textiles-Woven,True,https://images.metmuseum.org/CRDImages/ao/original/DP18483_orig.jpg,https://images.metmuseum.org/CRDImages/ao/web-large/DP18483_orig.jpg,1,https://www.metmuseum.org/art/collection/search/308102
308103,Mantle Fragment,Paracas,3rd–2nd century BCE,Textiles-Woven,True,https://images.metmuseum.org/CRDImages/ao/original/DP18459.jpg,https://images.metmuseum.org/CRDImages/ao/web-large/DP18459.jpg,1,https://www.metmuseum.org/art/collection/search/308103
308104,Embroidered Mantle Fragment,Paracas,3rd–2nd century BCE,Textiles-Woven,True,https://images.metmuseum.org/CRDImages/ao/original/DP18460.jpg,https://images.metmuseum.org/CRDImages/ao/web-large/DP18460.jpg,1,https://www.metmuseum.org/art/collection/search/308104
308105,Embroidered Mantle Fragment,Paracas,5th–2nd century BCE,Textiles-Woven,True,https://images.metmuseum.org/CRDImages/ao/original/DP18461.jpg,https://images.metmuseum.org/CRDImages/ao/web-large/DP18461.jpg,1,https://www.metmuseum.org/art/collection/search/308105
308106,Embroidered Fragment,Paracas,5th–2nd century BCE,Textiles-Woven,True,https://images.metmuseum.org/CRDImages/ao/original/33.149.1-67-70-76.jpg,https://images.metmuseum.org/CRDImages/ao/web-large/33.149.1-67-70-76.jpg,1,https://www.metmuseum.org/art/collection/search/308106
308107,Embroidered Mantle Fragment,Paracas,3rd–2nd century BCE,Textiles-Woven,True,https://images.metmuseum.org/CRDImages/ao/original/DP18462.jpg,https://images.metmuseum.org/CRDImages/ao/web-large/DP18462.jpg,2,https://www.metmuseum.org/art/collection/search/308107
308108,Embroidered Mantle Fragment,Paracas,3rd–2nd century BCE,Textiles-Woven,True,https://images.metmuseum.org/CRDImages/ao/original/DP18484.jpg,https://images.metmuseum.org/CRDImages/ao/web-large/DP18484.jpg,2,https://www.metmuseum.org/art/collection/search/308108
308109,Embroidered Fragment,Paracas,5th–2nd century BCE,Textiles-Woven,True,https://images.metmuseum.org/CRDImages/ao/original/DP18564_33.149.79.jpg,https://images.metmuseum.org/CRDImages/ao/web-large/DP18564_33.149.79.jpg,0,https://www.metmuseum.org/art/collection/search/308109
308110,Embroidered Fragment,Paracas,4th–3rd century BCE,Textiles-Woven,True,https://images.metmuseum.org/CRDImages/ao/original/DP18463.jpg,https://images.metmuseum.org/CRDImages/ao/web-large/DP18463.jpg,1,https://www.metmuseum.org/art/collection/search/308110
308111,Embroidered Fragment,Paracas,3rd–2nd century BCE,Textiles-Woven,True,https://images.metmuseum.org/CRDImages/ao/original/DP18529.jpg,https://images.metmuseum.org/CRDImages/ao/web-large/DP18529.jpg,0,https://www.metmuseum.org/art/collection/search/308111
308112,Embroidered Fragment,Paracas,4th–3rd century BCE,Textiles-Woven,True,https://images.metmuseum.org/CRDImages/ao/original/DP18464.jpg,https://images.metmuseum.org/CRDImages/ao/web-large/DP18464.jpg,1,https://www.metmuseum.org/art/collection/search/308112
308113,Embroidered Fragment with Figure,Paracas,3rd–2nd century BCE,Textiles-Woven,True,https://images.metmuseum.org/CRDImages/ao/original/DP18528.jpg,https://images.metmuseum.org/CRDImages/ao/web-large/DP18528.jpg,0,https://www.metmuseum.org/art/collection/search/308113
308114,Embroidered Border Fragment,Nasca,3rd–2nd century BCE,Textiles-Woven,True,https://images.metmuseum.org/CRDImages/ao/original/DP18527.jpg,https://images.metmuseum.org/CRDImages/ao/web-large/DP18527.jpg,0,https://www.metmuseum.org/art/collection/search/308114
308115,Panel with Face,Wari,7th–12th century,Textiles-Woven,True,https://images.metmuseum.org/CRDImages/ao/original/DP18627.jpg,https://images.metmuseum.org/CRDImages/ao/web-large/DP18627.jpg,2,https://www.metmuseum.org/art/collection/search/308115
308116,Panel,Wari,7th–12th century,Textiles-Woven,True,https://images.metmuseum.org/CRDImages/ao/original/DP18626.jpg,https://images.metmuseum.org/CRDImages/ao/web-large/DP18626.jpg,2,https://www.metmuseum.org/art/collection/search/308116
308117,Tapestry Border Fragment,Peru; central coast (?),10th–15th century,Textiles-Woven,True,https://images.metmuseum.org/CRDImages/ao/original/97552.jpg,https://images.metmuseum.org/CRDImages/ao/web-large/97552.jpg,0,https://www.metmuseum.org/art/collection/search/308117
308118,Tapestry Border Fragment,Peru; central coast (?),10th–15th century,Textiles-Woven,True,https://images.metmuseum.org/CRDImages/ao/original/DP101356.jpg,https://images.metmuseum.org/CRDImages/ao/web-large/DP101356.jpg,1,https://www.metmuseum.org/art/collection/search/308118
308119,Mantle Fragment,Chimú,12th–15th century,Textiles-Woven,True,https://images.metmuseum.org/CRDImages/ao/original/96702.jpg,https://images.metmuseum.org/CRDImages/ao/web-large/96702.jpg,0,https://www.metmuseum.org/art/collection/search/308119
308120,Tunic,Inca,1460–1540,Textiles-Woven,True,https://images.metmuseum.org/CRDImages/ao/original/DP-26536-001.jpg,https://images.metmuseum.org/CRDImages/ao/web-large/DP-26536-001.jpg,3,https://www.metmuseum.org/art/collection/search/308120
308121,Four-Cornered Hat,Wari,7th–9th century,Textiles-Woven,True,https://images.metmuseum.org/CRDImages/ao/original/DP-29599-001.jpg,https://images.metmuseum.org/CRDImages/ao/web-large/DP-29599-001.jpg,5,https://www.metmuseum.org/art/collection/search/308121
308122,Embroidered Band Fragment,Paracas,4th–3rd century BCE,Textiles-Woven,True,https://images.metmuseum.org/CRDImages/ao/original/DP18560.jpg,https://images.metmuseum.org/CRDImages/ao/web-large/DP18560.jpg,1,https://www.metmuseum.org/art/collection/search/308122
308124,Skein of Camelid Hair,Peruvian,10th–16th century (?),Textiles,True,https://images.metmuseum.org/CRDImages/ao/original/97523.jpg,https://images.metmuseum.org/CRDImages/ao/web-large/97523.jpg,0,https://www.metmuseum.org/art/collection/search/308124
308125,Skein of Camelid Hair,Peruvian,10th–16th century (?),Textiles,True,https://images.metmuseum.org/CRDImages/ao/original/97523.jpg,https://images.metmuseum.org/CRDImages/ao/web-large/97523.jpg,0,https://www.metmuseum.org/art/collection/search/308125
308126,Skein of Camelid Hair,Peruvian,10th–16th century (?),Textiles,True,https://images.metmuseum.org/CRDImages/ao/original/97523.jpg,https://images.metmuseum.org/CRDImages/ao/web-large/97523.jpg,0,https://www.metmuseum.org/art/collection/search/308126
308127,Skein of Camelid Hair,Peruvian,10th–16th century (?),Textiles,True,https://images.metmuseum.org/CRDImages/ao/original/97523.jpg,https://images.metmuseum.org/CRDImages/ao/web-large/97523.jpg,0,https://www.metmuseum.org/art/collection/search/308127
308128,Skein of Camelid Hair,Peruvian,10th–16th century (?),Textiles,True,https://images.metmuseum.org/CRDImages/ao/original/97523.jpg,https://images.metmuseum.org/CRDImages/ao/web-large/97523.jpg,0,https://www.metmuseum.org/art/collection/search/308128
308129,Skein of Camelid Hair,Peruvian,10th–16th century (?),Textiles,True,https://images.metmuseum.org/CRDImages/ao/original/97523.jpg,https://images.metmuseum.org/CRDImages/ao/web-large/97523.jpg,0,https://www.metmuseum.org/art/collection/search/308129
308130,Skein of Camelid Hair,Peruvian,10th–16th century (?),Textiles,True,https://images.metmuseum.org/CRDImages/ao/original/97523.jpg,https://images.metmuseum.org/CRDImages/ao/web-large/97523.jpg,0,https://www.metmuseum.org/art/collection/search/308130
308131,Skein of Camelid Hair,Peruvian,10th–16th century (?),Textiles,True,https://images.metmuseum.org/CRDImages/ao/original/97523.jpg,https://images.metmuseum.org/CRDImages/ao/web-large/97523.jpg,0,https://www.metmuseum.org/art/collection/search/308131
308132,Skein of Camelid Hair,Peruvian,10th–16th century (?),Textiles,True,https://images.metmuseum.org/CRDImages/ao/original/97523.jpg,https://images.metmuseum.org/CRDImages/ao/web-large/97523.jpg,0,https://www.metmuseum.org/art/collection/search/308132
308133,Skein of Camelid Hair,Peruvian,10th–16th century (?),Textiles,True,https://images.metmuseum.org/CRDImages/ao/original/97523.jpg,https://images.metmuseum.org/CRDImages/ao/web-large/97523.jpg,0,https://www.metmuseum.org/art/collection/search/308133
308134,Skein of Camelid Hair,Peruvian,10th–16th century (?),Textiles,True,https://images.metmuseum.org/CRDImages/ao/original/97523.jpg,https://images.metmuseum.org/CRDImages/ao/web-large/97523.jpg,0,https://www.metmuseum.org/art/collection/search/308134
308135,Wooden Spindle,Peruvian,10th–16th century (?),Textiles-Implements,True,https://images.metmuseum.org/CRDImages/ao/original/97408.jpg,https://images.metmuseum.org/CRDImages/ao/web-large/97408.jpg,0,https://www.metmuseum.org/art/collection/search/308135
308136,Wooden Spindle,Peruvian,10th–16th century (?),Textiles-Implements,True,https://images.metmuseum.org/CRDImages/ao/original/97408.jpg,https://images.metmuseum.org/CRDImages/ao/web-large/97408.jpg,0,https://www.metmuseum.org/art/collection/search/308136
308137,Wooden Spindle,Peruvian,10th–16th century (?),Textiles-Implements,True,https://images.metmuseum.org/CRDImages/ao/original/97408.jpg,https://images.metmuseum.org/CRDImages/ao/web-large/97408.jpg,0,https://www.metmuseum.org/art/collection/search/308137
308138,Wooden Spindle,Peruvian,10th–16th century (?),Textiles-Implements,True,https://images.metmuseum.org/CRDImages/ao/original/97408.jpg,https://images.metmuseum.org/CRDImages/ao/web-large/97408.jpg,0,https://www.metmuseum.org/art/collection/search/308138
308139,Wooden Spindle,Peruvian,10th–16th century (?),Textiles-Implements,True,https://images.metmuseum.org/CRDImages/ao/original/97408.jpg,https://images.metmuseum.org/CRDImages/ao/web-large/97408.jpg,0,https://www.metmuseum.org/art/collection/search/308139
308140,Wooden Spindle,Peruvian,10th–16th century (?),Textiles-Implements,True,https://images.metmuseum.org/CRDImages/ao/original/97408.jpg,https://images.metmuseum.org/CRDImages/ao/web-large/97408.jpg,0,https://www.metmuseum.org/art/collection/search/308140
308141,Wooden Spindle,Peruvian,10th–16th century (?),Textiles-Implements,True,https://images.metmuseum.org/CRDImages/ao/original/97408.jpg,https://images.metmuseum.org/CRDImages/ao/web-large/97408.jpg,0,https://www.metmuseum.org/art/collection/search/308141
308142,Wooden Spindle,Peruvian,10th–16th century (?),Textiles-Implements,True,https://images.metmuseum.org/CRDImages/ao/original/97408.jpg,https://images.metmuseum.org/CRDImages/ao/web-large/97408.jpg,0,https://www.metmuseum.org/art/collection/search/308142
308143,Wooden Spindle,Peruvian,10th–16th century (?),Textiles-Implements,True,https://images.metmuseum.org/CRDImages/ao/original/97408.jpg,https://images.metmuseum.org/CRDImages/ao/web-large/97408.jpg,0,https://www.metmuseum.org/art/collection/search/308143
308144,Wooden Spindle,Peruvian,10th–16th century (?),Textiles-Implements,True,https://images.metmuseum.org/CRDImages/ao/original/97408.jpg,https://images.metmuseum.org/CRDImages/ao/web-large/97408.jpg,0,https://www.metmuseum.org/art/collection/search/308144
308145,Wooden Spindle,Peruvian,10th–16th century (?),Textiles-Implements,True,https://images.metmuseum.org/CRDImages/ao/original/97408.jpg,https://images.metmuseum.org/CRDImages/ao/web-large/97408.jpg,0,https://www.metmuseum.org/art/collection/search/308145
308146,Wooden Spindle,Peruvian,10th–16th century (?),Textiles-Implements,True,https://images.metmuseum.org/CRDImages/ao/original/97408.jpg,https://images.metmuseum.org/CRDImages/ao/web-large/97408.jpg,0,https://www.metmuseum.org/art/collection/search/308146
308147,Wooden Spindle,Peruvian,10th–16th century (?),Textiles-Implements,True,https://images.metmuseum.org/CRDImages/ao/original/97408.jpg,https://images.metmuseum.org/CRDImages/ao/web-large/97408.jpg,0,https://www.metmuseum.org/art/collection/search/308147
308148,Wooden Spindle,Peruvian,10th–16th century (?),Textiles-Implements,True,https://images.metmuseum.org/CRDImages/ao/original/97408.jpg,https://images.metmuseum.org/CRDImages/ao/web-large/97408.jpg,0,https://www.metmuseum.org/art/collection/search/308148
308149,Wooden Spindle,Peruvian,10th–16th century (?),Textiles-Implements,True,https://images.metmuseum.org/CRDImages/ao/original/97408.jpg,https://images.metmuseum.org/CRDImages/ao/web-large/97408.jpg,0,https://www.metmuseum.org/art/collection/search/308149
308150,Wooden Spindle,Peruvian,10th–16th century (?),Textiles-Implements,True,https://images.metmuseum.org/CRDImages/ao/original/97408.jpg,https://images.metmuseum.org/CRDImages/ao/web-large/97408.jpg,0,https://www.metmuseum.org/art/collection/search/308150
308151,Wooden Spindle,Peruvian,10th–16th century (?),Textiles-Implements,True,https://images.metmuseum.org/CRDImages/ao/original/97409.jpg,https://images.metmuseum.org/CRDImages/ao/web-large/97409.jpg,0,https://www.metmuseum.org/art/collection/search/308151
308152,Wooden Spindle,Peruvian,10th–16th century (?),Textiles-Implements,True,https://images.metmuseum.org/CRDImages/ao/original/97409.jpg,https://images.metmuseum.org/CRDImages/ao/web-large/97409.jpg,0,https://www.metmuseum.org/art/collection/search/308152
308153,Wooden Spindle,Peruvian,10th–16th century (?),Textiles-Implements,True,https://images.metmuseum.org/CRDImages/ao/original/97409.jpg,https://images.metmuseum.org/CRDImages/ao/web-large/97409.jpg,0,https://www.metmuseum.org/art/collection/search/308153
308154,Wooden Spindle,Peruvian,10th–16th century (?),Textiles-Implements,True,https://images.metmuseum.org/CRDImages/ao/original/97409.jpg,https://images.metmuseum.org/CRDImages/ao/web-large/97409.jpg,0,https://www.metmuseum.org/art/collection/search/308154
308155,Wooden Spindle,Peruvian,10th–16th century (?),Textiles-Implements,True,https://images.metmuseum.org/CRDImages/ao/original/97409.jpg,https://images.metmuseum.org/CRDImages/ao/web-large/97409.jpg,0,https://www.metmuseum.org/art/collection/search/308155
308156,Wooden Spindle,Peruvian,10th–16th century (?),Textiles-Implements,True,https://images.metmuseum.org/CRDImages/ao/original/97409.jpg,https://images.metmuseum.org/CRDImages/ao/web-large/97409.jpg,0,https://www.metmuseum.org/art/collection/search/308156
308157,Wooden Spindle,Peruvian,10th–16th century (?),Textiles-Implements,True,https://images.metmuseum.org/CRDImages/ao/original/97409.jpg,https://images.metmuseum.org/CRDImages/ao/web-large/97409.jpg,0,https://www.metmuseum.org/art/collection/search/308157
308158,Wooden Spindle,Peruvian,10th–16th century (?),Textiles-Implements,True,https://images.metmuseum.org/CRDImages/ao/original/97409.jpg,https://images.metmuseum.org/CRDImages/ao/web-large/97409.jpg,0,https://www.metmuseum.org/art/collection/search/308158
308159,Wooden Spindle,Peruvian,10th–16th century (?),Textiles-Implements,True,https://images.metmuseum.org/CRDImages/ao/original/97409.jpg,https://images.metmuseum.org/CRDImages/ao/web-large/97409.jpg,0,https://www.metmuseum.org/art/collection/search/308159
308160,Wooden Spindle,Peruvian,10th–16th century (?),Textiles-Implements,True,https://images.metmuseum.org/CRDImages/ao/original/97409.jpg,https://images.metmuseum.org/CRDImages/ao/web-large/97409.jpg,0,https://www.metmuseum.org/art/collection/search/308160
308161,Wooden Spindle,Peruvian,10th–16th century (?),Textiles-Implements,True,https://images.metmuseum.org/CRDImages/ao/original/97409.jpg,https://images.metmuseum.org/CRDImages/ao/web-large/97409.jpg,0,https://www.metmuseum.org/art/collection/search/308161
308162,Wooden Spindle,Peruvian,10th–16th century (?),Textiles-Implements,True,https://images.metmuseum.org/CRDImages/ao/original/97409.jpg,https://images.metmuseum.org/CRDImages/ao/web-large/97409.jpg,0,https://www.metmuseum.org/art/collection/search/308162
308163,Spindle,Peruvian,10th–16th century (?),Textiles-Implements,True,https://images.metmuseum.org/CRDImages/ao/original/97409.jpg,https://images.metmuseum.org/CRDImages/ao/web-large/97409.jpg,0,https://www.metmuseum.org/art/collection/search/308163
308164,Spindle,Peruvian,10th–16th century (?),Textiles-Implements,True,https://images.metmuseum.org/CRDImages/ao/original/97409.jpg,https://images.metmuseum.org/CRDImages/ao/web-large/97409.jpg,0,https://www.metmuseum.org/art/collection/search/308164
308165,Spindle,Peruvian,10th–16th century (?),Textiles-Implements,True,https://images.metmuseum.org/CRDImages/ao/original/97409.jpg,https://images.metmuseum.org/CRDImages/ao/web-large/97409.jpg,0,https://www.metmuseum.org/art/collection/search/308165
308166,Wooden Spindle,Peruvian,10th–16th century (?),Textiles-Implements,True,https://images.metmuseum.org/CRDImages/ao/original/97409.jpg,https://images.metmuseum.org/CRDImages/ao/web-large/97409.jpg,0,https://www.metmuseum.org/art/collection/search/308166
308167,Wooden Spindle,Peruvian,10th–16th century (?),Textiles-Implements,True,https://images.metmuseum.org/CRDImages/ao/original/97409.jpg,https://images.metmuseum.org/CRDImages/ao/web-large/97409.jpg,0,https://www.metmuseum.org/art/collection/search/308167
308168,Wooden Spindle,Peruvian,10th–16th century (?),Textiles-Implements,True,https://images.metmuseum.org/CRDImages/ao/original/97409.jpg,https://images.metmuseum.org/CRDImages/ao/web-large/97409.jpg,0,https://www.metmuseum.org/art/collection/search/308168
308169,Wooden Spindle,Peruvian,10th–16th century (?),Textiles-Implements,True,https://images.metmuseum.org/CRDImages/ao/original/97409.jpg,https://images.metmuseum.org/CRDImages/ao/web-large/97409.jpg,0,https://www.metmuseum.org/art/collection/search/308169
308170,Wooden Spindle,Peruvian,10th–16th century (?),Textiles-Implements,True,https://images.metmuseum.org/CRDImages/ao/original/97409.jpg,https://images.metmuseum.org/CRDImages/ao/web-large/97409.jpg,0,https://www.metmuseum.org/art/collection/search/308170
308171,Wooden Spindle,Peruvian,10th–16th century (?),Textiles-Implements,True,https://images.metmuseum.org/CRDImages/ao/original/97409.jpg,https://images.metmuseum.org/CRDImages/ao/web-large/97409.jpg,0,https://www.metmuseum.org/art/collection/search/308171
308172,Wooden Spindle,Peruvian,10th–16th century (?),Textiles-Implements,True,https://images.metmuseum.org/CRDImages/ao/original/97409.jpg,https://images.metmuseum.org/CRDImages/ao/web-large/97409.jpg,0,https://www.metmuseum.org/art/collection/search/308172
308173,Wooden Spindle,Peruvian,10th–16th century (?),Textiles-Implements,True,https://images.metmuseum.org/CRDImages/ao/original/97409.jpg,https://images.metmuseum.org/CRDImages/ao/web-large/97409.jpg,0,https://www.metmuseum.org/art/collection/search/308173
308174,Wooden Spindle,Peruvian,10th–16th century (?),Textiles-Implements,True,https://images.metmuseum.org/CRDImages/ao/original/97409.jpg,https://images.metmuseum.org/CRDImages/ao/web-large/97409.jpg,0,https://www.metmuseum.org/art/collection/search/308174
308175,Wooden Spindle,Peruvian,10th–16th century (?),Textiles-Implements,True,https://images.metmuseum.org/CRDImages/ao/original/97409.jpg,https://images.metmuseum.org/CRDImages/ao/web-large/97409.jpg,1,https://www.metmuseum.org/art/collection/search/308175
308176,Wooden Spindle,Peruvian,10th–16th century (?),Textiles-Implements,True,https://images.metmuseum.org/CRDImages/ao/original/97410.jpg,https://images.metmuseum.org/CRDImages/ao/web-large/97410.jpg,0,https://www.metmuseum.org/art/collection/search/308176
308177,Wooden Spindle,Peruvian,10th–16th century (?),Textiles-Implements,True,https://images.metmuseum.org/CRDImages/ao/original/97410.jpg,https://images.metmuseum.org/CRDImages/ao/web-large/97410.jpg,0,https://www.metmuseum.org/art/collection/search/308177
308178,Wooden Spindle,Peruvian,10th–16th century (?),Textiles-Implements,True,https://images.metmuseum.org/CRDImages/ao/original/97410.jpg,https://images.metmuseum.org/CRDImages/ao/web-large/97410.jpg,0,https://www.metmuseum.org/art/collection/search/308178
308179,Wooden Spindle,Peruvian,10th–16th century (?),Textiles-Implements,True,https://images.metmuseum.org/CRDImages/ao/original/97410.jpg,https://images.metmuseum.org/CRDImages/ao/web-large/97410.jpg,0,https://www.metmuseum.org/art/collection/search/308179
308180,Wooden Spindle,Peruvian,10th–16th century (?),Textiles-Implements,True,https://images.metmuseum.org/CRDImages/ao/original/97410.jpg,https://images.metmuseum.org/CRDImages/ao/web-large/97410.jpg,0,https://www.metmuseum.org/art/collection/search/308180
308181,Wooden Spindle,Peruvian,10th–16th century (?),Textiles-Implements,True,https://images.metmuseum.org/CRDImages/ao/original/97410.jpg,https://images.metmuseum.org/CRDImages/ao/web-large/97410.jpg,0,https://www.metmuseum.org/art/collection/search/308181
308182,Wooden Spindle,Peruvian,10th–16th century (?),Textiles-Implements,True,https://images.metmuseum.org/CRDImages/ao/original/97410.jpg,https://images.metmuseum.org/CRDImages/ao/web-large/97410.jpg,0,https://www.metmuseum.org/art/collection/search/308182
308183,Wooden Spindle,Peruvian,10th–16th century (?),Textiles-Implements,True,https://images.metmuseum.org/CRDImages/ao/original/97410.jpg,https://images.metmuseum.org/CRDImages/ao/web-large/97410.jpg,0,https://www.metmuseum.org/art/collection/search/308183
308184,Wooden Spindle,Peruvian,10th–16th century (?),Textiles-Implements,True,https://images.metmuseum.org/CRDImages/ao/original/97410.jpg,https://images.metmuseum.org/CRDImages/ao/web-large/97410.jpg,0,https://www.metmuseum.org/art/collection/search/308184
308185,Wooden Spindle,Peruvian,10th–16th century (?),Textiles-Implements,True,https://images.metmuseum.org/CRDImages/ao/original/97410.jpg,https://images.metmuseum.org/CRDImages/ao/web-large/97410.jpg,0,https://www.metmuseum.org/art/collection/search/308185
308186,Wooden Spindle,Peruvian,10th–16th century (?),Textiles-Implements,True,https://images.metmuseum.org/CRDImages/ao/original/97410.jpg,https://images.metmuseum.org/CRDImages/ao/web-large/97410.jpg,0,https://www.metmuseum.org/art/collection/search/308186
308187,Wooden Spindle,Peruvian,10th–16th century (?),Textiles-Implements,True,https://images.metmuseum.org/CRDImages/ao/original/97410.jpg,https://images.metmuseum.org/CRDImages/ao/web-large/97410.jpg,0,https://www.metmuseum.org/art/collection/search/308187
308188,Wooden Spindle,Peruvian,10th–16th century (?),Textiles-Implements,True,https://images.metmuseum.org/CRDImages/ao/original/97410.jpg,https://images.metmuseum.org/CRDImages/ao/web-large/97410.jpg,0,https://www.metmuseum.org/art/collection/search/308188
308189,Wooden Spindle,Peruvian,10th–16th century (?),Textiles-Implements,True,https://images.metmuseum.org/CRDImages/ao/original/97410.jpg,https://images.metmuseum.org/CRDImages/ao/web-large/97410.jpg,0,https://www.metmuseum.org/art/collection/search/308189
308190,Wooden Spindle,Peruvian,10th–16th century (?),Textiles-Implements,True,https://images.metmuseum.org/CRDImages/ao/original/97410.jpg,https://images.metmuseum.org/CRDImages/ao/web-large/97410.jpg,0,https://www.metmuseum.org/art/collection/search/308190
308191,Wooden Spindle,Peruvian,10th–16th century (?),Textiles-Implements,True,https://images.metmuseum.org/CRDImages/ao/original/97410.jpg,https://images.metmuseum.org/CRDImages/ao/web-large/97410.jpg,0,https://www.metmuseum.org/art/collection/search/308191
308192,Wooden Spindle,Peruvian,10th–16th century (?),Textiles-Implements,True,https://images.metmuseum.org/CRDImages/ao/original/97410.jpg,https://images.metmuseum.org/CRDImages/ao/web-large/97410.jpg,0,https://www.metmuseum.org/art/collection/search/308192
308193,Wooden Spindle,Peruvian,10th–16th century (?),Textiles-Implements,True,https://images.metmuseum.org/CRDImages/ao/original/97411.jpg,https://images.metmuseum.org/CRDImages/ao/web-large/97411.jpg,0,https://www.metmuseum.org/art/collection/search/308193
308194,Wooden Spindle,Peruvian,10th–16th century (?),Textiles-Implements,True,https://images.metmuseum.org/CRDImages/ao/original/97411.jpg,https://images.metmuseum.org/CRDImages/ao/web-large/97411.jpg,0,https://www.metmuseum.org/art/collection/search/308194
308195,Wooden Spindle,Peruvian,10th–16th century (?),Textiles-Implements,True,https://images.metmuseum.org/CRDImages/ao/original/97411.jpg,https://images.metmuseum.org/CRDImages/ao/web-large/97411.jpg,0,https://www.metmuseum.org/art/collection/search/308195
308196,Wooden Spindle,Peruvian,10th–16th century (?),Textiles-Implements,True,https://images.metmuseum.org/CRDImages/ao/original/97411.jpg,https://images.metmuseum.org/CRDImages/ao/web-large/97411.jpg,0,https://www.metmuseum.org/art/collection/search/308196
308197,Wooden Spindle,Peruvian,10th–16th century (?),Textiles-Implements,True,https://images.metmuseum.org/CRDImages/ao/original/97411.jpg,https://images.metmuseum.org/CRDImages/ao/web-large/97411.jpg,0,https://www.metmuseum.org/art/collection/search/308197
308198,Wooden Spindle,Peruvian,10th–16th century (?),Textiles-Implements,True,https://images.metmuseum.org/CRDImages/ao/original/97411.jpg,https://images.metmuseum.org/CRDImages/ao/web-large/97411.jpg,0,https://www.metmuseum.org/art/collection/search/308198
308199,Wooden Spindle,Peruvian,10th–16th century (?),Textiles-Implements,True,https://images.metmuseum.org/CRDImages/ao/original/97411.jpg,https://images.metmuseum.org/CRDImages/ao/web-large/97411.jpg,0,https://www.metmuseum.org/art/collection/search/308199
308200,Wooden Spindle,Peruvian,10th–16th century (?),Textiles-Implements,True,https://images.metmuseum.org/CRDImages/ao/original/97411.jpg,https://images.metmuseum.org/CRDImages/ao/web-large/97411.jpg,0,https://www.metmuseum.org/art/collection/search/308200
308201,Wooden Spindle,Peruvian,10th–16th century (?),Textiles-Implements,True,https://images.metmuseum.org/CRDImages/ao/original/97411.jpg,https://images.metmuseum.org/CRDImages/ao/web-large/97411.jpg,0,https://www.metmuseum.org/art/collection/search/308201
308202,Wooden Spindle,Peruvian,10th–16th century (?),Textiles-Implements,True,https://images.metmuseum.org/CRDImages/ao/original/97411.jpg,https://images.metmuseum.org/CRDImages/ao/web-large/97411.jpg,0,https://www.metmuseum.org/art/collection/search/308202
308203,Wooden Spindle,Peruvian,10th–16th century (?),Textiles-Implements,True,https://images.metmuseum.org/CRDImages/ao/original/97411.jpg,https://images.metmuseum.org/CRDImages/ao/web-large/97411.jpg,0,https://www.metmuseum.org/art/collection/search/308203
308204,Wooden Spindle,Peruvian,10th–16th century (?),Textiles-Implements,True,https://images.metmuseum.org/CRDImages/ao/original/97411.jpg,https://images.metmuseum.org/CRDImages/ao/web-large/97411.jpg,0,https://www.metmuseum.org/art/collection/search/308204
308205,Wooden Spindle,Peruvian,10th–16th century (?),Textiles-Implements,True,https://images.metmuseum.org/CRDImages/ao/original/97411.jpg,https://images.metmuseum.org/CRDImages/ao/web-large/97411.jpg,0,https://www.metmuseum.org/art/collection/search/308205
308206,Wooden Spindle,Peruvian,10th–16th century (?),Textiles-Implements,True,https://images.metmuseum.org/CRDImages/ao/original/97411.jpg,https://images.metmuseum.org/CRDImages/ao/web-large/97411.jpg,0,https://www.metmuseum.org/art/collection/search/308206
308207,Wooden Spindle,Peruvian,10th–16th century (?),Textiles-Implements,True,https://images.metmuseum.org/CRDImages/ao/original/97411.jpg,https://images.metmuseum.org/CRDImages/ao/web-large/97411.jpg,1,https://www.metmuseum.org/art/collection/search/308207
308217,Bag,Arica,12th–15th century,Textiles-Woven,True,https://images.metmuseum.org/CRDImages/ao/original/DP18716.jpg,https://images.metmuseum.org/CRDImages/ao/web-large/DP18716.jpg,1,https://www.metmuseum.org/art/collection/search/308217
308278,Man's Kilt,Paracas,2nd–1st century BCE,Textiles-Woven,True,https://images.metmuseum.org/CRDImages/ao/original/169770.jpg,https://images.metmuseum.org/CRDImages/ao/web-large/169770.jpg,0,https://www.metmuseum.org/art/collection/search/308278
308279,Headband,Chimú,12th–15th century,Textiles-Woven,True,https://images.metmuseum.org/CRDImages/ao/original/169771.jpg,https://images.metmuseum.org/CRDImages/ao/web-large/169771.jpg,0,https://www.metmuseum.org/art/collection/search/308279
308280,Mantle,Chimú,12th–15th century,Textiles-Woven,True,https://images.metmuseum.org/CRDImages/ao/original/lb59_135_2b.jpg,https://images.metmuseum.org/CRDImages/ao/web-large/lb59_135_2b.jpg,0,https://www.metmuseum.org/art/collection/search/308280
308281,Loincloth,Chimú,12th–15th century,Textiles-Woven,True,https://images.metmuseum.org/CRDImages/ao/original/169773.jpg,https://images.metmuseum.org/CRDImages/ao/web-large/169773.jpg,0,https://www.metmuseum.org/art/collection/search/308281
308282,Panel with Figures,Nasca,7th century,Textiles-Non-Woven,True,https://images.metmuseum.org/CRDImages/ao/original/TP410.jpg,https://images.metmuseum.org/CRDImages/ao/web-large/TP410.jpg,1,https://www.metmuseum.org/art/collection/search/308282
308283,Panel with Figures,Chancay,12th–14th century,Textiles-Woven,True,https://images.metmuseum.org/CRDImages/ao/original/DP221260.jpg,https://images.metmuseum.org/CRDImages/ao/web-large/DP221260.jpg,1,https://www.metmuseum.org/art/collection/search/308283
308284,Panel,Nasca,7th century,Textiles-Woven,True,https://images.metmuseum.org/CRDImages/ao/original/169776.jpg,https://images.metmuseum.org/CRDImages/ao/web-large/169776.jpg,0,https://www.metmuseum.org/art/collection/search/308284
308285,Panel,Nasca,7th century,Textiles-Woven,True,https://images.metmuseum.org/CRDImages/ao/original/169777.jpg,https://images.metmuseum.org/CRDImages/ao/web-large/169777.jpg,0,https://www.metmuseum.org/art/collection/search/308285
308286,Hanging,Chimú,12th–15th century,Textiles-Woven,True,https://images.metmuseum.org/CRDImages/ao/original/169778.jpg,https://images.metmuseum.org/CRDImages/ao/web-large/169778.jpg,0,https://www.metmuseum.org/art/collection/search/308286
308287,Tabard,Chimú,1400–1600 CE,Feathers-Costumes,True,https://images.metmuseum.org/CRDImages/ao/original/DP-41559-001.jpg,https://images.metmuseum.org/CRDImages/ao/web-large/DP-41559-001.jpg,5,https://www.metmuseum.org/art/collection/search/308287
308290,Fragment,Chancay,12th–14th century,Textiles-Woven,True,https://images.metmuseum.org/CRDImages/ao/original/175775.jpg,https://images.metmuseum.org/CRDImages/ao/web-large/175775.jpg,0,https://www.metmuseum.org/art/collection/search/308290
308378,Unfinished Sampler Panel on Loom,Peru; central coast (?),10th–15th century,Textiles-Woven,True,https://images.metmuseum.org/CRDImages/ao/original/178013.jpg,https://images.metmuseum.org/CRDImages/ao/web-large/178013.jpg,0,https://www.metmuseum.org/art/collection/search/308378
308402,Feathered Tunic,Chimú,1400 - 1700 CE,Feathers-Containers,True,https://images.metmuseum.org/CRDImages/ao/original/DP214978.jpg,https://images.metmuseum.org/CRDImages/ao/web-large/DP214978.jpg,1,https://www.metmuseum.org/art/collection/search/308402
308417,Stirrup spout bottle with figure with llama headdress,Moche,3rd–6th century,Ceramics-Containers,True,https://images.metmuseum.org/CRDImages/ao/original/63.231.2.JPG,https://images.metmuseum.org/CRDImages/ao/web-large/63.231.2.JPG,1,https://www.metmuseum.org/art/collection/search/308417
308725,Copper Belt Fragment,Moche,1st–5th century,Metal-Ornaments,True,https://images.metmuseum.org/CRDImages/ao/original/64.228.192_a.JPG,https://images.metmuseum.org/CRDImages/ao/web-large/64.228.192_a.JPG,1,https://www.metmuseum.org/art/collection/search/308725
308726,Copper Belt Fragment,Moche,1st–5th century,Metal-Ornaments,True,https://images.metmuseum.org/CRDImages/ao/original/64.228.193.JPG,https://images.metmuseum.org/CRDImages/ao/web-large/64.228.193.JPG,0,https://www.metmuseum.org/art/collection/search/308726
308744,Textile Ornament,Chimú,14th–15th century,Metal-Ornaments,True,https://images.metmuseum.org/CRDImages/ao/original/64.228.211.JPG,https://images.metmuseum.org/CRDImages/ao/web-large/64.228.211.JPG,0,https://www.metmuseum.org/art/collection/search/308744
308745,Textile Ornament,Chimú,14th–15th century,Metal-Ornaments,True,https://images.metmuseum.org/CRDImages/ao/original/64.228.212.JPG,https://images.metmuseum.org/CRDImages/ao/web-large/64.228.212.JPG,0,https://www.metmuseum.org/art/collection/search/308745
308746,Textile Ornament,Chimú,14th–15th century,Metal-Ornaments,True,https://images.metmuseum.org/CRDImages/ao/original/64.228.213.JPG,https://images.metmuseum.org/CRDImages/ao/web-large/64.228.213.JPG,0,https://www.metmuseum.org/art/collection/search/308746
308747,Textile Ornament,Chimú,14th–15th century,Metal-Ornaments,True,https://images.metmuseum.org/CRDImages/ao/original/64.228.214.JPG,https://images.metmuseum.org/CRDImages/ao/web-large/64.228.214.JPG,0,https://www.metmuseum.org/art/collection/search/308747
308748,Textile Ornament,Chimú,14th–15th century,Metal-Ornaments,True,https://images.metmuseum.org/CRDImages/ao/original/64.228.215.JPG,https://images.metmuseum.org/CRDImages/ao/web-large/64.228.215.JPG,0,https://www.metmuseum.org/art/collection/search/308748
308749,Textile Ornament,Chimú,14th–15th century,Metal-Ornaments,True,https://images.metmuseum.org/CRDImages/ao/original/64.228.216.JPG,https://images.metmuseum.org/CRDImages/ao/web-large/64.228.216.JPG,0,https://www.metmuseum.org/art/collection/search/308749
308750,Textile Ornament,Chimú,14th–15th century,Metal-Ornaments,True,https://images.metmuseum.org/CRDImages/ao/original/64.228.217.JPG,https://images.metmuseum.org/CRDImages/ao/web-large/64.228.217.JPG,0,https://www.metmuseum.org/art/collection/search/308750
308751,Textile Ornament,Chimú,14th–15th century,Metal-Ornaments,True,https://images.metmuseum.org/CRDImages/ao/original/64.228.218.JPG,https://images.metmuseum.org/CRDImages/ao/web-large/64.228.218.JPG,0,https://www.metmuseum.org/art/collection/search/308751
308752,Textile Ornament,Chimú,14th–15th century,Metal-Ornaments,True,https://images.metmuseum.org/CRDImages/ao/original/64.228.219.JPG,https://images.metmuseum.org/CRDImages/ao/web-large/64.228.219.JPG,0,https://www.metmuseum.org/art/collection/search/308752
308753,Textile Ornament,Chimú,1300 - 1500 CE,Metal-Ornaments,True,https://images.metmuseum.org/CRDImages/ao/original/64.228.220.JPG,https://images.metmuseum.org/CRDImages/ao/web-large/64.228.220.JPG,0,https://www.metmuseum.org/art/collection/search/308753
308754,Textile Ornament,Chimú,14th–15th century,Metal-Ornaments,True,https://images.metmuseum.org/CRDImages/ao/original/64.228.221.JPG,https://images.metmuseum.org/CRDImages/ao/web-large/64.228.221.JPG,0,https://www.metmuseum.org/art/collection/search/308754
308755,Textile Ornament,Chimú,14th–15th century,Metal-Ornaments,True,https://images.metmuseum.org/CRDImages/ao/original/64.228.222.JPG,https://images.metmuseum.org/CRDImages/ao/web-large/64.228.222.JPG,0,https://www.metmuseum.org/art/collection/search/308755
308756,Textile Ornament,Chimú,14th–15th century,Metal-Ornaments,True,https://images.metmuseum.org/CRDImages/ao/original/64.228.223.JPG,https://images.metmuseum.org/CRDImages/ao/web-large/64.228.223.JPG,0,https://www.metmuseum.org/art/collection/search/308756
308757,Textile Ornament,Chimú,14th–15th century,Metal-Ornaments,True,https://images.metmuseum.org/CRDImages/ao/original/64.228.224.JPG,https://images.metmuseum.org/CRDImages/ao/web-large/64.228.224.JPG,0,https://www.metmuseum.org/art/collection/search/308757
308758,Textile Ornament,Chimú,14th–15th century,Metal-Ornaments,True,https://images.metmuseum.org/CRDImages/ao/original/64.228.225.JPG,https://images.metmuseum.org/CRDImages/ao/web-large/64.228.225.JPG,0,https://www.metmuseum.org/art/collection/search/308758
308759,Textile Ornament,Chimú (?),14th–15th century,Metal-Ornaments,True,https://images.metmuseum.org/CRDImages/ao/original/64.228.226.JPG,https://images.metmuseum.org/CRDImages/ao/web-large/64.228.226.JPG,0,https://www.metmuseum.org/art/collection/search/308759
308760,Textile Ornament,Chimú,14th–15th century,Metal-Ornaments,True,https://images.metmuseum.org/CRDImages/ao/original/64.228.227.JPG,https://images.metmuseum.org/CRDImages/ao/web-large/64.228.227.JPG,0,https://www.metmuseum.org/art/collection/search/308760
308761,Textile Ornament,Chimú,14th–15th century,Metal-Ornaments,True,https://images.metmuseum.org/CRDImages/ao/original/64.228.228.JPG,https://images.metmuseum.org/CRDImages/ao/web-large/64.228.228.JPG,0,https://www.metmuseum.org/art/collection/search/308761
308771,Plain Panel with Sewn Silverfish and Danglers,Central coast (?),11th–13th century,Textiles-Woven,True,https://images.metmuseum.org/CRDImages/ao/original/DP18684_64.228.243.jpg,https://images.metmuseum.org/CRDImages/ao/web-large/DP18684_64.228.243.jpg,0,https://www.metmuseum.org/art/collection/search/308771
308856,Hammered Copper Needle,Peru; north coast (?),1st–mid-16th century,Textiles-Implements,True,https://images.metmuseum.org/CRDImages/ao/original/vs64_228_594_596.jpg,https://images.metmuseum.org/CRDImages/ao/web-large/vs64_228_594_596.jpg,0,https://www.metmuseum.org/art/collection/search/308856
308857,Hammered Copper Needle,Peru; north coast (?),1st–mid-16th century,Textiles-Implements,True,https://images.metmuseum.org/CRDImages/ao/original/vs64_228_594_596.jpg,https://images.metmuseum.org/CRDImages/ao/web-large/vs64_228_594_596.jpg,0,https://www.metmuseum.org/art/collection/search/308857
308878,Hammered Copper Needle,Peru; north coast (?),1st–mid-16th century,Textiles-Implements,True,https://images.metmuseum.org/CRDImages/ao/original/vs64_228_594_596.jpg,https://images.metmuseum.org/CRDImages/ao/web-large/vs64_228_594_596.jpg,0,https://www.metmuseum.org/art/collection/search/308878
308900,Hammered Gold Band,Peruvian,200–900 CE,Metal-Ornaments,True,https://images.metmuseum.org/CRDImages/ao/original/VS64_228_372.JPG,https://images.metmuseum.org/CRDImages/ao/web-large/VS64_228_372.JPG,0,https://www.metmuseum.org/art/collection/search/308900
308901,Hammered Gold Half Band,Peruvian,200–900 CE,Metal-Ornaments,True,https://images.metmuseum.org/CRDImages/ao/original/vs64_228_373.jpg,https://images.metmuseum.org/CRDImages/ao/web-large/vs64_228_373.jpg,0,https://www.metmuseum.org/art/collection/search/308901
308903,Hammered Gold Band with Bells,Peru; north coast (?),1st–mid-16th century,Metal-Ornaments,True,https://images.metmuseum.org/CRDImages/ao/original/vs64_228_375.JPG,https://images.metmuseum.org/CRDImages/ao/web-large/vs64_228_375.JPG,0,https://www.metmuseum.org/art/collection/search/308903
308904,Hammered Gold Band with Bells,Peru; north coast (?),1st–mid-16th century,Metal-Ornaments,True,https://images.metmuseum.org/CRDImages/ao/original/vs64_228_376.JPG,https://images.metmuseum.org/CRDImages/ao/web-large/vs64_228_376.JPG,0,https://www.metmuseum.org/art/collection/search/308904
308905,Hammered Gold Band with Bells,Peru; north coast (?),1st–mid-16th century,Metal-Ornaments,True,https://images.metmuseum.org/CRDImages/ao/original/vs64_228_377.JPG,https://images.metmuseum.org/CRDImages/ao/web-large/vs64_228_377.JPG,0,https://www.metmuseum.org/art/collection/search/308905
308906,Hammered Gold Band with Bells,Peru; north coast (?),1st–mid-16th century,Metal-Ornaments,True,https://images.metmuseum.org/CRDImages/ao/original/vs64_228_378.JPG,https://images.metmuseum.org/CRDImages/ao/web-large/vs64_228_378.JPG,0,https://www.metmuseum.org/art/collection/search/308906
309047,Hammered Silver Miniature Crown,Peru; north or central coast (?),11th–mid-16th century,Metal-Ornaments,True,https://images.metmuseum.org/CRDImages/ao/original/vs64_228_536_38.JPG,https://images.metmuseum.org/CRDImages/ao/web-large/vs64_228_536_38.JPG,1,https://www.metmuseum.org/art/collection/search/309047
309090,Hammered Copper Band,Peruvian,1450–1530 CE,Metal-Ornaments,True,https://images.metmuseum.org/CRDImages/ao/original/vs64_228_579.jpg,https://images.metmuseum.org/CRDImages/ao/web-large/vs64_228_579.jpg,0,https://www.metmuseum.org/art/collection/search/309090
309091,Hammered Copper Band,Peruvian,1450–1530 CE,Metal-Ornaments,True,https://images.metmuseum.org/CRDImages/ao/original/vs64_228_580.jpg,https://images.metmuseum.org/CRDImages/ao/web-large/vs64_228_580.jpg,0,https://www.metmuseum.org/art/collection/search/309091
309092,Hammered Copper Band,Peruvian,1450–1530 CE,Metal-Ornaments,True,https://images.metmuseum.org/CRDImages/ao/original/vs64_228_581.jpg,https://images.metmuseum.org/CRDImages/ao/web-large/vs64_228_581.jpg,0,https://www.metmuseum.org/art/collection/search/309092
309093,Hammered Copper Band,Peruvian,1450–1530 CE,Metal-Ornaments,True,https://images.metmuseum.org/CRDImages/ao/original/vs64_228_582.jpg,https://images.metmuseum.org/CRDImages/ao/web-large/vs64_228_582.jpg,0,https://www.metmuseum.org/art/collection/search/309093
309094,Hammered Copper Band,Peruvian,1450–1530 CE,Metal-Ornaments,True,https://images.metmuseum.org/CRDImages/ao/original/vs64_228_583a.jpg,https://images.metmuseum.org/CRDImages/ao/web-large/vs64_228_583a.jpg,0,https://www.metmuseum.org/art/collection/search/309094
309103,Hammered Copper Needle,Peru; north coast (?),1st–mid-16th century,Textiles-Implements,True,https://images.metmuseum.org/CRDImages/ao/original/vs64_228_605.JPG,https://images.metmuseum.org/CRDImages/ao/web-large/vs64_228_605.JPG,0,https://www.metmuseum.org/art/collection/search/309103
309257,Bone Weaving Bobbin,Peru; north coast (?),8th–mid-16th century,Textiles-Implements,True,https://images.metmuseum.org/CRDImages/ao/original/64.228.732.jpg,https://images.metmuseum.org/CRDImages/ao/web-large/64.228.732.jpg,1,https://www.metmuseum.org/art/collection/search/309257
309258,Bone Weaving Bobbin,Peru; north coast (?),8th–mid-16th century,Textiles-Implements,True,https://images.metmuseum.org/CRDImages/ao/original/64.228.733.jpg,https://images.metmuseum.org/CRDImages/ao/web-large/64.228.733.jpg,1,https://www.metmuseum.org/art/collection/search/309258
309259,Bone Weaving Bobbin,Peru; north coast (?),8th–mid-16th century,Textiles-Implements,True,https://images.metmuseum.org/CRDImages/ao/original/64.228.734.jpg,https://images.metmuseum.org/CRDImages/ao/web-large/64.228.734.jpg,1,https://www.metmuseum.org/art/collection/search/309259
309260,Bone Weaving Bobbin,Peru; north coast (?),8th–mid-16th century,Textiles-Implements,True,https://images.metmuseum.org/CRDImages/ao/original/64.228.735.jpg,https://images.metmuseum.org/CRDImages/ao/web-large/64.228.735.jpg,1,https://www.metmuseum.org/art/collection/search/309260
309261,Bone Weaving Bobbin,Peru; north coast (?),8th–mid-16th century,Textiles-Implements,True,https://images.metmuseum.org/CRDImages/ao/original/64.228.736.jpg,https://images.metmuseum.org/CRDImages/ao/web-large/64.228.736.jpg,1,https://www.metmuseum.org/art/collection/search/309261
309262,Bone Weaving Bobbin,Peru; north coast (?),8th–mid-16th century,Textiles-Implements,True,https://images.metmuseum.org/CRDImages/ao/original/64.228.737.jpg,https://images.metmuseum.org/CRDImages/ao/web-large/64.228.737.jpg,1,https://www.metmuseum.org/art/collection/search/309262
309263,Bone Weaving Bobbin,Peru; north coast (?),8th–mid-16th century,Textiles-Implements,True,https://images.metmuseum.org/CRDImages/ao/original/64.228.738.jpg,https://images.metmuseum.org/CRDImages/ao/web-large/64.228.738.jpg,1,https://www.metmuseum.org/art/collection/search/309263
309264,Bone Weaving Bobbin,Peru; north coast (?),8th–mid-16th century,Textiles-Implements,True,https://images.metmuseum.org/CRDImages/ao/original/64.228.739.jpg,https://images.metmuseum.org/CRDImages/ao/web-large/64.228.739.jpg,1,https://www.metmuseum.org/art/collection/search/309264
309265,Bone Weaving Bobbin,Peru; north coast (?),8th–mid-16th century,Textiles-Implements,True,https://images.metmuseum.org/CRDImages/ao/original/64.228.740.jpg,https://images.metmuseum.org/CRDImages/ao/web-large/64.228.740.jpg,1,https://www.metmuseum.org/art/collection/search/309265
309266,Bone Weaving Bobbin,Peru; north coast (?),8th–mid-16th century,Textiles-Implements,True,https://images.metmuseum.org/CRDImages/ao/original/64.228.741.jpg,https://images.metmuseum.org/CRDImages/ao/web-large/64.228.741.jpg,1,https://www.metmuseum.org/art/collection/search/309266
309267,Bone Weaving Bobbin,Peru; north coast (?),8th–mid-16th century,Textiles-Implements,True,https://images.metmuseum.org/CRDImages/ao/original/64.228.742.jpg,https://images.metmuseum.org/CRDImages/ao/web-large/64.228.742.jpg,1,https://www.metmuseum.org/art/collection/search/309267
309272,Wooden Spindle,Peruvian,before 16th century,Textiles-Implements,True,https://images.metmuseum.org/CRDImages/ao/original/64.228.747.jpg,https://images.metmuseum.org/CRDImages/ao/web-large/64.228.747.jpg,0,https://www.metmuseum.org/art/collection/search/309272
309273,Wooden Weaving Tool,Peruvian,before 16th century,Wood-Implements,True,https://images.metmuseum.org/CRDImages/ao/original/64.228.748.jpg,https://images.metmuseum.org/CRDImages/ao/web-large/64.228.748.jpg,0,https://www.metmuseum.org/art/collection/search/309273
309275,Wooden Spindle (?),Peruvian,before 16th century,Textiles-Implements,True,https://images.metmuseum.org/CRDImages/ao/original/64.228.750.jpg,https://images.metmuseum.org/CRDImages/ao/web-large/64.228.750.jpg,0,https://www.metmuseum.org/art/collection/search/309275
309276,Wooden Loom Bar,Peruvian,before 16th century,Textiles-Implements,True,https://images.metmuseum.org/CRDImages/ao/original/64.228.751.jpg,https://images.metmuseum.org/CRDImages/ao/web-large/64.228.751.jpg,0,https://www.metmuseum.org/art/collection/search/309276
309277,Wooden Loom Bar,Peruvian,before 16th century,Textiles-Implements,True,https://images.metmuseum.org/CRDImages/ao/original/64.228.752.jpg,https://images.metmuseum.org/CRDImages/ao/web-large/64.228.752.jpg,0,https://www.metmuseum.org/art/collection/search/309277
309278,Wooden Weaving Sword,Peruvian,before 16th century,Wood-Implements,True,https://images.metmuseum.org/CRDImages/ao/original/64.228.753.jpg,https://images.metmuseum.org/CRDImages/ao/web-large/64.228.753.jpg,0,https://www.metmuseum.org/art/collection/search/309278
309279,Wooden Weaving Tool,Peru; north or central coast (?),8th–mid-16th century,Wood-Implements,True,https://images.metmuseum.org/CRDImages/ao/original/64.228.754.jpg,https://images.metmuseum.org/CRDImages/ao/web-large/64.228.754.jpg,1,https://www.metmuseum.org/art/collection/search/309279
309282,Baton (?),Peruvian,before 16th century,Wood-Implements,True,https://images.metmuseum.org/CRDImages/ao/original/64.228.757.jpg,https://images.metmuseum.org/CRDImages/ao/web-large/64.228.757.jpg,2,https://www.metmuseum.org/art/collection/search/309282
309283,Square Panel with Tassels,Chimú,12th–15th century,Textiles-Woven,False,,,0,https://www.metmuseum.org/art/collection/search/309283
309501,"Bottle, Figure Showing Tunic",Moche,1st–3rd century,Ceramics-Containers,True,https://images.metmuseum.org/CRDImages/ao/original/67.167.33.JPG,https://images.metmuseum.org/CRDImages/ao/web-large/67.167.33.JPG,1,https://www.metmuseum.org/art/collection/search/309501
309502,"Bottle, Figure Showing Tunic",Moche,1st–3rd century,Ceramics-Containers,True,https://images.metmuseum.org/CRDImages/ao/original/67.167.34.JPG,https://images.metmuseum.org/CRDImages/ao/web-large/67.167.34.JPG,0,https://www.metmuseum.org/art/collection/search/309502
309528,Band,Inca,15th–16th century,Textiles-Woven,True,https://images.metmuseum.org/CRDImages/ao/original/189514.jpg,https://images.metmuseum.org/CRDImages/ao/web-large/189514.jpg,0,https://www.metmuseum.org/art/collection/search/309528
309548,Feathered Tunic,Chimú,15th–early 17th century,Feathers-Costumes,True,https://images.metmuseum.org/CRDImages/ao/original/69.62.2_a.JPG,https://images.metmuseum.org/CRDImages/ao/web-large/69.62.2_a.JPG,2,https://www.metmuseum.org/art/collection/search/309548
309558,Woven Panel Fragment,Peru; central coast (?),14th century,Textiles-Woven,True,https://images.metmuseum.org/CRDImages/ao/original/206904.jpg,https://images.metmuseum.org/CRDImages/ao/web-large/206904.jpg,0,https://www.metmuseum.org/art/collection/search/309558
309757,Tall Jar with Crosshatch Designs,Nasca,1st–6th century,Ceramics-Containers,True,https://images.metmuseum.org/CRDImages/ao/original/1970.246.4.jpg,https://images.metmuseum.org/CRDImages/ao/web-large/1970.246.4.jpg,0,https://www.metmuseum.org/art/collection/search/309757
309761,Tunic Fragment,Wari,7th–9th century,Textiles-Woven,True,https://images.metmuseum.org/CRDImages/ao/original/DP18619.jpg,https://images.metmuseum.org/CRDImages/ao/web-large/DP18619.jpg,0,https://www.metmuseum.org/art/collection/search/309761
309762,Bag with Tassels,Peruvian,8th–16th century,Textiles-Woven,True,https://images.metmuseum.org/CRDImages/ao/original/DP18707.jpg,https://images.metmuseum.org/CRDImages/ao/web-large/DP18707.jpg,0,https://www.metmuseum.org/art/collection/search/309762
309960,Miniature camelid effigy,Inca,1400–1535 CE,Metalwork-Sculpture,True,https://images.metmuseum.org/CRDImages/ao/original/DP-13440-031.jpg,https://images.metmuseum.org/CRDImages/ao/web-large/DP-13440-031.jpg,5,https://www.metmuseum.org/art/collection/search/309960
310058,Embroidered Panel with Figure,Chimú,12th–15th century,Textiles-Woven,True,https://images.metmuseum.org/CRDImages/ao/original/220198.jpg,https://images.metmuseum.org/CRDImages/ao/web-large/220198.jpg,0,https://www.metmuseum.org/art/collection/search/310058
310059,Painted Woven Panel,Chancay,7th–9th century,Textiles-Woven,True,https://images.metmuseum.org/CRDImages/ao/original/vs1978_412_13.jpg,https://images.metmuseum.org/CRDImages/ao/web-large/vs1978_412_13.jpg,0,https://www.metmuseum.org/art/collection/search/310059
310191,Tunic,Central Coast (?),12th–15th century,Textiles-Woven,True,https://images.metmuseum.org/CRDImages/ao/original/209619.jpg,https://images.metmuseum.org/CRDImages/ao/web-large/209619.jpg,0,https://www.metmuseum.org/art/collection/search/310191
310308,Lime container in the shape of a captive,Wari,650–1000 CE,Wood-Containers,True,https://images.metmuseum.org/CRDImages/ao/original/DP270994.jpg,https://images.metmuseum.org/CRDImages/ao/web-large/DP270994.jpg,1,https://www.metmuseum.org/art/collection/search/310308
310450,Tapestry Bag,Nasca,7th century,Textiles-Woven,True,https://images.metmuseum.org/CRDImages/ao/original/DP18639.jpg,https://images.metmuseum.org/CRDImages/ao/web-large/DP18639.jpg,0,https://www.metmuseum.org/art/collection/search/310450
310451,Bag,Nasca,7th century,Textiles-Woven,True,"https://images.metmuseum.org/CRDImages/ao/original/DP18583_1978.309.10,1.jpg","https://images.metmuseum.org/CRDImages/ao/web-large/DP18583_1978.309.10,1.jpg",1,https://www.metmuseum.org/art/collection/search/310451
310463,Feathered Headdress,Chimú,15th–early 17th century,Feathers-Costumes,True,https://images.metmuseum.org/CRDImages/ao/original/DP216702.jpg,https://images.metmuseum.org/CRDImages/ao/web-large/DP216702.jpg,3,https://www.metmuseum.org/art/collection/search/310463
310476,Feathered Tabard,Inca,13th–14th century,Feathers-Costumes,True,https://images.metmuseum.org/CRDImages/ao/original/DP218937.jpg,https://images.metmuseum.org/CRDImages/ao/web-large/DP218937.jpg,3,https://www.metmuseum.org/art/collection/search/310476
310503,Feathered Ornament,Central or south coast (?),11th–15th century (?),Feathers-Ornaments,True,https://images.metmuseum.org/CRDImages/ao/original/1978.412.47_a.jpg,https://images.metmuseum.org/CRDImages/ao/web-large/1978.412.47_a.jpg,2,https://www.metmuseum.org/art/collection/search/310503
310504,Feathered Ornament,Central or south coast (?),11th–15th century (?),Feathers-Ornaments,True,https://images.metmuseum.org/CRDImages/ao/original/220903.jpg,https://images.metmuseum.org/CRDImages/ao/web-large/220903.jpg,0,https://www.metmuseum.org/art/collection/search/310504
310505,Feathered Ornament,Central or south coast (?),11th–15th century (?),Feathers-Ornaments,True,https://images.metmuseum.org/CRDImages/ao/original/256117.jpg,https://images.metmuseum.org/CRDImages/ao/web-large/256117.jpg,0,https://www.metmuseum.org/art/collection/search/310505
310506,Feathered Ornament,Central or south coast (?),11th–15th century (?),Feathers-Ornaments,True,https://images.metmuseum.org/CRDImages/ao/original/256118.jpg,https://images.metmuseum.org/CRDImages/ao/web-large/256118.jpg,0,https://www.metmuseum.org/art/collection/search/310506
310507,Feathered Ornament,Central or south coast (?),11th–15th century (?),Feathers-Ornaments,True,https://images.metmuseum.org/CRDImages/ao/original/256121.jpg,https://images.metmuseum.org/CRDImages/ao/web-large/256121.jpg,0,https://www.metmuseum.org/art/collection/search/310507
310511,Mantle Fragment,Paracas,6th–5th century BCE,Textiles-Woven,True,https://images.metmuseum.org/CRDImages/ao/original/SC207345.jpg,https://images.metmuseum.org/CRDImages/ao/web-large/SC207345.jpg,1,https://www.metmuseum.org/art/collection/search/310511
310530,Border Fragment,Nasca,3rd–2nd century BCE,Textiles-Woven,True,https://images.metmuseum.org/CRDImages/ao/original/vs1978_412_78.jpg,https://images.metmuseum.org/CRDImages/ao/web-large/vs1978_412_78.jpg,0,https://www.metmuseum.org/art/collection/search/310530
310695,Openwork Headband,Chancay,12th–15th century,Textiles-Non-Woven,True,https://images.metmuseum.org/CRDImages/ao/original/221102.jpg,https://images.metmuseum.org/CRDImages/ao/web-large/221102.jpg,0,https://www.metmuseum.org/art/collection/search/310695
310696,Openwork Headband,Chancay,12th–15th century,Textiles-Non-Woven,True,https://images.metmuseum.org/CRDImages/ao/original/221103.jpg,https://images.metmuseum.org/CRDImages/ao/web-large/221103.jpg,0,https://www.metmuseum.org/art/collection/search/310696
310697,Openwork Headband,Chancay,12th–15th century,Textiles-Non-Woven,True,https://images.metmuseum.org/CRDImages/ao/original/221104.jpg,https://images.metmuseum.org/CRDImages/ao/web-large/221104.jpg,0,https://www.metmuseum.org/art/collection/search/310697
310698,Headcloth,Chancay,12th–15th century,Textiles-Non-Woven,True,https://images.metmuseum.org/CRDImages/ao/original/DP-26537-001.jpg,https://images.metmuseum.org/CRDImages/ao/web-large/DP-26537-001.jpg,2,https://www.metmuseum.org/art/collection/search/310698
310699,Openwork Headband,Chancay,10th–14th century,Textiles-Non-Woven,True,https://images.metmuseum.org/CRDImages/ao/original/221106.jpg,https://images.metmuseum.org/CRDImages/ao/web-large/221106.jpg,0,https://www.metmuseum.org/art/collection/search/310699
310700,Openwork Headband,Chancay,12th–15th century,Textiles-Non-Woven,True,https://images.metmuseum.org/CRDImages/ao/original/221107.jpg,https://images.metmuseum.org/CRDImages/ao/web-large/221107.jpg,0,https://www.metmuseum.org/art/collection/search/310700
310701,Mantle Fragment,Wari,9th–10th century,Textiles-Woven,True,https://images.metmuseum.org/CRDImages/ao/original/221108.jpg,https://images.metmuseum.org/CRDImages/ao/web-large/221108.jpg,0,https://www.metmuseum.org/art/collection/search/310701
310718,Openwork Headband,Chancay,12th–15th century,Textiles-Non-Woven,True,https://images.metmuseum.org/CRDImages/ao/original/221123.jpg,https://images.metmuseum.org/CRDImages/ao/web-large/221123.jpg,0,https://www.metmuseum.org/art/collection/search/310718
310719,Openwork Headband,Chancay,12th–15th century,Textiles-Non-Woven,True,https://images.metmuseum.org/CRDImages/ao/original/221124.jpg,https://images.metmuseum.org/CRDImages/ao/web-large/221124.jpg,0,https://www.metmuseum.org/art/collection/search/310719
312167,Bag,Nasca,7th century,Textiles-Woven,True,"https://images.metmuseum.org/CRDImages/ao/original/DP18581_1979.205.13,1.jpg","https://images.metmuseum.org/CRDImages/ao/web-large/DP18581_1979.205.13,1.jpg",2,https://www.metmuseum.org/art/collection/search/312167
312244,Feathered Panel,Wari,600–900 CE,Textiles-Featherwork,True,https://images.metmuseum.org/CRDImages/ao/original/DP-15008-019.jpg,https://images.metmuseum.org/CRDImages/ao/web-large/DP-15008-019.jpg,1,https://www.metmuseum.org/art/collection/search/312244
312245,Feathered Panel,Wari,600–900 CE,Textiles-Featherwork,True,https://images.metmuseum.org/CRDImages/ao/original/DP-15008-015.jpg,https://images.metmuseum.org/CRDImages/ao/web-large/DP-15008-015.jpg,1,https://www.metmuseum.org/art/collection/search/312245
312246,Miniature Dress,Ica,12th–13th century,Textiles-Featherwork,True,https://images.metmuseum.org/CRDImages/ao/original/DP-28479-001.jpg,https://images.metmuseum.org/CRDImages/ao/web-large/DP-28479-001.jpg,5,https://www.metmuseum.org/art/collection/search/312246
312247,Miniature Dress,Ica,12th–13th century,Textiles-Featherwork,True,https://images.metmuseum.org/CRDImages/ao/original/DP18349.jpg,https://images.metmuseum.org/CRDImages/ao/web-large/DP18349.jpg,1,https://www.metmuseum.org/art/collection/search/312247
312248,Textile ornament,Nasca,1–700 CE,Metal-Ornaments,True,https://images.metmuseum.org/CRDImages/ao/original/DP-25881-001.jpg,https://images.metmuseum.org/CRDImages/ao/web-large/DP-25881-001.jpg,0,https://www.metmuseum.org/art/collection/search/312248
312249,Textile ornament,Nasca,1–700 CE,Metal-Ornaments,True,https://images.metmuseum.org/CRDImages/ao/original/DP-25882-001.jpg,https://images.metmuseum.org/CRDImages/ao/web-large/DP-25882-001.jpg,0,https://www.metmuseum.org/art/collection/search/312249
312250,Textile ornament,Nasca,1–700 CE,Metal-Ornaments,True,https://images.metmuseum.org/CRDImages/ao/original/DP-25883-001.jpg,https://images.metmuseum.org/CRDImages/ao/web-large/DP-25883-001.jpg,0,https://www.metmuseum.org/art/collection/search/312250
312497,Miniature Dress,Ica,12th–13th century,Textiles-Featherwork,True,https://images.metmuseum.org/CRDImages/ao/original/DP216937.jpg,https://images.metmuseum.org/CRDImages/ao/web-large/DP216937.jpg,1,https://www.metmuseum.org/art/collection/search/312497
312498,Miniature Dress,Ica,12th–13th century,Textiles-Featherwork,True,https://images.metmuseum.org/CRDImages/ao/original/DP216932.jpg,https://images.metmuseum.org/CRDImages/ao/web-large/DP216932.jpg,3,https://www.metmuseum.org/art/collection/search/312498
312499,Miniature Dress,Ica,12th–13th century,Textiles-Featherwork,True,https://images.metmuseum.org/CRDImages/ao/original/DP18353.jpg,https://images.metmuseum.org/CRDImages/ao/web-large/DP18353.jpg,1,https://www.metmuseum.org/art/collection/search/312499
312500,Miniature Dress,Ica,12th–13th century,Textiles-Featherwork,True,"https://images.metmuseum.org/CRDImages/ao/original/DP18355_1979.206.635,A.jpg","https://images.metmuseum.org/CRDImages/ao/web-large/DP18355_1979.206.635,A.jpg",1,https://www.metmuseum.org/art/collection/search/312500
312613,Tunic Fragment,Moche-Wari,7th–8th century,Textiles-Woven,True,https://images.metmuseum.org/CRDImages/ao/original/1979.206.392_a.jpg,https://images.metmuseum.org/CRDImages/ao/web-large/1979.206.392_a.jpg,6,https://www.metmuseum.org/art/collection/search/312613
312614,Tunic Section,Wari,7th–9th century,Textiles-Woven,True,https://images.metmuseum.org/CRDImages/ao/original/TP411.jpg,https://images.metmuseum.org/CRDImages/ao/web-large/TP411.jpg,0,https://www.metmuseum.org/art/collection/search/312614
312615,Tunic Fragment,Wari,7th–9th century,Textiles-Woven,True,https://images.metmuseum.org/CRDImages/ao/original/TP412.jpg,https://images.metmuseum.org/CRDImages/ao/web-large/TP412.jpg,1,https://www.metmuseum.org/art/collection/search/312615
312616,Tunic Fragment,Chimú,12th–15th century,Textiles-Woven,True,https://images.metmuseum.org/CRDImages/ao/original/LC-1979_206_395 TMSa.jpg,https://images.metmuseum.org/CRDImages/ao/web-large/LC-1979_206_395 TMSa.jpg,0,https://www.metmuseum.org/art/collection/search/312616
312668,Bag,Nasca,7th century,Textiles-Woven,True,"https://images.metmuseum.org/CRDImages/ao/original/DP18577_1979.206.458,1.jpg","https://images.metmuseum.org/CRDImages/ao/web-large/DP18577_1979.206.458,1.jpg",1,https://www.metmuseum.org/art/collection/search/312668
312669,Panel,Chancay,1100–1400,Textiles-Woven,True,https://images.metmuseum.org/CRDImages/ao/original/1979_206_459_EX_01.jpg,https://images.metmuseum.org/CRDImages/ao/web-large/1979_206_459_EX_01.jpg,3,https://www.metmuseum.org/art/collection/search/312669
312670,Tapestry Fragment,Chimú,12th–15th century,Textiles-Woven,True,https://images.metmuseum.org/CRDImages/ao/original/220390.jpg,https://images.metmuseum.org/CRDImages/ao/web-large/220390.jpg,0,https://www.metmuseum.org/art/collection/search/312670
312671,Tunic,Wari,7th–9th century,Textiles-Woven,True,https://images.metmuseum.org/CRDImages/ao/original/1979.206.461.jpg,https://images.metmuseum.org/CRDImages/ao/web-large/1979.206.461.jpg,2,https://www.metmuseum.org/art/collection/search/312671
312672,Mantle,Wari,7th–9th century,Textiles-Woven,True,https://images.metmuseum.org/CRDImages/ao/original/DP264884.jpg,https://images.metmuseum.org/CRDImages/ao/web-large/DP264884.jpg,1,https://www.metmuseum.org/art/collection/search/312672
312673,Tunic,Ica (?),13th–15th century,Textiles-Woven,True,https://images.metmuseum.org/CRDImages/ao/original/1979_206_463a.jpg,https://images.metmuseum.org/CRDImages/ao/web-large/1979_206_463a.jpg,1,https://www.metmuseum.org/art/collection/search/312673
312674,Feathered Panel,Wari,600–900 CE,Textiles-Featherwork,True,https://images.metmuseum.org/CRDImages/ao/original/DP-15008-011.jpg,https://images.metmuseum.org/CRDImages/ao/web-large/DP-15008-011.jpg,0,https://www.metmuseum.org/art/collection/search/312674
312675,Feathered Panel,Wari,600–900 CE,Textiles-Featherwork,True,https://images.metmuseum.org/CRDImages/ao/original/DP-15008-018.jpg,https://images.metmuseum.org/CRDImages/ao/web-large/DP-15008-018.jpg,1,https://www.metmuseum.org/art/collection/search/312675
312676,Feathered Panel,Wari,600–900 CE,Textiles-Featherwork,True,https://images.metmuseum.org/CRDImages/ao/original/DP-15008-005.jpg,https://images.metmuseum.org/CRDImages/ao/web-large/DP-15008-005.jpg,2,https://www.metmuseum.org/art/collection/search/312676
312677,Feathered panel,Wari,650–1000 CE,Textiles-Featherwork,True,https://images.metmuseum.org/CRDImages/ao/original/DP-15008-008.jpg,https://images.metmuseum.org/CRDImages/ao/web-large/DP-15008-008.jpg,1,https://www.metmuseum.org/art/collection/search/312677
312678,Feathered Panel,Wari,600–900 CE,Textiles-Featherwork,True,https://images.metmuseum.org/CRDImages/ao/original/DP-15008-013.jpg,https://images.metmuseum.org/CRDImages/ao/web-large/DP-15008-013.jpg,1,https://www.metmuseum.org/art/collection/search/312678
312679,Feathered Panel,Wari,600–900 CE,Textiles-Featherwork,True,https://images.metmuseum.org/CRDImages/ao/original/DP-15008-012.jpg,https://images.metmuseum.org/CRDImages/ao/web-large/DP-15008-012.jpg,1,https://www.metmuseum.org/art/collection/search/312679
312680,Feathered Panel,Wari,600–900 CE,Textiles-Featherwork,True,https://images.metmuseum.org/CRDImages/ao/original/DP-15008-006.jpg,https://images.metmuseum.org/CRDImages/ao/web-large/DP-15008-006.jpg,1,https://www.metmuseum.org/art/collection/search/312680
312681,Feathered Panel,Wari,600–900 CE,Textiles-Featherwork,True,https://images.metmuseum.org/CRDImages/ao/original/DP-15008-007.jpg,https://images.metmuseum.org/CRDImages/ao/web-large/DP-15008-007.jpg,1,https://www.metmuseum.org/art/collection/search/312681
312682,Feathered Panel,Wari,600–900 CE,Textiles-Featherwork,True,https://images.metmuseum.org/CRDImages/ao/original/DP-15008-010.jpg,https://images.metmuseum.org/CRDImages/ao/web-large/DP-15008-010.jpg,1,https://www.metmuseum.org/art/collection/search/312682
312683,Feathered Panel,Wari,600–900 CE,Textiles-Featherwork,True,https://images.metmuseum.org/CRDImages/ao/original/DP-15008-009.jpg,https://images.metmuseum.org/CRDImages/ao/web-large/DP-15008-009.jpg,1,https://www.metmuseum.org/art/collection/search/312683
312684,Feathered Panel,Wari,600–900 CE,Textiles-Featherwork,True,https://images.metmuseum.org/CRDImages/ao/original/DP-15008-020.jpg,https://images.metmuseum.org/CRDImages/ao/web-large/DP-15008-020.jpg,1,https://www.metmuseum.org/art/collection/search/312684
312685,Feathered Panel,Wari,7th–9th century,Textiles-Featherwork,True,https://images.metmuseum.org/CRDImages/ao/original/DP-15008-023.jpg,https://images.metmuseum.org/CRDImages/ao/web-large/DP-15008-023.jpg,0,https://www.metmuseum.org/art/collection/search/312685
312737,Feathered Panel,Wari,600–900 CE,Textiles-Featherwork,True,https://images.metmuseum.org/CRDImages/ao/original/DP-15008-001.jpg,https://images.metmuseum.org/CRDImages/ao/web-large/DP-15008-001.jpg,0,https://www.metmuseum.org/art/collection/search/312737
312784,Shirt,Chimú,1450–1550,Textiles-Woven,True,https://images.metmuseum.org/CRDImages/ao/original/DT5094.jpg,https://images.metmuseum.org/CRDImages/ao/web-large/DT5094.jpg,2,https://www.metmuseum.org/art/collection/search/312784
312785,Sleeveless Tunic,Chimú,12th–15th century,Textiles-Woven,True,https://images.metmuseum.org/CRDImages/ao/original/DP233564.jpg,https://images.metmuseum.org/CRDImages/ao/web-large/DP233564.jpg,1,https://www.metmuseum.org/art/collection/search/312785
312786,Tunic,Chimú,12th–15th century,Textiles-Woven,True,https://images.metmuseum.org/CRDImages/ao/original/DP233566.jpg,https://images.metmuseum.org/CRDImages/ao/web-large/DP233566.jpg,1,https://www.metmuseum.org/art/collection/search/312786
312787,Tunic,Chimú,12th–15th century,Textiles-Woven,True,https://images.metmuseum.org/CRDImages/ao/original/DP236956.jpg,https://images.metmuseum.org/CRDImages/ao/web-large/DP236956.jpg,2,https://www.metmuseum.org/art/collection/search/312787
312788,Turban,Chimú,12th–15th century,Textiles-Woven,True,https://images.metmuseum.org/CRDImages/ao/original/220577.jpg,https://images.metmuseum.org/CRDImages/ao/web-large/220577.jpg,1,https://www.metmuseum.org/art/collection/search/312788
312789,Loincloth,Chimú,12th–15th century,Textiles-Woven,True,https://images.metmuseum.org/CRDImages/ao/original/DP216706.jpg,https://images.metmuseum.org/CRDImages/ao/web-large/DP216706.jpg,2,https://www.metmuseum.org/art/collection/search/312789
312790,Shirt,Chimú,1300–1470,Textiles-Woven,True,https://images.metmuseum.org/CRDImages/ao/original/DP216693.jpg,https://images.metmuseum.org/CRDImages/ao/web-large/DP216693.jpg,2,https://www.metmuseum.org/art/collection/search/312790
312791,Turban,Chimú,12th–15th century,Textiles-Woven,True,https://images.metmuseum.org/CRDImages/ao/original/DP216708.jpg,https://images.metmuseum.org/CRDImages/ao/web-large/DP216708.jpg,2,https://www.metmuseum.org/art/collection/search/312791
312792,Loincloth,Chimú,12th–15th century,Textiles-Woven,True,https://images.metmuseum.org/CRDImages/ao/original/DP221258.jpg,https://images.metmuseum.org/CRDImages/ao/web-large/DP221258.jpg,2,https://www.metmuseum.org/art/collection/search/312792
312793,Turban,Chimú,12th–15th century,Textiles-Woven,True,https://images.metmuseum.org/CRDImages/ao/original/vs1979_206_598.jpg,https://images.metmuseum.org/CRDImages/ao/web-large/vs1979_206_598.jpg,0,https://www.metmuseum.org/art/collection/search/312793
312794,Turban-end Panels,Chimú,12th–15th century,Textiles-Woven,True,https://images.metmuseum.org/CRDImages/ao/original/220586.jpg,https://images.metmuseum.org/CRDImages/ao/web-large/220586.jpg,0,https://www.metmuseum.org/art/collection/search/312794
312795,Turban-end Panels,Chimú,12th–15th century,Textiles-Woven,True,https://images.metmuseum.org/CRDImages/ao/original/LC-1979_206_600_TMS.jpg,https://images.metmuseum.org/CRDImages/ao/web-large/LC-1979_206_600_TMS.jpg,1,https://www.metmuseum.org/art/collection/search/312795
312796,Hanging,Chimú,1300–1470,Textiles-Woven,True,https://images.metmuseum.org/CRDImages/ao/original/DT9943.jpg,https://images.metmuseum.org/CRDImages/ao/web-large/DT9943.jpg,1,https://www.metmuseum.org/art/collection/search/312796
312797,Tunic Shoulder Panel,Chimú,12th–15th century,Textiles-Woven,True,https://images.metmuseum.org/CRDImages/ao/original/AR423.jpg,https://images.metmuseum.org/CRDImages/ao/web-large/AR423.jpg,1,https://www.metmuseum.org/art/collection/search/312797
312800,Funerary Mask,Ica,13th–15th century,Wood-Ornaments,True,https://images.metmuseum.org/CRDImages/ao/original/1979.206.605_front.jpg,https://images.metmuseum.org/CRDImages/ao/web-large/1979.206.605_front.jpg,1,https://www.metmuseum.org/art/collection/search/312800
312805,Mantle,Nasca,7th century,Textiles-Woven,True,https://images.metmuseum.org/CRDImages/ao/original/220631.jpg,https://images.metmuseum.org/CRDImages/ao/web-large/220631.jpg,1,https://www.metmuseum.org/art/collection/search/312805
312816,Head Lime Container,Wari,6th–9th century,Shell-Containers,True,https://images.metmuseum.org/CRDImages/ao/original/DP-25033-001.jpg,https://images.metmuseum.org/CRDImages/ao/web-large/DP-25033-001.jpg,2,https://www.metmuseum.org/art/collection/search/312816
312819,Miniature Dress,Ica,12th–13th century,Textiles-Featherwork,True,https://images.metmuseum.org/CRDImages/ao/original/DP-28478-001.jpg,https://images.metmuseum.org/CRDImages/ao/web-large/DP-28478-001.jpg,7,https://www.metmuseum.org/art/collection/search/312819
312820,Miniature Dress,Ica,12th–13th century,Textiles-Featherwork,True,https://images.metmuseum.org/CRDImages/ao/original/DP216974.jpg,https://images.metmuseum.org/CRDImages/ao/web-large/DP216974.jpg,1,https://www.metmuseum.org/art/collection/search/312820
312821,Miniature Dress,Ica,12th–13th century,Textiles-Featherwork,True,https://images.metmuseum.org/CRDImages/ao/original/DP18351.jpg,https://images.metmuseum.org/CRDImages/ao/web-large/DP18351.jpg,1,https://www.metmuseum.org/art/collection/search/312821
312823,Miniature Dress,Ica,12th–13th century,Textiles-Featherwork,True,"https://images.metmuseum.org/CRDImages/ao/original/DP18357_1979.206.636,A.jpg","https://images.metmuseum.org/CRDImages/ao/web-large/DP18357_1979.206.636,A.jpg",1,https://www.metmuseum.org/art/collection/search/312823
312824,Miniature Dress,Ica,12th–13th century,Textiles-Featherwork,True,"https://images.metmuseum.org/CRDImages/ao/original/DP18359_1979.206.637,A.jpg","https://images.metmuseum.org/CRDImages/ao/web-large/DP18359_1979.206.637,A.jpg",1,https://www.metmuseum.org/art/collection/search/312824
312825,Miniature Dress,Ica,12th–13th century,Textiles-Featherwork,True,"https://images.metmuseum.org/CRDImages/ao/original/DP18361_1979.206.638,A.jpg","https://images.metmuseum.org/CRDImages/ao/web-large/DP18361_1979.206.638,A.jpg",1,https://www.metmuseum.org/art/collection/search/312825
312826,Miniature Dress,Ica,12th–13th century,Textiles-Featherwork,True,https://images.metmuseum.org/CRDImages/ao/original/DP-28477-001.jpg,https://images.metmuseum.org/CRDImages/ao/web-large/DP-28477-001.jpg,5,https://www.metmuseum.org/art/collection/search/312826
312827,Miniature Dress,Ica,12th–13th century,Textiles-Featherwork,True,https://images.metmuseum.org/CRDImages/ao/original/DP224274.jpg,https://images.metmuseum.org/CRDImages/ao/web-large/DP224274.jpg,2,https://www.metmuseum.org/art/collection/search/312827
312828,Miniature Dress,Ica,12th–13th century,Textiles-Featherwork,True,https://images.metmuseum.org/CRDImages/ao/original/DP18382.jpg,https://images.metmuseum.org/CRDImages/ao/web-large/DP18382.jpg,1,https://www.metmuseum.org/art/collection/search/312828
312829,Miniature Dress,Ica,12th–13th century,Textiles-Featherwork,True,https://images.metmuseum.org/CRDImages/ao/original/DP18384.jpg,https://images.metmuseum.org/CRDImages/ao/web-large/DP18384.jpg,0,https://www.metmuseum.org/art/collection/search/312829
312830,Miniature Dress,Ica,12th–13th century,Textiles-Featherwork,True,https://images.metmuseum.org/CRDImages/ao/original/DP18385.jpg,https://images.metmuseum.org/CRDImages/ao/web-large/DP18385.jpg,1,https://www.metmuseum.org/art/collection/search/312830
312831,Miniature Dress,Ica,12th–13th century,Textiles-Featherwork,True,https://images.metmuseum.org/CRDImages/ao/original/DP18388.jpg,https://images.metmuseum.org/CRDImages/ao/web-large/DP18388.jpg,1,https://www.metmuseum.org/art/collection/search/312831
312832,Miniature Dress,Ica,12th–13th century,Textiles-Featherwork,True,"https://images.metmuseum.org/CRDImages/ao/original/DP18363_1979.206.645,A.jpg","https://images.metmuseum.org/CRDImages/ao/web-large/DP18363_1979.206.645,A.jpg",1,https://www.metmuseum.org/art/collection/search/312832
312833,Miniature Dress,Ica,12th–13th century,Textiles-Featherwork,True,https://images.metmuseum.org/CRDImages/ao/original/DP18390.jpg,https://images.metmuseum.org/CRDImages/ao/web-large/DP18390.jpg,0,https://www.metmuseum.org/art/collection/search/312833
312834,Miniature Dress,Ica,12th–13th century,Textiles-Featherwork,True,https://images.metmuseum.org/CRDImages/ao/original/DP18392.jpg,https://images.metmuseum.org/CRDImages/ao/web-large/DP18392.jpg,1,https://www.metmuseum.org/art/collection/search/312834
312835,Miniature Dress,Ica,12th–13th century,Textiles-Featherwork,True,https://images.metmuseum.org/CRDImages/ao/original/DP216983.jpg,https://images.metmuseum.org/CRDImages/ao/web-large/DP216983.jpg,3,https://www.metmuseum.org/art/collection/search/312835
312836,Miniature Dress,Ica,12th–13th century,Textiles-Featherwork,True,https://images.metmuseum.org/CRDImages/ao/original/DP18365.jpg,https://images.metmuseum.org/CRDImages/ao/web-large/DP18365.jpg,1,https://www.metmuseum.org/art/collection/search/312836
312837,Miniature Dress,Ica,12th–13th century,Textiles-Featherwork,True,https://images.metmuseum.org/CRDImages/ao/original/DP18367.jpg,https://images.metmuseum.org/CRDImages/ao/web-large/DP18367.jpg,1,https://www.metmuseum.org/art/collection/search/312837
312838,Miniature Dress,Ica,12th–13th century,Textiles-Featherwork,True,https://images.metmuseum.org/CRDImages/ao/original/DP18369.jpg,https://images.metmuseum.org/CRDImages/ao/web-large/DP18369.jpg,1,https://www.metmuseum.org/art/collection/search/312838
312839,Miniature Dress,Ica,12th–13th century,Textiles-Featherwork,True,https://images.metmuseum.org/CRDImages/ao/original/DP18394.jpg,https://images.metmuseum.org/CRDImages/ao/web-large/DP18394.jpg,1,https://www.metmuseum.org/art/collection/search/312839
312840,Miniature Feathered Dress,Ica,12th–13th century,Textiles-Featherwork,True,"https://images.metmuseum.org/CRDImages/ao/original/DP18371_1979.206.653,A.jpg","https://images.metmuseum.org/CRDImages/ao/web-large/DP18371_1979.206.653,A.jpg",1,https://www.metmuseum.org/art/collection/search/312840
312841,Miniature Dress,Ica,12th–13th century,Textiles-Featherwork,True,https://images.metmuseum.org/CRDImages/ao/original/DP18373.jpg,https://images.metmuseum.org/CRDImages/ao/web-large/DP18373.jpg,1,https://www.metmuseum.org/art/collection/search/312841
312842,Miniature Dress,Ica,12th–13th century,Textiles-Featherwork,True,https://images.metmuseum.org/CRDImages/ao/original/DP18375.jpg,https://images.metmuseum.org/CRDImages/ao/web-large/DP18375.jpg,1,https://www.metmuseum.org/art/collection/search/312842
312843,Miniature Dress,Ica,12th–13th century,Textiles-Featherwork,True,https://images.metmuseum.org/CRDImages/ao/original/DP18376.jpg,https://images.metmuseum.org/CRDImages/ao/web-large/DP18376.jpg,1,https://www.metmuseum.org/art/collection/search/312843
312844,Miniature Dress,Ica,12th–13th century,Textiles-Featherwork,True,https://images.metmuseum.org/CRDImages/ao/original/DP18396.jpg,https://images.metmuseum.org/CRDImages/ao/web-large/DP18396.jpg,1,https://www.metmuseum.org/art/collection/search/312844
312845,Miniature Dress,Ica,12th–13th century,Textiles-Featherwork,True,https://images.metmuseum.org/CRDImages/ao/original/DP18398.jpg,https://images.metmuseum.org/CRDImages/ao/web-large/DP18398.jpg,0,https://www.metmuseum.org/art/collection/search/312845
312846,Miniature Dress,Ica,12th–13th century,Textiles-Featherwork,True,https://images.metmuseum.org/CRDImages/ao/original/DP18399.jpg,https://images.metmuseum.org/CRDImages/ao/web-large/DP18399.jpg,1,https://www.metmuseum.org/art/collection/search/312846
312847,Miniature Dress,Ica,12th–13th century,Textiles-Featherwork,True,https://images.metmuseum.org/CRDImages/ao/original/DP18401.jpg,https://images.metmuseum.org/CRDImages/ao/web-large/DP18401.jpg,1,https://www.metmuseum.org/art/collection/search/312847
312848,Miniature Dress,Ica,12th–13th century,Textiles-Featherwork,True,https://images.metmuseum.org/CRDImages/ao/original/DP18403.jpg,https://images.metmuseum.org/CRDImages/ao/web-large/DP18403.jpg,1,https://www.metmuseum.org/art/collection/search/312848
312849,Miniature Dress,Ica,12th–13th century,Textiles-Featherwork,True,https://images.metmuseum.org/CRDImages/ao/original/DP216934.jpg,https://images.metmuseum.org/CRDImages/ao/web-large/DP216934.jpg,1,https://www.metmuseum.org/art/collection/search/312849
312850,Miniature Dress,Ica,12th–13th century,Textiles-Featherwork,True,https://images.metmuseum.org/CRDImages/ao/original/DP18405.jpg,https://images.metmuseum.org/CRDImages/ao/web-large/DP18405.jpg,1,https://www.metmuseum.org/art/collection/search/312850
312851,Miniature Dress,Ica,12th–13th century,Textiles-Featherwork,True,https://images.metmuseum.org/CRDImages/ao/original/DP18407.jpg,https://images.metmuseum.org/CRDImages/ao/web-large/DP18407.jpg,1,https://www.metmuseum.org/art/collection/search/312851
312852,Miniature Dress,Ica,12th–13th century,Textiles-Featherwork,True,https://images.metmuseum.org/CRDImages/ao/original/DP216976.jpg,https://images.metmuseum.org/CRDImages/ao/web-large/DP216976.jpg,1,https://www.metmuseum.org/art/collection/search/312852
312853,Miniature Dress,Ica,12th–13th century,Textiles-Featherwork,True,https://images.metmuseum.org/CRDImages/ao/original/DP18409.jpg,https://images.metmuseum.org/CRDImages/ao/web-large/DP18409.jpg,1,https://www.metmuseum.org/art/collection/search/312853
312854,Miniature Dress,Ica,12th–13th century,Textiles-Featherwork,True,https://images.metmuseum.org/CRDImages/ao/original/DP18411.jpg,https://images.metmuseum.org/CRDImages/ao/web-large/DP18411.jpg,1,https://www.metmuseum.org/art/collection/search/312854
312855,Miniature Tunic,Ica,12th–13th century,Textiles-Featherwork,True,https://images.metmuseum.org/CRDImages/ao/original/DP18378.jpg,https://images.metmuseum.org/CRDImages/ao/web-large/DP18378.jpg,1,https://www.metmuseum.org/art/collection/search/312855
312856,Miniature Tunic,Ica,12th–13th century,Textiles-Featherwork,True,https://images.metmuseum.org/CRDImages/ao/original/DP215424.jpg,https://images.metmuseum.org/CRDImages/ao/web-large/DP215424.jpg,1,https://www.metmuseum.org/art/collection/search/312856
312857,Miniature Tunic,Ica,12th–13th century,Textiles-Featherwork,True,https://images.metmuseum.org/CRDImages/ao/original/DP215423.jpg,https://images.metmuseum.org/CRDImages/ao/web-large/DP215423.jpg,1,https://www.metmuseum.org/art/collection/search/312857
312858,Miniature Tunic,Ica,12th–13th century,Textiles-Featherwork,True,https://images.metmuseum.org/CRDImages/ao/original/DP18380.jpg,https://images.metmuseum.org/CRDImages/ao/web-large/DP18380.jpg,1,https://www.metmuseum.org/art/collection/search/312858
312859,Miniature Tunic,Ica,12th–13th century,Textiles-Featherwork,True,https://images.metmuseum.org/CRDImages/ao/original/DP18413.jpg,https://images.metmuseum.org/CRDImages/ao/web-large/DP18413.jpg,1,https://www.metmuseum.org/art/collection/search/312859
312860,Miniature Tunic,Ica,12th–13th century,Textiles-Featherwork,True,https://images.metmuseum.org/CRDImages/ao/original/DP216940.jpg,https://images.metmuseum.org/CRDImages/ao/web-large/DP216940.jpg,1,https://www.metmuseum.org/art/collection/search/312860
312861,Miniature Tunic,Ica,12th–13th century,Textiles-Featherwork,True,https://images.metmuseum.org/CRDImages/ao/original/DP18415.jpg,https://images.metmuseum.org/CRDImages/ao/web-large/DP18415.jpg,1,https://www.metmuseum.org/art/collection/search/312861
312862,Miniature Tunic,Ica,12th–13th century,Textiles-Featherwork,True,https://images.metmuseum.org/CRDImages/ao/original/DP18417.jpg,https://images.metmuseum.org/CRDImages/ao/web-large/DP18417.jpg,1,https://www.metmuseum.org/art/collection/search/312862
312863,Miniature Tunic,Ica,12th–13th century,Textiles-Featherwork,True,https://images.metmuseum.org/CRDImages/ao/original/DP18419.jpg,https://images.metmuseum.org/CRDImages/ao/web-large/DP18419.jpg,1,https://www.metmuseum.org/art/collection/search/312863
312864,Miniature Tunic,Ica,12th–13th century,Textiles-Featherwork,True,https://images.metmuseum.org/CRDImages/ao/original/DP18421.jpg,https://images.metmuseum.org/CRDImages/ao/web-large/DP18421.jpg,1,https://www.metmuseum.org/art/collection/search/312864
312865,Miniature Tunic,Ica,12th–13th century,Textiles-Featherwork,True,https://images.metmuseum.org/CRDImages/ao/original/DP18423.jpg,https://images.metmuseum.org/CRDImages/ao/web-large/DP18423.jpg,1,https://www.metmuseum.org/art/collection/search/312865
312866,Miniature Tunic,Ica,12th–13th century,Textiles-Featherwork,True,https://images.metmuseum.org/CRDImages/ao/original/DP216935.jpg,https://images.metmuseum.org/CRDImages/ao/web-large/DP216935.jpg,1,https://www.metmuseum.org/art/collection/search/312866
312868,Miniature Tunic,Ica,12th–13th century,Textiles-Featherwork,True,https://images.metmuseum.org/CRDImages/ao/original/DP18425.jpg,https://images.metmuseum.org/CRDImages/ao/web-large/DP18425.jpg,1,https://www.metmuseum.org/art/collection/search/312868
312869,Miniature Tunic,Ica,12th–13th century,Textiles-Featherwork,True,https://images.metmuseum.org/CRDImages/ao/original/1979-206-682front.jpg,https://images.metmuseum.org/CRDImages/ao/web-large/1979-206-682front.jpg,1,https://www.metmuseum.org/art/collection/search/312869
312870,Miniature Tunic,Ica,12th–13th century,Textiles-Featherwork,True,https://images.metmuseum.org/CRDImages/ao/original/DP215438.jpg,https://images.metmuseum.org/CRDImages/ao/web-large/DP215438.jpg,1,https://www.metmuseum.org/art/collection/search/312870
312871,Miniature Tunic,Ica,12th–13th century,Textiles-Featherwork,True,https://images.metmuseum.org/CRDImages/ao/original/DP18427.jpg,https://images.metmuseum.org/CRDImages/ao/web-large/DP18427.jpg,1,https://www.metmuseum.org/art/collection/search/312871
312872,MiniatureTunic,Ica,12th–13th century,Textiles-Featherwork,True,https://images.metmuseum.org/CRDImages/ao/original/DP18429.jpg,https://images.metmuseum.org/CRDImages/ao/web-large/DP18429.jpg,1,https://www.metmuseum.org/art/collection/search/312872
312873,Miniature Tunic,Ica,12th–13th century,Textiles-Featherwork,True,https://images.metmuseum.org/CRDImages/ao/original/DP18431.jpg,https://images.metmuseum.org/CRDImages/ao/web-large/DP18431.jpg,1,https://www.metmuseum.org/art/collection/search/312873
312874,Miniature Tunic,Ica,12th–13th century,Textiles-Featherwork,True,https://images.metmuseum.org/CRDImages/ao/original/DP18433.jpg,https://images.metmuseum.org/CRDImages/ao/web-large/DP18433.jpg,1,https://www.metmuseum.org/art/collection/search/312874
312875,Miniature Tunic,Ica,12th–13th century,Textiles-Featherwork,True,https://images.metmuseum.org/CRDImages/ao/original/DP215949.jpg,https://images.metmuseum.org/CRDImages/ao/web-large/DP215949.jpg,1,https://www.metmuseum.org/art/collection/search/312875
312876,Miniature Tunic,Ica,12th–13th century,Textiles-Featherwork,True,https://images.metmuseum.org/CRDImages/ao/original/DP215420.jpg,https://images.metmuseum.org/CRDImages/ao/web-large/DP215420.jpg,1,https://www.metmuseum.org/art/collection/search/312876
312877,Miniature Tunic,Ica,12th–13th century,Textiles-Featherwork,True,https://images.metmuseum.org/CRDImages/ao/original/DP18435.jpg,https://images.metmuseum.org/CRDImages/ao/web-large/DP18435.jpg,1,https://www.metmuseum.org/art/collection/search/312877
312880,Miniature Tunic,Ica,12th–13th century,Textiles-Featherwork,True,https://images.metmuseum.org/CRDImages/ao/original/DP18437.jpg,https://images.metmuseum.org/CRDImages/ao/web-large/DP18437.jpg,2,https://www.metmuseum.org/art/collection/search/312880
312911,Four-Cornered Hat,Wari,7th–9th century,Textiles-Costumes,True,https://images.metmuseum.org/CRDImages/ao/original/DP-29600-001.jpg,https://images.metmuseum.org/CRDImages/ao/web-large/DP-29600-001.jpg,4,https://www.metmuseum.org/art/collection/search/312911
312912,Feathered Panel,Wari,600–900 CE,Textiles-Featherwork,True,https://images.metmuseum.org/CRDImages/ao/original/DP-15008-024.jpg,https://images.metmuseum.org/CRDImages/ao/web-large/DP-15008-024.jpg,0,https://www.metmuseum.org/art/collection/search/312912
312913,Feathered Panel,Wari,600–900 CE,Textiles-Featherwork,True,https://images.metmuseum.org/CRDImages/ao/original/DP-15008-022.jpg,https://images.metmuseum.org/CRDImages/ao/web-large/DP-15008-022.jpg,0,https://www.metmuseum.org/art/collection/search/312913
312914,Feathered Panel,Wari,600–900 CE,Textiles-Featherwork,True,https://images.metmuseum.org/CRDImages/ao/original/DP-15008-016.jpg,https://images.metmuseum.org/CRDImages/ao/web-large/DP-15008-016.jpg,0,https://www.metmuseum.org/art/collection/search/312914
312932,Tunic,Nasca,7th century,Textiles-Woven,True,https://images.metmuseum.org/CRDImages/ao/original/1979.206.745_a.jpg,https://images.metmuseum.org/CRDImages/ao/web-large/1979.206.745_a.jpg,1,https://www.metmuseum.org/art/collection/search/312932
312933,Headband,Nasca,6th–7th century,Textiles-Woven,True,https://images.metmuseum.org/CRDImages/ao/original/DP-26538-001.jpg,https://images.metmuseum.org/CRDImages/ao/web-large/DP-26538-001.jpg,22,https://www.metmuseum.org/art/collection/search/312933
312934,Tapestry Bag with Pockets,Wari,7th–9th century,Textiles-Woven,True,https://images.metmuseum.org/CRDImages/ao/original/DP18622.jpg,https://images.metmuseum.org/CRDImages/ao/web-large/DP18622.jpg,1,https://www.metmuseum.org/art/collection/search/312934
312941,Textile ornament,Nasca,1–700 CE,Metal-Ornaments,True,https://images.metmuseum.org/CRDImages/ao/original/DP-25875-001.jpg,https://images.metmuseum.org/CRDImages/ao/web-large/DP-25875-001.jpg,0,https://www.metmuseum.org/art/collection/search/312941
312942,Textile ornament,Nasca,1–700 CE,Metal-Ornaments,True,https://images.metmuseum.org/CRDImages/ao/original/DP-25876-001.jpg,https://images.metmuseum.org/CRDImages/ao/web-large/DP-25876-001.jpg,0,https://www.metmuseum.org/art/collection/search/312942
312943,Textile ornament,Nasca,1–700 CE,Metal-Ornaments,True,https://images.metmuseum.org/CRDImages/ao/original/DP-25877-001.jpg,https://images.metmuseum.org/CRDImages/ao/web-large/DP-25877-001.jpg,0,https://www.metmuseum.org/art/collection/search/312943
312944,Textile ornament,Nasca,1–700 CE,Metal-Ornaments,True,https://images.metmuseum.org/CRDImages/ao/original/DP-25878-001.jpg,https://images.metmuseum.org/CRDImages/ao/web-large/DP-25878-001.jpg,0,https://www.metmuseum.org/art/collection/search/312944
312945,Textile ornament,Nasca,1–700 CE,Metal-Ornaments,True,https://images.metmuseum.org/CRDImages/ao/original/DP-25879-001.jpg,https://images.metmuseum.org/CRDImages/ao/web-large/DP-25879-001.jpg,0,https://www.metmuseum.org/art/collection/search/312945
312946,Textile ornament,Nasca,1–700 CE,Metal-Ornaments,True,https://images.metmuseum.org/CRDImages/ao/original/DP-25880-001.jpg,https://images.metmuseum.org/CRDImages/ao/web-large/DP-25880-001.jpg,0,https://www.metmuseum.org/art/collection/search/312946
312962,Textile Ornament,Salinar (?),1st century BCE–2nd century CE,Metal-Ornaments,True,https://images.metmuseum.org/CRDImages/ao/original/vs1979_206_784_808.jpg,https://images.metmuseum.org/CRDImages/ao/web-large/vs1979_206_784_808.jpg,0,https://www.metmuseum.org/art/collection/search/312962
312963,Textile Ornament,Salinar (?),1st century BCE–2nd century CE,Metal-Ornaments,True,https://images.metmuseum.org/CRDImages/ao/original/vs1979_206_784_808.jpg,https://images.metmuseum.org/CRDImages/ao/web-large/vs1979_206_784_808.jpg,0,https://www.metmuseum.org/art/collection/search/312963
312964,Textile Ornament,Salinar (?),1st century BCE–2nd century CE,Metal-Ornaments,True,https://images.metmuseum.org/CRDImages/ao/original/vs1979_206_784_808.jpg,https://images.metmuseum.org/CRDImages/ao/web-large/vs1979_206_784_808.jpg,0,https://www.metmuseum.org/art/collection/search/312964
312965,Textile Ornament,Salinar (?),1st century BCE–2nd century CE,Metal-Ornaments,True,https://images.metmuseum.org/CRDImages/ao/original/vs1979_206_784_808.jpg,https://images.metmuseum.org/CRDImages/ao/web-large/vs1979_206_784_808.jpg,0,https://www.metmuseum.org/art/collection/search/312965
312966,Textile Ornament,Salinar (?),1st century BCE–2nd century CE,Metal-Ornaments,True,https://images.metmuseum.org/CRDImages/ao/original/vs1979_206_784_808.jpg,https://images.metmuseum.org/CRDImages/ao/web-large/vs1979_206_784_808.jpg,0,https://www.metmuseum.org/art/collection/search/312966
312967,Textile Ornament,Salinar (?),1st century BCE–2nd century CE,Metal-Ornaments,True,https://images.metmuseum.org/CRDImages/ao/original/vs1979_206_784_808.jpg,https://images.metmuseum.org/CRDImages/ao/web-large/vs1979_206_784_808.jpg,0,https://www.metmuseum.org/art/collection/search/312967
312968,Textile Ornament,Salinar (?),1st century BCE–2nd century CE,Metal-Ornaments,True,https://images.metmuseum.org/CRDImages/ao/original/vs1979_206_784_808.jpg,https://images.metmuseum.org/CRDImages/ao/web-large/vs1979_206_784_808.jpg,0,https://www.metmuseum.org/art/collection/search/312968
312969,Textile Ornament,Salinar (?),1st century BCE–2nd century CE,Metal-Ornaments,True,https://images.metmuseum.org/CRDImages/ao/original/vs1979_206_784_808.jpg,https://images.metmuseum.org/CRDImages/ao/web-large/vs1979_206_784_808.jpg,0,https://www.metmuseum.org/art/collection/search/312969
312970,Textile Ornament,Salinar (?),1st century BCE–2nd century CE,Metal-Ornaments,True,https://images.metmuseum.org/CRDImages/ao/original/vs1979_206_784_808.jpg,https://images.metmuseum.org/CRDImages/ao/web-large/vs1979_206_784_808.jpg,0,https://www.metmuseum.org/art/collection/search/312970
312971,Textile Ornament,Salinar (?),1st century BCE–2nd century CE,Metal-Ornaments,True,https://images.metmuseum.org/CRDImages/ao/original/vs1979_206_784_808.jpg,https://images.metmuseum.org/CRDImages/ao/web-large/vs1979_206_784_808.jpg,0,https://www.metmuseum.org/art/collection/search/312971
312972,Textile Ornament,Salinar (?),1st century BCE–2nd century CE,Metal-Ornaments,True,https://images.metmuseum.org/CRDImages/ao/original/vs1979_206_784_808.jpg,https://images.metmuseum.org/CRDImages/ao/web-large/vs1979_206_784_808.jpg,0,https://www.metmuseum.org/art/collection/search/312972
312973,Textile Ornament,Salinar (?),1st century BCE–2nd century CE,Metal-Ornaments,True,https://images.metmuseum.org/CRDImages/ao/original/vs1979_206_784_808.jpg,https://images.metmuseum.org/CRDImages/ao/web-large/vs1979_206_784_808.jpg,0,https://www.metmuseum.org/art/collection/search/312973
312974,Textile Ornament,Salinar (?),1st century BCE–2nd century CE,Metal-Ornaments,True,https://images.metmuseum.org/CRDImages/ao/original/vs1979_206_784_808.jpg,https://images.metmuseum.org/CRDImages/ao/web-large/vs1979_206_784_808.jpg,0,https://www.metmuseum.org/art/collection/search/312974
312975,Textile Ornament,Salinar (?),1st century BCE–2nd century CE,Metal-Ornaments,True,https://images.metmuseum.org/CRDImages/ao/original/vs1979_206_784_808.jpg,https://images.metmuseum.org/CRDImages/ao/web-large/vs1979_206_784_808.jpg,0,https://www.metmuseum.org/art/collection/search/312975
312976,Textile Ornament,Salinar (?),1st century BCE–2nd century CE,Metal-Ornaments,True,https://images.metmuseum.org/CRDImages/ao/original/vs1979_206_784_808.jpg,https://images.metmuseum.org/CRDImages/ao/web-large/vs1979_206_784_808.jpg,0,https://www.metmuseum.org/art/collection/search/312976
312977,Textile Ornament,Salinar (?),1st century BCE–2nd century CE,Metal-Ornaments,True,https://images.metmuseum.org/CRDImages/ao/original/vs1979_206_784_808.jpg,https://images.metmuseum.org/CRDImages/ao/web-large/vs1979_206_784_808.jpg,0,https://www.metmuseum.org/art/collection/search/312977
312978,Textile Ornament,Salinar (?),1st century BCE–2nd century CE,Metal-Ornaments,True,https://images.metmuseum.org/CRDImages/ao/original/vs1979_206_784_808.jpg,https://images.metmuseum.org/CRDImages/ao/web-large/vs1979_206_784_808.jpg,0,https://www.metmuseum.org/art/collection/search/312978
312979,Textile Ornament,Salinar (?),1st century BCE–2nd century CE,Metal-Ornaments,True,https://images.metmuseum.org/CRDImages/ao/original/vs1979_206_784_808.jpg,https://images.metmuseum.org/CRDImages/ao/web-large/vs1979_206_784_808.jpg,0,https://www.metmuseum.org/art/collection/search/312979
312980,Textile Ornament,Salinar (?),1st century BCE–2nd century CE,Metal-Ornaments,True,https://images.metmuseum.org/CRDImages/ao/original/vs1979_206_784_808.jpg,https://images.metmuseum.org/CRDImages/ao/web-large/vs1979_206_784_808.jpg,0,https://www.metmuseum.org/art/collection/search/312980
312981,Textile Ornament,Salinar (?),1st century BCE–2nd century CE,Metal-Ornaments,True,https://images.metmuseum.org/CRDImages/ao/original/vs1979_206_784_808.jpg,https://images.metmuseum.org/CRDImages/ao/web-large/vs1979_206_784_808.jpg,0,https://www.metmuseum.org/art/collection/search/312981
312982,Textile Ornament,Salinar (?),1st century BCE–2nd century CE,Metal-Ornaments,True,https://images.metmuseum.org/CRDImages/ao/original/vs1979_206_784_808.jpg,https://images.metmuseum.org/CRDImages/ao/web-large/vs1979_206_784_808.jpg,0,https://www.metmuseum.org/art/collection/search/312982
312983,Textile Ornament,Salinar (?),1st century BCE–2nd century CE,Metal-Ornaments,True,https://images.metmuseum.org/CRDImages/ao/original/vs1979_206_784_808.jpg,https://images.metmuseum.org/CRDImages/ao/web-large/vs1979_206_784_808.jpg,0,https://www.metmuseum.org/art/collection/search/312983
312984,Textile Ornament,Salinar (?),1st century BCE–2nd century CE,Metal-Ornaments,True,https://images.metmuseum.org/CRDImages/ao/original/vs1979_206_784_808.jpg,https://images.metmuseum.org/CRDImages/ao/web-large/vs1979_206_784_808.jpg,0,https://www.metmuseum.org/art/collection/search/312984
312985,Textile Ornament,Salinar (?),1st century BCE–2nd century CE,Metal-Ornaments,True,https://images.metmuseum.org/CRDImages/ao/original/vs1979_206_784_808.jpg,https://images.metmuseum.org/CRDImages/ao/web-large/vs1979_206_784_808.jpg,0,https://www.metmuseum.org/art/collection/search/312985
313006,Wall Hanging,Chimú,12th–14th century,Textiles-Woven,True,https://images.metmuseum.org/CRDImages/ao/original/DP-35627-001.jpg,https://images.metmuseum.org/CRDImages/ao/web-large/DP-35627-001.jpg,62,https://www.metmuseum.org/art/collection/search/313006
313008,Headdress ornament,Nasca,1–700 CE,Metalwork-Ornaments,True,https://images.metmuseum.org/CRDImages/ao/original/DP-25718-001.jpg,https://images.metmuseum.org/CRDImages/ao/web-large/DP-25718-001.jpg,0,https://www.metmuseum.org/art/collection/search/313008
313093,Sampler,Nasca,2nd century BCE,Textiles-Woven,True,https://images.metmuseum.org/CRDImages/ao/original/DP295638.jpg,https://images.metmuseum.org/CRDImages/ao/web-large/DP295638.jpg,3,https://www.metmuseum.org/art/collection/search/313093
313105,Feathered Panel,Wari,600–900 CE,Textiles-Featherwork,True,https://images.metmuseum.org/CRDImages/ao/original/DP-15008-021.jpg,https://images.metmuseum.org/CRDImages/ao/web-large/DP-15008-021.jpg,0,https://www.metmuseum.org/art/collection/search/313105
313106,Feathered Panel,Wari,600–900 CE,Textiles-Featherwork,True,https://images.metmuseum.org/CRDImages/ao/original/DP-15008-017.jpg,https://images.metmuseum.org/CRDImages/ao/web-large/DP-15008-017.jpg,0,https://www.metmuseum.org/art/collection/search/313106
313107,Feathered Panel,Wari,600–900 CE,Textiles-Featherwork,True,https://images.metmuseum.org/CRDImages/ao/original/DP-15008-014.jpg,https://images.metmuseum.org/CRDImages/ao/web-large/DP-15008-014.jpg,0,https://www.metmuseum.org/art/collection/search/313107
313108,Feathered Panel,Wari,600–900 CE,Textiles-Featherwork,True,https://images.metmuseum.org/CRDImages/ao/original/DP-15008-025.jpg,https://images.metmuseum.org/CRDImages/ao/web-large/DP-15008-025.jpg,1,https://www.metmuseum.org/art/collection/search/313108
313121,Panel,Chancay,15th–16th century,Textiles-Woven,True,https://images.metmuseum.org/CRDImages/ao/original/222448.jpg,https://images.metmuseum.org/CRDImages/ao/web-large/222448.jpg,0,https://www.metmuseum.org/art/collection/search/313121
313122,Painted Hanging,Chimú,12th–15th century,Textiles-Woven,True,https://images.metmuseum.org/CRDImages/ao/original/222449.jpg,https://images.metmuseum.org/CRDImages/ao/web-large/222449.jpg,0,https://www.metmuseum.org/art/collection/search/313122
313129,Hanging,Wari (?),7th–10th century,Textiles-Woven,True,https://images.metmuseum.org/CRDImages/ao/original/222460.jpg,https://images.metmuseum.org/CRDImages/ao/web-large/222460.jpg,0,https://www.metmuseum.org/art/collection/search/313129
313134,Openwork Headband,Chancay,12th–15th century,Textiles-Costumes,True,https://images.metmuseum.org/CRDImages/ao/original/222465.jpg,https://images.metmuseum.org/CRDImages/ao/web-large/222465.jpg,0,https://www.metmuseum.org/art/collection/search/313134
313135,Openwork Headband,Chancay,12th–15th century,Textiles-Costumes,True,https://images.metmuseum.org/CRDImages/ao/original/222466.jpg,https://images.metmuseum.org/CRDImages/ao/web-large/222466.jpg,0,https://www.metmuseum.org/art/collection/search/313135
313143,Tapestry Sash,Chancay,12th–14th century,Textiles-Woven,True,https://images.metmuseum.org/CRDImages/ao/original/DP101336.jpg,https://images.metmuseum.org/CRDImages/ao/web-large/DP101336.jpg,0,https://www.metmuseum.org/art/collection/search/313143
313148,Weaving Basket,Chancay,12th–14th century,Textiles-Implements,True,https://images.metmuseum.org/CRDImages/ao/original/1979.206.950.1_a.JPG,https://images.metmuseum.org/CRDImages/ao/web-large/1979.206.950.1_a.JPG,7,https://www.metmuseum.org/art/collection/search/313148
313152,Tunic,Inca,1450–1550,Textiles-Woven,True,https://images.metmuseum.org/CRDImages/ao/original/DP244273.jpg,https://images.metmuseum.org/CRDImages/ao/web-large/DP244273.jpg,0,https://www.metmuseum.org/art/collection/search/313152
313153,Tunic with Felines,Chimú,1450–1550,Textiles-Woven,True,https://images.metmuseum.org/CRDImages/ao/original/DP-39316-001.jpg,https://images.metmuseum.org/CRDImages/ao/web-large/DP-39316-001.jpg,4,https://www.metmuseum.org/art/collection/search/313153
313202,Gauze Headband (?),Chancay,10th–15th century,Textiles-Costumes,True,https://images.metmuseum.org/CRDImages/ao/original/222511.jpg,https://images.metmuseum.org/CRDImages/ao/web-large/222511.jpg,0,https://www.metmuseum.org/art/collection/search/313202
313234,Hanging (?),Nasca,7th century,Textiles-Woven,True,https://images.metmuseum.org/CRDImages/ao/original/222548.jpg,https://images.metmuseum.org/CRDImages/ao/web-large/222548.jpg,0,https://www.metmuseum.org/art/collection/search/313234
313237,Tapestry Fragment,Chimú,12th–15th century,Textiles-Woven,True,https://images.metmuseum.org/CRDImages/ao/original/LC-1979_206_1044_TMSa.jpg,https://images.metmuseum.org/CRDImages/ao/web-large/LC-1979_206_1044_TMSa.jpg,1,https://www.metmuseum.org/art/collection/search/313237
313271,Headband,Inca,15th–16th century,Metal-Ornaments,True,https://images.metmuseum.org/CRDImages/ao/original/vs1979_206_1078.jpg,https://images.metmuseum.org/CRDImages/ao/web-large/vs1979_206_1078.jpg,0,https://www.metmuseum.org/art/collection/search/313271
313324,Sleeveless Tunic,Inca,15th–early 17th century,Textiles-Woven,True,https://images.metmuseum.org/CRDImages/ao/original/1979.206.1131_a.jpg,https://images.metmuseum.org/CRDImages/ao/web-large/1979.206.1131_a.jpg,4,https://www.metmuseum.org/art/collection/search/313324
313339,Dress Fragment,Nasca,1st–2nd century,Textiles-Woven,True,https://images.metmuseum.org/CRDImages/ao/original/SC207347.jpg,https://images.metmuseum.org/CRDImages/ao/web-large/SC207347.jpg,3,https://www.metmuseum.org/art/collection/search/313339
313343,Headdress Ornament,Moche,200–600 CE,Metal-Ornaments,True,https://images.metmuseum.org/CRDImages/ao/original/CT_27707.jpg,https://images.metmuseum.org/CRDImages/ao/web-large/CT_27707.jpg,0,https://www.metmuseum.org/art/collection/search/313343
313402,Miniature headdress with owl,Moche,500–800 CE,Metal-Ornaments,True,https://images.metmuseum.org/CRDImages/ao/original/DP-25722-001.jpg,https://images.metmuseum.org/CRDImages/ao/web-large/DP-25722-001.jpg,0,https://www.metmuseum.org/art/collection/search/313402
314033,Woven Fragment,Peru; south coast (?),12th–15th century,Textiles-Woven,True,https://images.metmuseum.org/CRDImages/ao/original/DP18701_1979.283.jpg,https://images.metmuseum.org/CRDImages/ao/web-large/DP18701_1979.283.jpg,0,https://www.metmuseum.org/art/collection/search/314033
314177,Ceramic Seated Male with Headdress,Manteño,6th–11th century,Ceramics-Sculpture,True,https://images.metmuseum.org/CRDImages/ao/original/1980.34.32_a.jpg,https://images.metmuseum.org/CRDImages/ao/web-large/1980.34.32_a.jpg,1,https://www.metmuseum.org/art/collection/search/314177
314218,Mantle,Nasca,3rd–1st century BCE,Textiles-Woven,True,https://images.metmuseum.org/CRDImages/ao/original/250575.jpg,https://images.metmuseum.org/CRDImages/ao/web-large/250575.jpg,0,https://www.metmuseum.org/art/collection/search/314218
314219,Mantle,Nasca,3rd–1st century BCE,Textiles-Woven,True,https://images.metmuseum.org/CRDImages/ao/original/250577.jpg,https://images.metmuseum.org/CRDImages/ao/web-large/250577.jpg,1,https://www.metmuseum.org/art/collection/search/314219
314353,Tunic,Wari,7th–9th century,Textiles-Woven,True,https://images.metmuseum.org/CRDImages/ao/original/DP240040.jpg,https://images.metmuseum.org/CRDImages/ao/web-large/DP240040.jpg,1,https://www.metmuseum.org/art/collection/search/314353
314354,Tie-Dye Tunic,Wari,mid-8th–mid-9th century,Textiles-Woven,True,https://images.metmuseum.org/CRDImages/ao/original/DP269565.jpg,https://images.metmuseum.org/CRDImages/ao/web-large/DP269565.jpg,2,https://www.metmuseum.org/art/collection/search/314354
314355,Tunic,Wari,425–550,Textiles-Woven,True,https://images.metmuseum.org/CRDImages/ao/original/DP237313.jpg,https://images.metmuseum.org/CRDImages/ao/web-large/DP237313.jpg,1,https://www.metmuseum.org/art/collection/search/314355
314363,Tunic,Nasca,1st century BCE–2nd century CE,Textiles-Woven,True,https://images.metmuseum.org/CRDImages/ao/original/DP221262.jpg,https://images.metmuseum.org/CRDImages/ao/web-large/DP221262.jpg,0,https://www.metmuseum.org/art/collection/search/314363
314528,Tunic with Diamond Band,Inca,1460–1540,Textiles-Woven,True,https://images.metmuseum.org/CRDImages/ao/original/DP107698.jpg,https://images.metmuseum.org/CRDImages/ao/web-large/DP107698.jpg,1,https://www.metmuseum.org/art/collection/search/314528
314613,Hanging,Chimú,12th–15th century,Textiles-Woven,True,https://images.metmuseum.org/CRDImages/ao/original/DP-26539-001.jpg,https://images.metmuseum.org/CRDImages/ao/web-large/DP-26539-001.jpg,32,https://www.metmuseum.org/art/collection/search/314613
314614,Cap Woven with Human Hair,Inca,14th–16th century,Textiles-Woven,True,https://images.metmuseum.org/CRDImages/ao/original/DP-30090-001.jpg,https://images.metmuseum.org/CRDImages/ao/web-large/DP-30090-001.jpg,1,https://www.metmuseum.org/art/collection/search/314614
314615,Woven Sling Shot,Inca,14th–16th century,Textiles-Woven,True,https://images.metmuseum.org/CRDImages/ao/original/250581.jpg,https://images.metmuseum.org/CRDImages/ao/web-large/250581.jpg,0,https://www.metmuseum.org/art/collection/search/314615
314616,Woven Sling Shot,Inca,15th–18th century,Textiles-Woven,True,https://images.metmuseum.org/CRDImages/ao/original/250582.jpg,https://images.metmuseum.org/CRDImages/ao/web-large/250582.jpg,0,https://www.metmuseum.org/art/collection/search/314616
314617,Woven Sling Shot,Inca,15th–18th century,Textiles-Woven,True,https://images.metmuseum.org/CRDImages/ao/original/250583.jpg,https://images.metmuseum.org/CRDImages/ao/web-large/250583.jpg,0,https://www.metmuseum.org/art/collection/search/314617
314618,Shirt,Peru; central coast (?),1460–1540,Textiles-Woven,True,https://images.metmuseum.org/CRDImages/ao/original/DP-28480-001.jpg,https://images.metmuseum.org/CRDImages/ao/web-large/DP-28480-001.jpg,3,https://www.metmuseum.org/art/collection/search/314618
314619,Carrying Cloth (?),Inca,15th–16th century,Textiles-Woven,False,,,0,https://www.metmuseum.org/art/collection/search/314619
314620,Four-Cornered Hat,Wari,7th–9th century,Textiles-Costumes,True,https://images.metmuseum.org/CRDImages/ao/original/DP-29602-001.jpg,https://images.metmuseum.org/CRDImages/ao/web-large/DP-29602-001.jpg,2,https://www.metmuseum.org/art/collection/search/314620
314621,Four-Cornered Hat,Wari,7th–9th century,Textiles-Costumes,True,https://images.metmuseum.org/CRDImages/ao/original/DP-29601-001.jpg,https://images.metmuseum.org/CRDImages/ao/web-large/DP-29601-001.jpg,2,https://www.metmuseum.org/art/collection/search/314621
314622,Four-Cornered Hat,Wari,7th–9th century,Textiles-Costumes,True,https://images.metmuseum.org/CRDImages/ao/original/DP-29603-001.jpg,https://images.metmuseum.org/CRDImages/ao/web-large/DP-29603-001.jpg,2,https://www.metmuseum.org/art/collection/search/314622
314623,Four-Cornered Hat,Wari,500–900 CE,Textiles-Costumes,True,https://images.metmuseum.org/CRDImages/ao/original/DP-29604-001.jpg,https://images.metmuseum.org/CRDImages/ao/web-large/DP-29604-001.jpg,10,https://www.metmuseum.org/art/collection/search/314623
314624,Four-Cornered Hat,Wari,8th–10th century,Textiles-Costumes,True,https://images.metmuseum.org/CRDImages/ao/original/DP-29605-001.jpg,https://images.metmuseum.org/CRDImages/ao/web-large/DP-29605-001.jpg,2,https://www.metmuseum.org/art/collection/search/314624
314625,Four-Cornered Hat,Wari,7th–9th century,Textiles-Costumes,True,https://images.metmuseum.org/CRDImages/ao/original/DP-29606-001.jpg,https://images.metmuseum.org/CRDImages/ao/web-large/DP-29606-001.jpg,3,https://www.metmuseum.org/art/collection/search/314625
314685,Panel with Figure,Chimú,12th–15th century,Textiles-Woven,True,https://images.metmuseum.org/CRDImages/ao/original/250584.jpg,https://images.metmuseum.org/CRDImages/ao/web-large/250584.jpg,0,https://www.metmuseum.org/art/collection/search/314685
314686,Fragment,Chimú,12th–15th century,Textiles-Woven,True,https://images.metmuseum.org/CRDImages/ao/original/DP101337.jpg,https://images.metmuseum.org/CRDImages/ao/web-large/DP101337.jpg,0,https://www.metmuseum.org/art/collection/search/314686
314894,Square Cloth with Feathered Border,Chimú,1200 – 1400 CE,Textiles-Featherwork,True,https://images.metmuseum.org/CRDImages/ao/original/DP230211.jpg,https://images.metmuseum.org/CRDImages/ao/web-large/DP230211.jpg,2,https://www.metmuseum.org/art/collection/search/314894
314896,Slipper with Metal Ornaments,Chimú or Chancay,13th–15th century,Metal-Ornaments,True,https://images.metmuseum.org/CRDImages/ao/original/L35656.jpg,https://images.metmuseum.org/CRDImages/ao/web-large/L35656.jpg,1,https://www.metmuseum.org/art/collection/search/314896
314897,Bag with Shell Beads,Chimú or Chancay,14th–15th century,Beads-Ornaments,True,https://images.metmuseum.org/CRDImages/ao/original/DP216764.jpg,https://images.metmuseum.org/CRDImages/ao/web-large/DP216764.jpg,1,https://www.metmuseum.org/art/collection/search/314897
315048,Mantle,Ocucaje,2nd–1st century BCE,Textiles-Woven,True,https://images.metmuseum.org/CRDImages/ao/original/DT828.jpg,https://images.metmuseum.org/CRDImages/ao/web-large/DT828.jpg,0,https://www.metmuseum.org/art/collection/search/315048
315049,Mantle,Paracas,2nd–1st century BCE,Textiles-Woven,True,https://images.metmuseum.org/CRDImages/ao/original/AR446.jpg,https://images.metmuseum.org/CRDImages/ao/web-large/AR446.jpg,0,https://www.metmuseum.org/art/collection/search/315049
315050,Tunic,Wari,700–850,Textiles-Woven,True,https://images.metmuseum.org/CRDImages/ao/original/DT8556.jpg,https://images.metmuseum.org/CRDImages/ao/web-large/DT8556.jpg,0,https://www.metmuseum.org/art/collection/search/315050
315065,Multi-strand Necklace,Wari (?),6th–10th century,Beads-Ornaments,True,https://images.metmuseum.org/CRDImages/ao/original/LC-Wari_12.jpg,https://images.metmuseum.org/CRDImages/ao/web-large/LC-Wari_12.jpg,4,https://www.metmuseum.org/art/collection/search/315065
315066,Multi-strand Necklace,Wari (?),6th–10th century,Beads-Ornaments,True,https://images.metmuseum.org/CRDImages/ao/original/LC-Wari_01.jpg,https://images.metmuseum.org/CRDImages/ao/web-large/LC-Wari_01.jpg,3,https://www.metmuseum.org/art/collection/search/315066
315109,Mask with Headdress,Moche,6th–7th century,Metal-Ornaments,True,https://images.metmuseum.org/CRDImages/ao/original/1987.394.27_a.JPG,https://images.metmuseum.org/CRDImages/ao/web-large/1987.394.27_a.JPG,1,https://www.metmuseum.org/art/collection/search/315109
315119,Shield with owl figure,Moche,500–800 CE,Metal-Ornaments,True,https://images.metmuseum.org/CRDImages/ao/original/AOA49.jpg,https://images.metmuseum.org/CRDImages/ao/web-large/AOA49.jpg,0,https://www.metmuseum.org/art/collection/search/315119
315128,Headdress Ornament,Moche,6th–7th century,Metal-Ornaments,True,https://images.metmuseum.org/CRDImages/ao/original/vs1987_394_65a.jpg,https://images.metmuseum.org/CRDImages/ao/web-large/vs1987_394_65a.jpg,0,https://www.metmuseum.org/art/collection/search/315128
315149,Headdress Fragment,Moche,6th–7th century,Metal-Ornaments,True,https://images.metmuseum.org/CRDImages/ao/original/vs1987_394_87.jpg,https://images.metmuseum.org/CRDImages/ao/web-large/vs1987_394_87.jpg,0,https://www.metmuseum.org/art/collection/search/315149
315150,Headdress Fragment,Moche,6th–7th century,Metal-Ornaments,True,https://images.metmuseum.org/CRDImages/ao/original/vs1987_394_88.jpg,https://images.metmuseum.org/CRDImages/ao/web-large/vs1987_394_88.jpg,0,https://www.metmuseum.org/art/collection/search/315150
315201,Face Mask Ornament with Headdress,Moche,6th–7th century,Metal-Ornaments,True,https://images.metmuseum.org/CRDImages/ao/original/1987.394.139.jpg,https://images.metmuseum.org/CRDImages/ao/web-large/1987.394.139.jpg,0,https://www.metmuseum.org/art/collection/search/315201
315207,Headdress Crown,Moche,6th–7th century,Metal-Ornaments,True,https://images.metmuseum.org/CRDImages/ao/original/VS1987_394_145A.JPG,https://images.metmuseum.org/CRDImages/ao/web-large/VS1987_394_145A.JPG,0,https://www.metmuseum.org/art/collection/search/315207
315271,Copper Weaving Implement with Disk,Vicús (?),3rd century BCE–2nd century CE,Metal-Implements,True,https://images.metmuseum.org/CRDImages/ao/original/vs1987_394_211A.JPG,https://images.metmuseum.org/CRDImages/ao/web-large/vs1987_394_211A.JPG,1,https://www.metmuseum.org/art/collection/search/315271
315339,Copper Poncho Ornament,Chimú,12th–15th century,Metal-Ornaments,True,https://images.metmuseum.org/CRDImages/ao/original/vs1987_394_294.jpg,https://images.metmuseum.org/CRDImages/ao/web-large/vs1987_394_294.jpg,0,https://www.metmuseum.org/art/collection/search/315339
315362,Silvered Crown,Chimú,12th–15th century,Metal-Ornaments,True,https://images.metmuseum.org/CRDImages/ao/original/vs1987_394_317.jpg,https://images.metmuseum.org/CRDImages/ao/web-large/vs1987_394_317.jpg,0,https://www.metmuseum.org/art/collection/search/315362
315429,Earflare,Wari,7th–10th century,Textiles,True,https://images.metmuseum.org/CRDImages/ao/original/DT5796.jpg,https://images.metmuseum.org/CRDImages/ao/web-large/DT5796.jpg,0,https://www.metmuseum.org/art/collection/search/315429
315430,Earflare,Wari,7th–10th century,Metal-Musical Instruments,True,https://images.metmuseum.org/CRDImages/ao/original/DT5796.jpg,https://images.metmuseum.org/CRDImages/ao/web-large/DT5796.jpg,0,https://www.metmuseum.org/art/collection/search/315430
315493,Belt Ornament,Moche,2nd–7th century,Metal-Ornaments,True,https://images.metmuseum.org/CRDImages/ao/original/1987.394.418_b.JPG,https://images.metmuseum.org/CRDImages/ao/web-large/1987.394.418_b.JPG,0,https://www.metmuseum.org/art/collection/search/315493
315494,Belt Ornament,Moche,2nd–7th century,Metal-Ornaments,True,https://images.metmuseum.org/CRDImages/ao/original/1987.394.419_b.JPG,https://images.metmuseum.org/CRDImages/ao/web-large/1987.394.419_b.JPG,0,https://www.metmuseum.org/art/collection/search/315494
315581,Round Plaque,Vicús,3rd century BCE–2nd century CE,Metal-Ornaments,True,https://images.metmuseum.org/CRDImages/ao/original/1987.394.506_a.JPG,https://images.metmuseum.org/CRDImages/ao/web-large/1987.394.506_a.JPG,2,https://www.metmuseum.org/art/collection/search/315581
315643,Belt Ornament,Moche,2nd–7th century,Metal-Ornaments,True,https://images.metmuseum.org/CRDImages/ao/original/1987.394.594_c.JPG,https://images.metmuseum.org/CRDImages/ao/web-large/1987.394.594_c.JPG,1,https://www.metmuseum.org/art/collection/search/315643
315644,Belt Ornament,Moche,2nd–7th century,Metal-Ornaments,True,https://images.metmuseum.org/CRDImages/ao/original/DP227401.jpg,https://images.metmuseum.org/CRDImages/ao/web-large/DP227401.jpg,1,https://www.metmuseum.org/art/collection/search/315644
315654,Copper Needle,Peruvian,before 16th century,Textiles-Implements,True,https://images.metmuseum.org/CRDImages/ao/original/vs1987_394_606.jpg,https://images.metmuseum.org/CRDImages/ao/web-large/vs1987_394_606.jpg,0,https://www.metmuseum.org/art/collection/search/315654
315679,Belt Ornament Rattle,Moche,2nd–7th century,Ceramics-Ornaments,True,https://images.metmuseum.org/CRDImages/ao/original/1987.394.631.jpg,https://images.metmuseum.org/CRDImages/ao/web-large/1987.394.631.jpg,0,https://www.metmuseum.org/art/collection/search/315679
315680,Belt Ornament Rattle,Moche,2nd–7th century,Ceramics-Ornaments,True,https://images.metmuseum.org/CRDImages/ao/original/1987.394.632.jpg,https://images.metmuseum.org/CRDImages/ao/web-large/1987.394.632.jpg,0,https://www.metmuseum.org/art/collection/search/315680
315685,Hanging (?),Chimú,12th–15th century,Textiles-Woven,True,https://images.metmuseum.org/CRDImages/ao/original/250466.jpg,https://images.metmuseum.org/CRDImages/ao/web-large/250466.jpg,0,https://www.metmuseum.org/art/collection/search/315685
315686,Four-Cornered Hat,Wari,7th–10th century,Textiles-Costumes,True,https://images.metmuseum.org/CRDImages/ao/original/DP-29607-001.jpg,https://images.metmuseum.org/CRDImages/ao/web-large/DP-29607-001.jpg,2,https://www.metmuseum.org/art/collection/search/315686
315687,Border Fragment,Nasca,2nd century BCE,Textiles-Woven,True,https://images.metmuseum.org/CRDImages/ao/original/DP18507.jpg,https://images.metmuseum.org/CRDImages/ao/web-large/DP18507.jpg,2,https://www.metmuseum.org/art/collection/search/315687
315689,Ceramic Llama,Chancay,12th–14th century,Ceramics-Sculpture,True,https://images.metmuseum.org/CRDImages/ao/original/1987.394.641_a.jpg,https://images.metmuseum.org/CRDImages/ao/web-large/1987.394.641_a.jpg,3,https://www.metmuseum.org/art/collection/search/315689
315690,Bag,Inca,15th–16th century,Textiles-Woven,True,https://images.metmuseum.org/CRDImages/ao/original/DP18706_1987.394.642.jpg,https://images.metmuseum.org/CRDImages/ao/web-large/DP18706_1987.394.642.jpg,0,https://www.metmuseum.org/art/collection/search/315690
315691,"Border Fragment, Figure",Nasca,2nd century BCE,Textiles-Sculpture,True,https://images.metmuseum.org/CRDImages/ao/original/DP18465.jpg,https://images.metmuseum.org/CRDImages/ao/web-large/DP18465.jpg,1,https://www.metmuseum.org/art/collection/search/315691
315692,"Border Fragment, Figure",Nasca,2nd century BCE,Textiles-Sculpture,True,https://images.metmuseum.org/CRDImages/ao/original/DP18467.jpg,https://images.metmuseum.org/CRDImages/ao/web-large/DP18467.jpg,1,https://www.metmuseum.org/art/collection/search/315692
315693,"Border Fragment, Figure",Nasca,2nd century BCE,Textiles-Sculpture,True,https://images.metmuseum.org/CRDImages/ao/original/DP18470.jpg,https://images.metmuseum.org/CRDImages/ao/web-large/DP18470.jpg,1,https://www.metmuseum.org/art/collection/search/315693
315694,"Border Fragment, Figure",Nasca,2nd century BCE,Textiles-Sculpture,True,https://images.metmuseum.org/CRDImages/ao/original/DP18471.jpg,https://images.metmuseum.org/CRDImages/ao/web-large/DP18471.jpg,1,https://www.metmuseum.org/art/collection/search/315694
315695,"Border Fragment, Figure",Nasca,2nd century BCE,Textiles-Sculpture,True,https://images.metmuseum.org/CRDImages/ao/original/DP18473.jpg,https://images.metmuseum.org/CRDImages/ao/web-large/DP18473.jpg,1,https://www.metmuseum.org/art/collection/search/315695
315696,"Border Fragment, Figure",Nasca,2nd century BCE,Textiles-Sculpture,True,https://images.metmuseum.org/CRDImages/ao/original/DP18475.jpg,https://images.metmuseum.org/CRDImages/ao/web-large/DP18475.jpg,1,https://www.metmuseum.org/art/collection/search/315696
315697,"Border Fragment, Whale",Nasca,2nd century BCE,Textiles-Sculpture,True,https://images.metmuseum.org/CRDImages/ao/original/DP18477.jpg,https://images.metmuseum.org/CRDImages/ao/web-large/DP18477.jpg,1,https://www.metmuseum.org/art/collection/search/315697
315698,Bag,Nasca (?),8th–9th century,Textiles-Woven,True,https://images.metmuseum.org/CRDImages/ao/original/DP18690.jpg,https://images.metmuseum.org/CRDImages/ao/web-large/DP18690.jpg,1,https://www.metmuseum.org/art/collection/search/315698
315699,Tree,Chancay,12th–14th century,Textiles-Sculpture,True,https://images.metmuseum.org/CRDImages/ao/original/250470.jpg,https://images.metmuseum.org/CRDImages/ao/web-large/250470.jpg,0,https://www.metmuseum.org/art/collection/search/315699
315700,Embroidered bag with fringe,Nasca,7th century,Textiles-Woven,True,https://images.metmuseum.org/CRDImages/ao/original/DP-26541-001.jpg,https://images.metmuseum.org/CRDImages/ao/web-large/DP-26541-001.jpg,1,https://www.metmuseum.org/art/collection/search/315700
315702,Headdress Ornament,Nasca,2nd century BCE–7th century CE,Wood-Implements,True,https://images.metmuseum.org/CRDImages/ao/original/DP101297.jpg,https://images.metmuseum.org/CRDImages/ao/web-large/DP101297.jpg,0,https://www.metmuseum.org/art/collection/search/315702
315703,Feathered Crown,Chimú,1200 – 1400 CE,Feathers-Costumes,True,https://images.metmuseum.org/CRDImages/ao/original/DP230213.jpg,https://images.metmuseum.org/CRDImages/ao/web-large/DP230213.jpg,0,https://www.metmuseum.org/art/collection/search/315703
315708,Band Fragment,Inca,15th–16th century,Textiles-Woven,True,https://images.metmuseum.org/CRDImages/ao/original/DP18703.jpg,https://images.metmuseum.org/CRDImages/ao/web-large/DP18703.jpg,0,https://www.metmuseum.org/art/collection/search/315708
315748,Miniature slingshot,Chimú or Chancay,1300–1470 CE,Metal-Implements,True,https://images.metmuseum.org/CRDImages/ao/original/DP-27319-001.jpg,https://images.metmuseum.org/CRDImages/ao/web-large/DP-27319-001.jpg,0,https://www.metmuseum.org/art/collection/search/315748
315749,Sling Shot with Shells,Chimú or Chancay,14th–15th century,Beads-Ornaments,True,https://images.metmuseum.org/CRDImages/ao/original/DP158703.jpg,https://images.metmuseum.org/CRDImages/ao/web-large/DP158703.jpg,2,https://www.metmuseum.org/art/collection/search/315749
315762,Necklace,Chimú or Chancay,13th–15th century,Beads-Ornaments,False,,,0,https://www.metmuseum.org/art/collection/search/315762
315763,Beaded Wrist Ornament,Chimú or Chancay,14th–15th century,Beads-Ornaments,True,https://images.metmuseum.org/CRDImages/ao/original/DP18705_1987.394.683.jpg,https://images.metmuseum.org/CRDImages/ao/web-large/DP18705_1987.394.683.jpg,2,https://www.metmuseum.org/art/collection/search/315763
315764,Beaded Wrist Ornament,Chimú or Chancay,14th–15th century,Beads-Ornaments,True,https://images.metmuseum.org/CRDImages/ao/original/DP18704_1987.394.684.jpg,https://images.metmuseum.org/CRDImages/ao/web-large/DP18704_1987.394.684.jpg,2,https://www.metmuseum.org/art/collection/search/315764
315765,Beaded Pillow,Chimú or Chancay,14th–15th century,Textiles-Beadwork,True,https://images.metmuseum.org/CRDImages/ao/original/DP216767.jpg,https://images.metmuseum.org/CRDImages/ao/web-large/DP216767.jpg,2,https://www.metmuseum.org/art/collection/search/315765
315766,Beaded Bag,Chimú or Chancay,14th–15th century,Beads-Ornaments,True,https://images.metmuseum.org/CRDImages/ao/original/DP216781.jpg,https://images.metmuseum.org/CRDImages/ao/web-large/DP216781.jpg,1,https://www.metmuseum.org/art/collection/search/315766
315768,Bag,Chimú,14th–15th century,Textiles-Woven,True,https://images.metmuseum.org/CRDImages/ao/original/DP216768.jpg,https://images.metmuseum.org/CRDImages/ao/web-large/DP216768.jpg,1,https://www.metmuseum.org/art/collection/search/315768
315769,Bag,Chimú,14th–15th century,Textiles-Woven,True,https://images.metmuseum.org/CRDImages/ao/original/DP216769.jpg,https://images.metmuseum.org/CRDImages/ao/web-large/DP216769.jpg,0,https://www.metmuseum.org/art/collection/search/315769
315772,Headband with ornamental tassels,Nasca,6th–8th century,Textiles-Woven,True,https://images.metmuseum.org/CRDImages/ao/original/DP-26542-001.jpg,https://images.metmuseum.org/CRDImages/ao/web-large/DP-26542-001.jpg,2,https://www.metmuseum.org/art/collection/search/315772
315773,Sling Shot,Inca,15th–16th century,Textiles-Woven,True,https://images.metmuseum.org/CRDImages/ao/original/250471.jpg,https://images.metmuseum.org/CRDImages/ao/web-large/250471.jpg,0,https://www.metmuseum.org/art/collection/search/315773
315774,Loincloth,Chancay,12th–14th century,Textiles-Woven,True,https://images.metmuseum.org/CRDImages/ao/original/vs1987_394_694.jpg,https://images.metmuseum.org/CRDImages/ao/web-large/vs1987_394_694.jpg,0,https://www.metmuseum.org/art/collection/search/315774
315775,Openwork Headband,Chancay,12th–15th century,Textiles-Non-Woven,True,https://images.metmuseum.org/CRDImages/ao/original/250472.jpg,https://images.metmuseum.org/CRDImages/ao/web-large/250472.jpg,0,https://www.metmuseum.org/art/collection/search/315775
315776,Openwork Headband,Chancay,12th–15th century,Textiles-Non-Woven,True,https://images.metmuseum.org/CRDImages/ao/original/250473.jpg,https://images.metmuseum.org/CRDImages/ao/web-large/250473.jpg,0,https://www.metmuseum.org/art/collection/search/315776
315777,Sash (?),Nasca,7th–9th century,Textiles-Woven,True,https://images.metmuseum.org/CRDImages/ao/original/DP18648.jpg,https://images.metmuseum.org/CRDImages/ao/web-large/DP18648.jpg,0,https://www.metmuseum.org/art/collection/search/315777
315778,Spindle,Nasca,2nd–7th century,Textiles-Implements,True,https://images.metmuseum.org/CRDImages/ao/original/vs1987.394.698-700a.jpg,https://images.metmuseum.org/CRDImages/ao/web-large/vs1987.394.698-700a.jpg,2,https://www.metmuseum.org/art/collection/search/315778
315779,Spindle,Nasca,2nd–7th century,Textiles-Implements,True,https://images.metmuseum.org/CRDImages/ao/original/vs1987.394.698-700b.jpg,https://images.metmuseum.org/CRDImages/ao/web-large/vs1987.394.698-700b.jpg,2,https://www.metmuseum.org/art/collection/search/315779
315780,Spindle,Nasca,2nd–7th century,Textiles-Implements,True,https://images.metmuseum.org/CRDImages/ao/original/vs1987.394.698-700.jpg,https://images.metmuseum.org/CRDImages/ao/web-large/vs1987.394.698-700.jpg,2,https://www.metmuseum.org/art/collection/search/315780
315781,Spindle,Nasca,2nd–7th century,Textiles-Implements,True,https://images.metmuseum.org/CRDImages/ao/original/vs1987.394.701-703.jpg,https://images.metmuseum.org/CRDImages/ao/web-large/vs1987.394.701-703.jpg,1,https://www.metmuseum.org/art/collection/search/315781
315782,Spindle,Nasca,2nd–7th century,Textiles-Implements,True,https://images.metmuseum.org/CRDImages/ao/original/vs1987.394.701-703.jpg,https://images.metmuseum.org/CRDImages/ao/web-large/vs1987.394.701-703.jpg,1,https://www.metmuseum.org/art/collection/search/315782
315783,Spindle,Nasca,2nd–7th century,Textiles-Implements,True,https://images.metmuseum.org/CRDImages/ao/original/vs1987.394.701-703.jpg,https://images.metmuseum.org/CRDImages/ao/web-large/vs1987.394.701-703.jpg,1,https://www.metmuseum.org/art/collection/search/315783
315784,Textile Fragment,Chavin,4th–3rd century BCE,Textiles-Woven,True,https://images.metmuseum.org/CRDImages/ao/original/DP-26545-001.jpg,https://images.metmuseum.org/CRDImages/ao/web-large/DP-26545-001.jpg,1,https://www.metmuseum.org/art/collection/search/315784
315785,Hat,Peruvian,10th–16th century,Textiles-Woven,True,https://images.metmuseum.org/CRDImages/ao/original/vs1987_394_705.jpg,https://images.metmuseum.org/CRDImages/ao/web-large/vs1987_394_705.jpg,0,https://www.metmuseum.org/art/collection/search/315785
315786,Shirt,Moche,500–850 CE,Textiles-Woven,True,https://images.metmuseum.org/CRDImages/ao/original/DT1269.jpg,https://images.metmuseum.org/CRDImages/ao/web-large/DT1269.jpg,0,https://www.metmuseum.org/art/collection/search/315786
315787,Woven Panel or Rug with Fringes,Moche-Wari,7th–8th century,Textiles-Woven,True,https://images.metmuseum.org/CRDImages/ao/original/vs1987_394_707.jpg,https://images.metmuseum.org/CRDImages/ao/web-large/vs1987_394_707.jpg,0,https://www.metmuseum.org/art/collection/search/315787
315788,Cuff,Moche-Wari,7th–8th century,Textiles-Woven,True,https://images.metmuseum.org/CRDImages/ao/original/DP18596.jpg,https://images.metmuseum.org/CRDImages/ao/web-large/DP18596.jpg,0,https://www.metmuseum.org/art/collection/search/315788
315789,Cuff,Moche-Wari,7th–8th century,Textiles-Woven,True,https://images.metmuseum.org/CRDImages/ao/original/DP18596.jpg,https://images.metmuseum.org/CRDImages/ao/web-large/DP18596.jpg,0,https://www.metmuseum.org/art/collection/search/315789
315790,Tapestry Panel,Peruvian,12th–15th century,Textiles-Woven,True,https://images.metmuseum.org/CRDImages/ao/original/DP101339.jpg,https://images.metmuseum.org/CRDImages/ao/web-large/DP101339.jpg,0,https://www.metmuseum.org/art/collection/search/315790
315791,Woven Fragment,Moche,6th–7th century,Textiles-Woven,True,https://images.metmuseum.org/CRDImages/ao/original/LC-1987_394_711_TMS.jpg,https://images.metmuseum.org/CRDImages/ao/web-large/LC-1987_394_711_TMS.jpg,2,https://www.metmuseum.org/art/collection/search/315791
315792,Openwork Headband (?),Chancay,12th–15th century,Textiles-Non-Woven,True,https://images.metmuseum.org/CRDImages/ao/original/vs1987_394_712.jpg,https://images.metmuseum.org/CRDImages/ao/web-large/vs1987_394_712.jpg,0,https://www.metmuseum.org/art/collection/search/315792
315793,Woven Fragment,Peru; central coast (?),10th–15th century,Textiles-Woven,False,,,0,https://www.metmuseum.org/art/collection/search/315793
315794,Border Fragment,Chancay,12th–15th century,Textiles-Woven,False,,,0,https://www.metmuseum.org/art/collection/search/315794
315795,Border Fragment,Chancay,12th–15th century,Textiles-Woven,False,,,0,https://www.metmuseum.org/art/collection/search/315795
315796,Border Fragment,Nasca,3rd–2nd century BCE,Textiles-Woven,True,https://images.metmuseum.org/CRDImages/ao/original/DP18503.jpg,https://images.metmuseum.org/CRDImages/ao/web-large/DP18503.jpg,0,https://www.metmuseum.org/art/collection/search/315796
315797,Cuff Band,Moche-Wari,7th–8th century,Textiles-Woven,True,https://images.metmuseum.org/CRDImages/ao/original/DP18598.jpg,https://images.metmuseum.org/CRDImages/ao/web-large/DP18598.jpg,0,https://www.metmuseum.org/art/collection/search/315797
315842,Border Fragment,Nasca,2nd century BCE,Textiles-Woven,True,https://images.metmuseum.org/CRDImages/ao/original/DP18508.jpg,https://images.metmuseum.org/CRDImages/ao/web-large/DP18508.jpg,1,https://www.metmuseum.org/art/collection/search/315842
316265,Weaving Implement,Wari,6th–9th century,Wood-Implements,True,https://images.metmuseum.org/CRDImages/ao/original/DP-27947-001.jpg,https://images.metmuseum.org/CRDImages/ao/web-large/DP-27947-001.jpg,1,https://www.metmuseum.org/art/collection/search/316265
316266,Weaving Implement,Wari,6th–9th century,Wood-Implements,True,https://images.metmuseum.org/CRDImages/ao/original/DP-27957-001.jpg,https://images.metmuseum.org/CRDImages/ao/web-large/DP-27957-001.jpg,1,https://www.metmuseum.org/art/collection/search/316266
316330,Snuff tray,Tiwanaku,500–1000 CE,Wood-Containers,True,https://images.metmuseum.org/CRDImages/ao/original/DP-24247-001.jpg,https://images.metmuseum.org/CRDImages/ao/web-large/DP-24247-001.jpg,1,https://www.metmuseum.org/art/collection/search/316330
316339,Four-Cornered Hat,Wari,7th–9th century,Textiles-Costumes,True,https://images.metmuseum.org/CRDImages/ao/original/DP-29621-001.jpg,https://images.metmuseum.org/CRDImages/ao/web-large/DP-29621-001.jpg,2,https://www.metmuseum.org/art/collection/search/316339
316340,Four-Cornered Hat,Wari,7th–9th century,Textiles-Costumes,True,https://images.metmuseum.org/CRDImages/ao/original/DP-29622-001.jpg,https://images.metmuseum.org/CRDImages/ao/web-large/DP-29622-001.jpg,2,https://www.metmuseum.org/art/collection/search/316340
316341,Four-Cornered Hat,Wari,7th–9th century,Textiles-Costumes,True,https://images.metmuseum.org/CRDImages/ao/original/DP-29623-001.jpg,https://images.metmuseum.org/CRDImages/ao/web-large/DP-29623-001.jpg,2,https://www.metmuseum.org/art/collection/search/316341
316342,Four-Cornered Hat,Wari,7th–9th century,Textiles-Costumes,True,https://images.metmuseum.org/CRDImages/ao/original/DP-29624-001.jpg,https://images.metmuseum.org/CRDImages/ao/web-large/DP-29624-001.jpg,2,https://www.metmuseum.org/art/collection/search/316342
316343,Four-Cornered Hat,Wari,7th–9th century,Textiles-Costumes,True,https://images.metmuseum.org/CRDImages/ao/original/DP-29625-001.jpg,https://images.metmuseum.org/CRDImages/ao/web-large/DP-29625-001.jpg,1,https://www.metmuseum.org/art/collection/search/316343
316370,Headband (?),Chancay,12th–15th century,Textiles-Woven,False,,,0,https://www.metmuseum.org/art/collection/search/316370
316371,Headband (?),Chancay,12th–15th century,Textiles-Woven,False,,,0,https://www.metmuseum.org/art/collection/search/316371
316372,Openwork Headband (?),Chancay,12th–15th century,Textiles-Costumes,False,,,0,https://www.metmuseum.org/art/collection/search/316372
316373,Headband,Chancay,12th–15th century,Textiles-Woven,False,,,0,https://www.metmuseum.org/art/collection/search/316373
316374,Headband,Chancay,12th–15th century,Textiles-Woven,False,,,0,https://www.metmuseum.org/art/collection/search/316374
316375,Headband,Chancay,12th–15th century,Textiles-Woven,False,,,0,https://www.metmuseum.org/art/collection/search/316375
316376,Headband,Chancay,12th–15th century,Textiles-Woven,False,,,0,https://www.metmuseum.org/art/collection/search/316376
316377,Headband,Chancay,12th–15th century,Textiles-Woven,False,,,0,https://www.metmuseum.org/art/collection/search/316377
316378,Headband,Chancay,12th–15th century,Textiles-Woven,False,,,0,https://www.metmuseum.org/art/collection/search/316378
316379,Openwork Headband,Peru; central coast (?),12th–14th century,Textiles-Costumes,False,,,0,https://www.metmuseum.org/art/collection/search/316379
316380,Headband,Nasca,7th century,Textiles-Woven,False,,,0,https://www.metmuseum.org/art/collection/search/316380
316381,Headband,Peru; central coast (?),12th–14th century,Textiles-Woven,False,,,0,https://www.metmuseum.org/art/collection/search/316381
316382,Headband,Peru; central coast (?),12th–14th century,Textiles-Woven,False,,,0,https://www.metmuseum.org/art/collection/search/316382
316383,Headband,Chancay,12th–15th century,Textiles-Woven,False,,,0,https://www.metmuseum.org/art/collection/search/316383
316384,Headband,Chancay,12th–15th century,Textiles-Woven,False,,,0,https://www.metmuseum.org/art/collection/search/316384
316385,Tunic with Sleeves,Chancay,12th–15th century,Textiles-Woven,False,,,0,https://www.metmuseum.org/art/collection/search/316385
316727,Four-Cornered Hat,Wari,7th–9th century,Textiles-Costumes,True,https://images.metmuseum.org/CRDImages/ao/original/DP-29608-001.jpg,https://images.metmuseum.org/CRDImages/ao/web-large/DP-29608-001.jpg,1,https://www.metmuseum.org/art/collection/search/316727
316731,Hat with Feathers and Human Hair,Peru; south coast (?),10th–14th century,Textiles-Featherwork,False,,,0,https://www.metmuseum.org/art/collection/search/316731
316822,Feathered Tunic,Inca,15th–early 16th century,Textiles-Featherwork,True,https://images.metmuseum.org/CRDImages/ao/original/lb1993_474.jpg,https://images.metmuseum.org/CRDImages/ao/web-large/lb1993_474.jpg,0,https://www.metmuseum.org/art/collection/search/316822
316857,Spindle,Peruvian,10th–16th century (?),Textiles-Implements,True,https://images.metmuseum.org/CRDImages/ao/original/vs1994.35.29--33d.jpg,https://images.metmuseum.org/CRDImages/ao/web-large/vs1994.35.29--33d.jpg,1,https://www.metmuseum.org/art/collection/search/316857
316858,Spindle,Peruvian,10th–16th century (?),Textiles-Implements,True,https://images.metmuseum.org/CRDImages/ao/original/vs1994.35.29--33d.jpg,https://images.metmuseum.org/CRDImages/ao/web-large/vs1994.35.29--33d.jpg,1,https://www.metmuseum.org/art/collection/search/316858
316859,Spindle,Peruvian,10th–16th century (?),Textiles-Implements,True,https://images.metmuseum.org/CRDImages/ao/original/vs1994.35.29--33d.jpg,https://images.metmuseum.org/CRDImages/ao/web-large/vs1994.35.29--33d.jpg,1,https://www.metmuseum.org/art/collection/search/316859
316860,Spindle,Peruvian,10th–16th century (?),Textiles-Implements,True,https://images.metmuseum.org/CRDImages/ao/original/vs1994.35.29--33d.jpg,https://images.metmuseum.org/CRDImages/ao/web-large/vs1994.35.29--33d.jpg,1,https://www.metmuseum.org/art/collection/search/316860
316861,Spindle,Peruvian,10th–16th century (?),Textiles-Implements,True,https://images.metmuseum.org/CRDImages/ao/original/vs1994.35.29--33d.jpg,https://images.metmuseum.org/CRDImages/ao/web-large/vs1994.35.29--33d.jpg,1,https://www.metmuseum.org/art/collection/search/316861
316862,Weaving Sword,Peruvian,10th–16th century (?),Bone/Ivory-Implements,True,https://images.metmuseum.org/CRDImages/ao/original/DP-27948-001.jpg,https://images.metmuseum.org/CRDImages/ao/web-large/DP-27948-001.jpg,2,https://www.metmuseum.org/art/collection/search/316862
316863,Weaving Sword,Peruvian,10th–16th century (?),Bone/Ivory-Implements,True,https://images.metmuseum.org/CRDImages/ao/original/DP-27949-001.jpg,https://images.metmuseum.org/CRDImages/ao/web-large/DP-27949-001.jpg,2,https://www.metmuseum.org/art/collection/search/316863
316864,Weaving Sword,Peruvian,10th–16th century (?),Bone/Ivory-Implements,True,https://images.metmuseum.org/CRDImages/ao/original/DP-27950-001.jpg,https://images.metmuseum.org/CRDImages/ao/web-large/DP-27950-001.jpg,2,https://www.metmuseum.org/art/collection/search/316864
316865,Weaving Sword,Peruvian,10th–16th century (?),Bone/Ivory-Implements,True,https://images.metmuseum.org/CRDImages/ao/original/DP-27951-001.jpg,https://images.metmuseum.org/CRDImages/ao/web-large/DP-27951-001.jpg,2,https://www.metmuseum.org/art/collection/search/316865
316866,Needle,Peruvian,10th–16th century (?),Textiles-Implements,True,https://images.metmuseum.org/CRDImages/ao/original/DP-27953-002.jpg,https://images.metmuseum.org/CRDImages/ao/web-large/DP-27953-002.jpg,1,https://www.metmuseum.org/art/collection/search/316866
316869,Wooden Comb with Woolen Decoration,Peruvian,10th–16th century (?),Wood-Implements,True,https://images.metmuseum.org/CRDImages/ao/original/1994.35.44.jpg,https://images.metmuseum.org/CRDImages/ao/web-large/1994.35.44.jpg,0,https://www.metmuseum.org/art/collection/search/316869
316887,Lime Container,Wari(?),6th–10th century,Wood-Containers,True,https://images.metmuseum.org/CRDImages/ao/original/1994.35.62.jpg,https://images.metmuseum.org/CRDImages/ao/web-large/1994.35.62.jpg,0,https://www.metmuseum.org/art/collection/search/316887
316892,Woman's Mantle (lliclla),Peruvian,17th–18th century,Textiles-Woven,True,https://images.metmuseum.org/CRDImages/ao/original/DT3832rev.jpg,https://images.metmuseum.org/CRDImages/ao/web-large/DT3832rev.jpg,0,https://www.metmuseum.org/art/collection/search/316892
316893,Tunic Fragment,Peruvian,7th–10th century,Textiles-Woven,True,https://images.metmuseum.org/CRDImages/ao/original/DP18647_1994.35.68.jpg,https://images.metmuseum.org/CRDImages/ao/web-large/DP18647_1994.35.68.jpg,0,https://www.metmuseum.org/art/collection/search/316893
316894,Sash Fragment with Fringe,Peruvian,7th–10th century,Textiles-Woven,True,https://images.metmuseum.org/CRDImages/ao/original/DP18602.jpg,https://images.metmuseum.org/CRDImages/ao/web-large/DP18602.jpg,0,https://www.metmuseum.org/art/collection/search/316894
316895,Sash Fragments,Peruvian,14th–early 16th century,Textiles-Woven,True,https://images.metmuseum.org/CRDImages/ao/original/DP101342.jpg,https://images.metmuseum.org/CRDImages/ao/web-large/DP101342.jpg,2,https://www.metmuseum.org/art/collection/search/316895
316896,Woven Panel,Peruvian,14th–early 16th century,Textiles-Woven,False,,,0,https://www.metmuseum.org/art/collection/search/316896
316897,Woven Panel,Peruvian,14th–early 16th century,Textiles-Woven,False,,,0,https://www.metmuseum.org/art/collection/search/316897
316898,Woven Panel,Peruvian,14th–early 16th century,Textiles-Woven,False,,,0,https://www.metmuseum.org/art/collection/search/316898
316899,Woven Panel,Peruvian,14th–early 16th century,Textiles-Woven,False,,,0,https://www.metmuseum.org/art/collection/search/316899
316900,Woven Panel,Peruvian,14th–early 16th century,Textiles-Woven,False,,,0,https://www.metmuseum.org/art/collection/search/316900
316901,Woven Panel,Peruvian,14th–early 16th century,Textiles-Woven,False,,,0,https://www.metmuseum.org/art/collection/search/316901
316902,Woven Panel,Peruvian,14th–early 16th century,Textiles-Woven,False,,,0,https://www.metmuseum.org/art/collection/search/316902
316903,Woven Panel,Peruvian,14th–early 16th century,Textiles-Woven,False,,,0,https://www.metmuseum.org/art/collection/search/316903
316904,Band Fragment,Peruvian,7th–10th century,Textiles-Woven,True,https://images.metmuseum.org/CRDImages/ao/original/DP18621.jpg,https://images.metmuseum.org/CRDImages/ao/web-large/DP18621.jpg,0,https://www.metmuseum.org/art/collection/search/316904
316905,Band Fragment,Peruvian,7th–10th century,Textiles-Woven,True,https://images.metmuseum.org/CRDImages/ao/original/DP18439.jpg,https://images.metmuseum.org/CRDImages/ao/web-large/DP18439.jpg,0,https://www.metmuseum.org/art/collection/search/316905
316906,Tunic Fragment,Peruvian,7th–10th century,Textiles-Woven,True,https://images.metmuseum.org/CRDImages/ao/original/1994.35.81.jpg,https://images.metmuseum.org/CRDImages/ao/web-large/1994.35.81.jpg,0,https://www.metmuseum.org/art/collection/search/316906
316907,Woven Panel,Peruvian,14th–early 16th century,Textiles-Woven,False,,,0,https://www.metmuseum.org/art/collection/search/316907
316908,Border Fragment,Peruvian,3rd–7th century,Textiles-Woven,False,,,0,https://www.metmuseum.org/art/collection/search/316908
316909,Garment Fragment (?),Peruvian,3rd–7th century,Textiles-Woven,False,,,0,https://www.metmuseum.org/art/collection/search/316909
316910,Sash Fragment,Peruvian,14th–early 16th century,Textiles-Woven,True,"https://images.metmuseum.org/CRDImages/ao/original/DP18680_1994.35.85,2.jpg","https://images.metmuseum.org/CRDImages/ao/web-large/DP18680_1994.35.85,2.jpg",1,https://www.metmuseum.org/art/collection/search/316910
316911,Garment Fragment,Peruvian,7th–10th century,Textiles-Woven,False,,,0,https://www.metmuseum.org/art/collection/search/316911
316912,Woven Panel Fragment,Peruvian,7th–10th century,Textiles-Woven,True,https://images.metmuseum.org/CRDImages/ao/original/DP18649_1994.35.87.jpg,https://images.metmuseum.org/CRDImages/ao/web-large/DP18649_1994.35.87.jpg,0,https://www.metmuseum.org/art/collection/search/316912
316913,Chuspa (coca bag),Moche,650-850 CE,Textiles-Woven,True,https://images.metmuseum.org/CRDImages/ao/original/DP-41567-001.jpg,https://images.metmuseum.org/CRDImages/ao/web-large/DP-41567-001.jpg,2,https://www.metmuseum.org/art/collection/search/316913
316914,Feathered Ornament,Peruvian,14th–early 16th century,Textiles-Featherwork,True,https://images.metmuseum.org/CRDImages/ao/original/DP101345b.jpg,https://images.metmuseum.org/CRDImages/ao/web-large/DP101345b.jpg,2,https://www.metmuseum.org/art/collection/search/316914
316915,Sash Fragments,Peruvian,14th–early 16th century,Textiles-Woven,True,"https://images.metmuseum.org/CRDImages/ao/original/DP18677_1994.35.90A,B.jpg","https://images.metmuseum.org/CRDImages/ao/web-large/DP18677_1994.35.90A,B.jpg",0,https://www.metmuseum.org/art/collection/search/316915
316916,Sash Fragments,Peruvian,14th–early 16th century,Textiles-Woven,True,https://images.metmuseum.org/CRDImages/ao/original/DP18678_1994.35.91.jpg,https://images.metmuseum.org/CRDImages/ao/web-large/DP18678_1994.35.91.jpg,0,https://www.metmuseum.org/art/collection/search/316916
316917,Bag,Peruvian,14th–early 16th century,Textiles-Woven,True,https://images.metmuseum.org/CRDImages/ao/original/DP18715.jpg,https://images.metmuseum.org/CRDImages/ao/web-large/DP18715.jpg,0,https://www.metmuseum.org/art/collection/search/316917
316918,Bag,Peruvian,14th–early 16th century,Textiles-Woven,True,https://images.metmuseum.org/CRDImages/ao/original/DP18710_1994.35.93.jpg,https://images.metmuseum.org/CRDImages/ao/web-large/DP18710_1994.35.93.jpg,0,https://www.metmuseum.org/art/collection/search/316918
316919,Bag,Colonial,16th century,Textiles-Woven,True,https://images.metmuseum.org/CRDImages/ao/original/DP18713.jpg,https://images.metmuseum.org/CRDImages/ao/web-large/DP18713.jpg,0,https://www.metmuseum.org/art/collection/search/316919
316920,Bag,Quechua,16th century (?),Textiles-Woven,True,https://images.metmuseum.org/CRDImages/ao/original/DP18714.jpg,https://images.metmuseum.org/CRDImages/ao/web-large/DP18714.jpg,0,https://www.metmuseum.org/art/collection/search/316920
316921,Bag,Nasca (?),2nd–7th century,Textiles-Woven,True,https://images.metmuseum.org/CRDImages/ao/original/DP18608.jpg,https://images.metmuseum.org/CRDImages/ao/web-large/DP18608.jpg,0,https://www.metmuseum.org/art/collection/search/316921
316922,Bag,Quechua,16th century (?),Textiles-Woven,True,https://images.metmuseum.org/CRDImages/ao/original/DP101295.jpg,https://images.metmuseum.org/CRDImages/ao/web-large/DP101295.jpg,0,https://www.metmuseum.org/art/collection/search/316922
316923,Bag,Quechua,16th century (?),Textiles-Woven,True,https://images.metmuseum.org/CRDImages/ao/original/DP101296.jpg,https://images.metmuseum.org/CRDImages/ao/web-large/DP101296.jpg,0,https://www.metmuseum.org/art/collection/search/316923
316924,Bag with Fringes,Wari,7th–10th century,Textiles-Woven,True,https://images.metmuseum.org/CRDImages/ao/original/DP18614.jpg,https://images.metmuseum.org/CRDImages/ao/web-large/DP18614.jpg,1,https://www.metmuseum.org/art/collection/search/316924
316925,Bag,Nasca (?),2nd–7th century,Textiles-Woven,True,https://images.metmuseum.org/CRDImages/ao/original/DP18612.jpg,https://images.metmuseum.org/CRDImages/ao/web-large/DP18612.jpg,1,https://www.metmuseum.org/art/collection/search/316925
316926,Feathered Bag,Inca,15th–early 16th century,Textiles-Featherwork,True,https://images.metmuseum.org/CRDImages/ao/original/DP158704.jpg,https://images.metmuseum.org/CRDImages/ao/web-large/DP158704.jpg,1,https://www.metmuseum.org/art/collection/search/316926
316927,Bag,Peruvian,500–1500 CE,Textiles-Woven,False,,,0,https://www.metmuseum.org/art/collection/search/316927
316928,Sling,Inca (?),1450–1532 CE,Textiles-Woven,True,https://images.metmuseum.org/CRDImages/ao/original/vs1994.35.103a.jpg,https://images.metmuseum.org/CRDImages/ao/web-large/vs1994.35.103a.jpg,1,https://www.metmuseum.org/art/collection/search/316928
316929,Sling,Quechua,1450–1532 CE,Textiles-Woven,True,https://images.metmuseum.org/CRDImages/ao/original/DP101340.jpg,https://images.metmuseum.org/CRDImages/ao/web-large/DP101340.jpg,0,https://www.metmuseum.org/art/collection/search/316929
316930,Sling,Quechua,16th century (?),Textiles-Woven,True,https://images.metmuseum.org/CRDImages/ao/original/DP101341.jpg,https://images.metmuseum.org/CRDImages/ao/web-large/DP101341.jpg,0,https://www.metmuseum.org/art/collection/search/316930
316931,Headband,Peruvian,7th–10th century,Textiles-Woven,True,https://images.metmuseum.org/CRDImages/ao/original/1994.35.106_a.JPG,https://images.metmuseum.org/CRDImages/ao/web-large/1994.35.106_a.JPG,2,https://www.metmuseum.org/art/collection/search/316931
316932,Headband,Wari,7th–10th century,Textiles-Woven,True,https://images.metmuseum.org/CRDImages/ao/original/DP18618.jpg,https://images.metmuseum.org/CRDImages/ao/web-large/DP18618.jpg,0,https://www.metmuseum.org/art/collection/search/316932
316933,Headband,Wari,7th–10th century,Textiles-Woven,True,"https://images.metmuseum.org/CRDImages/ao/original/DP18699_1994.35.108A,1.jpg","https://images.metmuseum.org/CRDImages/ao/web-large/DP18699_1994.35.108A,1.jpg",1,https://www.metmuseum.org/art/collection/search/316933
316934,Headband,Wari,7th–10th century,Textiles-Woven,True,https://images.metmuseum.org/CRDImages/ao/original/vs1994.35.109.jpg,https://images.metmuseum.org/CRDImages/ao/web-large/vs1994.35.109.jpg,1,https://www.metmuseum.org/art/collection/search/316934
316935,Headband,Nasca (?),2nd–7th century,Textiles-Woven,True,https://images.metmuseum.org/CRDImages/ao/original/vs1994.35.110.jpg,https://images.metmuseum.org/CRDImages/ao/web-large/vs1994.35.110.jpg,1,https://www.metmuseum.org/art/collection/search/316935
316936,Headband,Wari,7th–10th century,Textiles-Woven,True,https://images.metmuseum.org/CRDImages/ao/original/vs1994.35.111.jpg,https://images.metmuseum.org/CRDImages/ao/web-large/vs1994.35.111.jpg,2,https://www.metmuseum.org/art/collection/search/316936
316937,Headband,Wari,7th–10th century,Textiles-Woven,True,https://images.metmuseum.org/CRDImages/ao/original/vs1994.35.112.jpg,https://images.metmuseum.org/CRDImages/ao/web-large/vs1994.35.112.jpg,1,https://www.metmuseum.org/art/collection/search/316937
316938,Serpent ornament,Inca (?),1450–1532 CE,Textiles-Woven,True,https://images.metmuseum.org/CRDImages/ao/original/1994.35.113_d.JPG,https://images.metmuseum.org/CRDImages/ao/web-large/1994.35.113_d.JPG,3,https://www.metmuseum.org/art/collection/search/316938
316939,Miniature Tunic,Inca,14th–early 16th century,Textiles-Woven,True,https://images.metmuseum.org/CRDImages/ao/original/DP-13440-003.jpg,https://images.metmuseum.org/CRDImages/ao/web-large/DP-13440-003.jpg,2,https://www.metmuseum.org/art/collection/search/316939
316940,Hat,Peruvian,7th–10th century,Textiles-Costumes,True,https://images.metmuseum.org/CRDImages/ao/original/DP18717.jpg,https://images.metmuseum.org/CRDImages/ao/web-large/DP18717.jpg,0,https://www.metmuseum.org/art/collection/search/316940
316941,Miniature Tunic,Ica,12th–13th century,Textiles-Featherwork,True,https://images.metmuseum.org/CRDImages/ao/original/DP216979.jpg,https://images.metmuseum.org/CRDImages/ao/web-large/DP216979.jpg,1,https://www.metmuseum.org/art/collection/search/316941
316942,Miniature Tunic,Ica,12th–13th century,Textiles-Featherwork,True,https://images.metmuseum.org/CRDImages/ao/original/DP216981.jpg,https://images.metmuseum.org/CRDImages/ao/web-large/DP216981.jpg,1,https://www.metmuseum.org/art/collection/search/316942
316943,Feathered Band,Peruvian,14th–early 16th century,Textiles-Featherwork,True,https://images.metmuseum.org/CRDImages/ao/original/DP18599.jpg,https://images.metmuseum.org/CRDImages/ao/web-large/DP18599.jpg,0,https://www.metmuseum.org/art/collection/search/316943
316944,Embroidered Border Fragment,Peruvian,1st–7th century,Textiles-Woven,True,https://images.metmuseum.org/CRDImages/ao/original/DP18500_1994.35.119.jpg,https://images.metmuseum.org/CRDImages/ao/web-large/DP18500_1994.35.119.jpg,0,https://www.metmuseum.org/art/collection/search/316944
316945,Border Fragment,Paracas,450–175 BCE,Textiles-Woven,True,https://images.metmuseum.org/CRDImages/ao/original/DP-28474-001.jpg,https://images.metmuseum.org/CRDImages/ao/web-large/DP-28474-001.jpg,7,https://www.metmuseum.org/art/collection/search/316945
316946,Embroidered Border Fragment,Peruvian,1st–7th century,Textiles-Woven,True,https://images.metmuseum.org/CRDImages/ao/original/DP18501_1994.35.121.jpg,https://images.metmuseum.org/CRDImages/ao/web-large/DP18501_1994.35.121.jpg,0,https://www.metmuseum.org/art/collection/search/316946
316947,Embroidered Border Fragment,Peruvian,1st–7th century,Textiles-Woven,True,https://images.metmuseum.org/CRDImages/ao/original/DP18502_1994.35.122.jpg,https://images.metmuseum.org/CRDImages/ao/web-large/DP18502_1994.35.122.jpg,0,https://www.metmuseum.org/art/collection/search/316947
316948,Openweave Cap,Peruvian,14th–early 16th century,Textiles-Costumes,True,https://images.metmuseum.org/CRDImages/ao/original/hz1994_35_123.jpg,https://images.metmuseum.org/CRDImages/ao/web-large/hz1994_35_123.jpg,0,https://www.metmuseum.org/art/collection/search/316948
316949,Openweave Cap with Tassels,Peruvian,11th–14th century,Textiles-Costumes,True,https://images.metmuseum.org/CRDImages/ao/original/DP101292.jpg,https://images.metmuseum.org/CRDImages/ao/web-large/DP101292.jpg,1,https://www.metmuseum.org/art/collection/search/316949
316950,Openweave Cap with Tassels,Peruvian,11th–14th century,Textiles-Costumes,True,https://images.metmuseum.org/CRDImages/ao/original/DP101293.jpg,https://images.metmuseum.org/CRDImages/ao/web-large/DP101293.jpg,1,https://www.metmuseum.org/art/collection/search/316950
316951,Mitre Shaped Cap,Peruvian,11th–early 14th century,Textiles-Woven,True,https://images.metmuseum.org/CRDImages/ao/original/hz1994_35_126.jpg,https://images.metmuseum.org/CRDImages/ao/web-large/hz1994_35_126.jpg,0,https://www.metmuseum.org/art/collection/search/316951
316952,Mitre Shaped Cap,Peruvian,11th–14th century,Textiles-Woven,True,https://images.metmuseum.org/CRDImages/ao/original/hz1994_35_127.jpg,https://images.metmuseum.org/CRDImages/ao/web-large/hz1994_35_127.jpg,0,https://www.metmuseum.org/art/collection/search/316952
316953,Cap,Peruvian,14th–early 16th century,Textiles-Costumes,True,https://images.metmuseum.org/CRDImages/ao/original/hz1994_35_128.jpg,https://images.metmuseum.org/CRDImages/ao/web-large/hz1994_35_128.jpg,3,https://www.metmuseum.org/art/collection/search/316953
316954,Cap,Peruvian,11th–early 14th century,Textiles-Costumes,True,https://images.metmuseum.org/CRDImages/ao/original/1994.35.129_a.jpg,https://images.metmuseum.org/CRDImages/ao/web-large/1994.35.129_a.jpg,5,https://www.metmuseum.org/art/collection/search/316954
316955,Cap,Peruvian,7th–10th century,Textiles-Costumes,True,https://images.metmuseum.org/CRDImages/ao/original/DP-30089-001.jpg,https://images.metmuseum.org/CRDImages/ao/web-large/DP-30089-001.jpg,2,https://www.metmuseum.org/art/collection/search/316955
316956,Cap,Arica,10th–14th century,Textiles-Costumes,True,https://images.metmuseum.org/CRDImages/ao/original/DP-30086-001.jpg,https://images.metmuseum.org/CRDImages/ao/web-large/DP-30086-001.jpg,2,https://www.metmuseum.org/art/collection/search/316956
316957,Cap,Arica,10th–14th century,Textiles-Costumes,True,https://images.metmuseum.org/CRDImages/ao/original/DP-30085-001.jpg,https://images.metmuseum.org/CRDImages/ao/web-large/DP-30085-001.jpg,2,https://www.metmuseum.org/art/collection/search/316957
316958,Cap with Feathers,Arica,10th–14th century,Textiles-Featherwork,True,https://images.metmuseum.org/CRDImages/ao/original/DP-30087-001.jpg,https://images.metmuseum.org/CRDImages/ao/web-large/DP-30087-001.jpg,2,https://www.metmuseum.org/art/collection/search/316958
316959,Cap,Arica,10th–14th century,Textiles-Costumes,True,https://images.metmuseum.org/CRDImages/ao/original/DP-30083-001.jpg,https://images.metmuseum.org/CRDImages/ao/web-large/DP-30083-001.jpg,3,https://www.metmuseum.org/art/collection/search/316959
316960,Cap,Arica,10th–14th century,Textiles-Costumes,True,https://images.metmuseum.org/CRDImages/ao/original/DP-30084-001.jpg,https://images.metmuseum.org/CRDImages/ao/web-large/DP-30084-001.jpg,2,https://www.metmuseum.org/art/collection/search/316960
316961,Feathered Cap,Peruvian,900–1470 CE,Textiles-Featherwork,True,https://images.metmuseum.org/CRDImages/ao/original/DP-30088-001.jpg,https://images.metmuseum.org/CRDImages/ao/web-large/DP-30088-001.jpg,2,https://www.metmuseum.org/art/collection/search/316961
316962,Four-Cornered Hat,Wari,7th–9th century,Textiles-Costumes,True,https://images.metmuseum.org/CRDImages/ao/original/DP-29609-001.jpg,https://images.metmuseum.org/CRDImages/ao/web-large/DP-29609-001.jpg,2,https://www.metmuseum.org/art/collection/search/316962
316963,Four-Cornered Hat,Wari,7th–9th century,Textiles-Costumes,True,https://images.metmuseum.org/CRDImages/ao/original/DP-29610-001.jpg,https://images.metmuseum.org/CRDImages/ao/web-large/DP-29610-001.jpg,2,https://www.metmuseum.org/art/collection/search/316963
316964,Four-Cornered Hat,Wari,7th–9th century,Textiles-Costumes,True,https://images.metmuseum.org/CRDImages/ao/original/DP-29611-001.jpg,https://images.metmuseum.org/CRDImages/ao/web-large/DP-29611-001.jpg,2,https://www.metmuseum.org/art/collection/search/316964
316965,Four-Cornered Hat,Wari,7th–9th century,Textiles-Costumes,True,https://images.metmuseum.org/CRDImages/ao/original/DP-29612-001.jpg,https://images.metmuseum.org/CRDImages/ao/web-large/DP-29612-001.jpg,2,https://www.metmuseum.org/art/collection/search/316965
316966,Four-Cornered Hat,Wari,7th–9th century,Textiles-Costumes,True,https://images.metmuseum.org/CRDImages/ao/original/DP-29613-001.jpg,https://images.metmuseum.org/CRDImages/ao/web-large/DP-29613-001.jpg,2,https://www.metmuseum.org/art/collection/search/316966
316967,Four-Cornered Hat,Wari,7th–9th century,Textiles-Costumes,True,https://images.metmuseum.org/CRDImages/ao/original/DP-29614-001.jpg,https://images.metmuseum.org/CRDImages/ao/web-large/DP-29614-001.jpg,2,https://www.metmuseum.org/art/collection/search/316967
316968,Four-Cornered Hat,Wari,7th–9th century,Textiles-Costumes,True,https://images.metmuseum.org/CRDImages/ao/original/DP-29615-001.jpg,https://images.metmuseum.org/CRDImages/ao/web-large/DP-29615-001.jpg,2,https://www.metmuseum.org/art/collection/search/316968
316969,Four-Cornered Hat,Wari,7th–9th century,Textiles-Costumes,True,https://images.metmuseum.org/CRDImages/ao/original/DP-29616-001.jpg,https://images.metmuseum.org/CRDImages/ao/web-large/DP-29616-001.jpg,2,https://www.metmuseum.org/art/collection/search/316969
316970,Four-Cornered Hat,Wari,7th–9th century,Textiles-Costumes,True,https://images.metmuseum.org/CRDImages/ao/original/DP-29617-001.jpg,https://images.metmuseum.org/CRDImages/ao/web-large/DP-29617-001.jpg,2,https://www.metmuseum.org/art/collection/search/316970
316971,Four-Cornered Hat,Wari,7th–9th century,Textiles-Costumes,True,https://images.metmuseum.org/CRDImages/ao/original/DP-29618-001.jpg,https://images.metmuseum.org/CRDImages/ao/web-large/DP-29618-001.jpg,2,https://www.metmuseum.org/art/collection/search/316971
316972,Four-Cornered Hat,Wari,7th–9th century,Textiles-Costumes,True,https://images.metmuseum.org/CRDImages/ao/original/DP-29619-001.jpg,https://images.metmuseum.org/CRDImages/ao/web-large/DP-29619-001.jpg,2,https://www.metmuseum.org/art/collection/search/316972
316973,Four-Cornered Hat,Wari,7th–9th century,Textiles-Costumes,True,https://images.metmuseum.org/CRDImages/ao/original/DP-29620-001.jpg,https://images.metmuseum.org/CRDImages/ao/web-large/DP-29620-001.jpg,2,https://www.metmuseum.org/art/collection/search/316973
316974,Four-Cornered Hat,Wari,8th–10th century,Textiles-Costumes,True,https://images.metmuseum.org/CRDImages/ao/original/DP-29626-001.jpg,https://images.metmuseum.org/CRDImages/ao/web-large/DP-29626-001.jpg,2,https://www.metmuseum.org/art/collection/search/316974
316975,Four-Cornered Hat,Wari,7th–10th century,Textiles-Costumes,True,https://images.metmuseum.org/CRDImages/ao/original/DP-29627-001.jpg,https://images.metmuseum.org/CRDImages/ao/web-large/DP-29627-001.jpg,2,https://www.metmuseum.org/art/collection/search/316975
316976,Four-Cornered Hat,Wari,8th–10th century,Textiles-Costumes,True,https://images.metmuseum.org/CRDImages/ao/original/DP-29628-001.jpg,https://images.metmuseum.org/CRDImages/ao/web-large/DP-29628-001.jpg,2,https://www.metmuseum.org/art/collection/search/316976
316977,Four-Cornered Hat,Wari,7th–9th century,Textiles-Costumes,True,https://images.metmuseum.org/CRDImages/ao/original/DP-29629-001.jpg,https://images.metmuseum.org/CRDImages/ao/web-large/DP-29629-001.jpg,2,https://www.metmuseum.org/art/collection/search/316977
316978,Four-Cornered Hat,Tiwanaku or Wari,500–900 CE,Textiles-Costumes,True,https://images.metmuseum.org/CRDImages/ao/original/DP-29598-001.jpg,https://images.metmuseum.org/CRDImages/ao/web-large/DP-29598-001.jpg,2,https://www.metmuseum.org/art/collection/search/316978
316979,Four-Cornered Hat,Tiwanaku,5th–9th century,Textiles-Costumes,True,https://images.metmuseum.org/CRDImages/ao/original/DP-29587-001.jpg,https://images.metmuseum.org/CRDImages/ao/web-large/DP-29587-001.jpg,2,https://www.metmuseum.org/art/collection/search/316979
316980,Four-Cornered Hat,Tiwanaku,7th–9th century,Textiles-Costumes,True,https://images.metmuseum.org/CRDImages/ao/original/DP-29588-001.jpg,https://images.metmuseum.org/CRDImages/ao/web-large/DP-29588-001.jpg,1,https://www.metmuseum.org/art/collection/search/316980
316981,Four-Cornered Hat,Tiwanaku,7th–9th century,Textiles-Costumes,True,https://images.metmuseum.org/CRDImages/ao/original/DP-29590-001.jpg,https://images.metmuseum.org/CRDImages/ao/web-large/DP-29590-001.jpg,2,https://www.metmuseum.org/art/collection/search/316981
316982,Four-Cornered Hat,Tiwanaku,7th–9th century,Textiles-Costumes,True,https://images.metmuseum.org/CRDImages/ao/original/DP-29591-001.jpg,https://images.metmuseum.org/CRDImages/ao/web-large/DP-29591-001.jpg,2,https://www.metmuseum.org/art/collection/search/316982
316983,Four-Cornered Hat,Tiwanaku,4th–8th century,Textiles-Costumes,True,https://images.metmuseum.org/CRDImages/ao/original/DP-29592-001.jpg,https://images.metmuseum.org/CRDImages/ao/web-large/DP-29592-001.jpg,2,https://www.metmuseum.org/art/collection/search/316983
316984,Four-Cornered Hat,Tiwanaku,4th–8th century,Textiles-Costumes,True,https://images.metmuseum.org/CRDImages/ao/original/DP-29593-001.jpg,https://images.metmuseum.org/CRDImages/ao/web-large/DP-29593-001.jpg,2,https://www.metmuseum.org/art/collection/search/316984
316985,Four-Cornered Hat,Tiwanaku,7th–9th century,Textiles-Costumes,True,https://images.metmuseum.org/CRDImages/ao/original/DP-29594-001.jpg,https://images.metmuseum.org/CRDImages/ao/web-large/DP-29594-001.jpg,2,https://www.metmuseum.org/art/collection/search/316985
316986,Four-Cornered Hat,Tiwanaku,10th–12th century,Textiles-Costumes,True,https://images.metmuseum.org/CRDImages/ao/original/DP-29595-001.jpg,https://images.metmuseum.org/CRDImages/ao/web-large/DP-29595-001.jpg,2,https://www.metmuseum.org/art/collection/search/316986
316987,Four-Cornered Hat,Tiwanaku,7th–9th century,Textiles-Costumes,True,https://images.metmuseum.org/CRDImages/ao/original/DP-29596-001.jpg,https://images.metmuseum.org/CRDImages/ao/web-large/DP-29596-001.jpg,2,https://www.metmuseum.org/art/collection/search/316987
316988,Four-Cornered Hat,Wari,7th–9th century,Textiles-Costumes,True,https://images.metmuseum.org/CRDImages/ao/original/DP-29630-001.jpg,https://images.metmuseum.org/CRDImages/ao/web-large/DP-29630-001.jpg,2,https://www.metmuseum.org/art/collection/search/316988
316989,Four-Cornered Hat,Tiwanaku,7th–9th century,Textiles-Costumes,True,https://images.metmuseum.org/CRDImages/ao/original/DP-29597-001.jpg,https://images.metmuseum.org/CRDImages/ao/web-large/DP-29597-001.jpg,2,https://www.metmuseum.org/art/collection/search/316989
316997,Coca Bag,Quechua,20th century,Textiles-Woven,False,,,0,https://www.metmuseum.org/art/collection/search/316997
316998,Woman's Mantle,Aymara,19th–20th century,Textiles-Woven,False,,,0,https://www.metmuseum.org/art/collection/search/316998
316999,Woman's Mantle,Aymara,19th century,Textiles-Woven,False,,,0,https://www.metmuseum.org/art/collection/search/316999
317000,Woman's Mantle,Aymara,19th century,Textiles-Woven,False,,,0,https://www.metmuseum.org/art/collection/search/317000
317001,Woman's Mantle,Aymara,19th century,Textiles-Woven,False,,,0,https://www.metmuseum.org/art/collection/search/317001
317002,Poncho,Aymara,19th–20th century,Textiles-Woven,False,,,0,https://www.metmuseum.org/art/collection/search/317002
317003,Poncho,Aymara,19th–20th century,Textiles-Woven,False,,,0,https://www.metmuseum.org/art/collection/search/317003
317004,Woman's Skirt,Aymara,19th–20th century,Textiles-Woven,False,,,0,https://www.metmuseum.org/art/collection/search/317004
317005,Carrying Cloth,Quechua,20th century,Textiles-Woven,False,,,0,https://www.metmuseum.org/art/collection/search/317005
317006,Saddle Bag,Peru or Chile,19th–20th century,Textiles-Woven,False,,,0,https://www.metmuseum.org/art/collection/search/317006
317192,Ear or Sideburn Ornament,Shuar or Achuar (?),20th century,Textiles-Featherwork,False,,,0,https://www.metmuseum.org/art/collection/search/317192
317193,Ear or Sideburn Ornament,Shuar or Achuar (?),20th century,Textiles-Featherwork,False,,,0,https://www.metmuseum.org/art/collection/search/317193
317194,Woman's Shell and Beaded Skirt,Shuar or Achuar (?),20th century,Shell-Costumes,False,,,0,https://www.metmuseum.org/art/collection/search/317194
317645,Bag,Peruvian,14th–16th century,Textiles-Woven,True,https://images.metmuseum.org/CRDImages/ao/original/DP18681.jpg,https://images.metmuseum.org/CRDImages/ao/web-large/DP18681.jpg,0,https://www.metmuseum.org/art/collection/search/317645
317736,Woman's Dress,Chuquibamba,14th–early 16th century,Textiles-Woven,True,https://images.metmuseum.org/CRDImages/ao/original/DT1275.jpg,https://images.metmuseum.org/CRDImages/ao/web-large/DT1275.jpg,0,https://www.metmuseum.org/art/collection/search/317736
318038,Man's Poncho (manta),Mapuche,early 20th century,Textiles-Woven,False,,,0,https://www.metmuseum.org/art/collection/search/318038
318039,Poncho (manta),Mapuche,20th century,Textiles-Woven,False,,,0,https://www.metmuseum.org/art/collection/search/318039
318040,Poncho (manta),Mapuche,20th century,Textiles-Woven,False,,,0,https://www.metmuseum.org/art/collection/search/318040
318041,Poncho (manta),Mapuche,20th century,Textiles-Woven,False,,,0,https://www.metmuseum.org/art/collection/search/318041
318042,Poncho (manta),Mapuche,20th century,Textiles-Woven,False,,,0,https://www.metmuseum.org/art/collection/search/318042
318045,Sash,Peru; south coast,13th–16th century,Textiles-Woven,False,,,0,https://www.metmuseum.org/art/collection/search/318045
318046,Man's Shaped Tunic,Arica,1000–1350,Textiles-Woven,True,https://images.metmuseum.org/CRDImages/ao/original/ep1999.47.125.jpg,https://images.metmuseum.org/CRDImages/ao/web-large/ep1999.47.125.jpg,0,https://www.metmuseum.org/art/collection/search/318046
318109,Woman's Mantle,Aymara,19th century,Textiles-Woven,False,,,0,https://www.metmuseum.org/art/collection/search/318109
318110,Woman's Mantle,Aymara,19th–20th century,Textiles-Woven,False,,,0,https://www.metmuseum.org/art/collection/search/318110
318111,Woman's Mantle,Aymara,19th century,Textiles-Woven,False,,,0,https://www.metmuseum.org/art/collection/search/318111
318112,Woman's Mantle,Aymara,19th–20th century,Textiles-Woven,False,,,0,https://www.metmuseum.org/art/collection/search/318112
318113,Coca Bag (Ch'uspa),Aymara,early 19th century,Textiles-Woven,True,https://images.metmuseum.org/CRDImages/ao/original/VS1999.47.197.jpg,https://images.metmuseum.org/CRDImages/ao/web-large/VS1999.47.197.jpg,1,https://www.metmuseum.org/art/collection/search/318113
318114,Coca Bag (Ch'uspa),Aymara,19th–20th century,Textiles-Woven,False,,,0,https://www.metmuseum.org/art/collection/search/318114
318115,Woman's Skirt,Aymara,20th century,Textiles-Woven,False,,,0,https://www.metmuseum.org/art/collection/search/318115
318116,Woman's Overskirt (Aksu),Aymara,late 19th century,Textiles-Woven,False,,,0,https://www.metmuseum.org/art/collection/search/318116
318117,Woman's Overskirt (Aksu),Aymara,20th century,Textiles-Woven,False,,,0,https://www.metmuseum.org/art/collection/search/318117
318118,Woman's Overskirt (Aksu),Aymara,19th century,Textiles-Woven,False,,,0,https://www.metmuseum.org/art/collection/search/318118
318119,Coca Bag (Ch'uspa),Aymara,19th–20th century,Textiles-Woven,False,,,0,https://www.metmuseum.org/art/collection/search/318119
318120,Coca Bag (Ch'uspa),Aymara,19th–20th century,Textiles-Woven,False,,,0,https://www.metmuseum.org/art/collection/search/318120
318121,Coca Bag (Ch'uspa),Aymara,late 19th century,Textiles-Woven,False,,,0,https://www.metmuseum.org/art/collection/search/318121
318122,Coca Bag (Ch'uspa),Aymara,20th century,Textiles-Woven,False,,,0,https://www.metmuseum.org/art/collection/search/318122
318123,Coca Bag (Ch'uspa),Aymara,late 19th century,Textiles-Woven,False,,,0,https://www.metmuseum.org/art/collection/search/318123
318124,Coca Bag (Ch'uspa),Aymara,late 19th century,Textiles-Woven,False,,,0,https://www.metmuseum.org/art/collection/search/318124
318125,Coca Bag (Ch'uspa),Aymara,late 19th century,Textiles-Woven,False,,,0,https://www.metmuseum.org/art/collection/search/318125
318126,Coca Bag (Ch'uspa),Aymara,late 19th century,Textiles-Woven,False,,,0,https://www.metmuseum.org/art/collection/search/318126
318127,Coca Bag (Ch'uspa),Aymara,mid-20th century,Textiles-Woven,False,,,0,https://www.metmuseum.org/art/collection/search/318127
318128,Coca Bag (Ch'uspa),Aymara,19th–20th century,Textiles-Woven,False,,,0,https://www.metmuseum.org/art/collection/search/318128
318129,Coca Bag (Ch'uspa),Aymara,late 19th century,Textiles-Woven,False,,,0,https://www.metmuseum.org/art/collection/search/318129
318130,Bag (Ch'uspa),Aymara,19th century,Textiles-Woven,False,,,0,https://www.metmuseum.org/art/collection/search/318130
318131,Coca Bag (Ch'uspa),Aymara,20th century,Textiles-Woven,False,,,0,https://www.metmuseum.org/art/collection/search/318131
318132,Coca Bag (Ch'uspa),Aymara,early 20th century,Textiles-Woven,False,,,0,https://www.metmuseum.org/art/collection/search/318132
318133,Coca Bag (Ch'uspa),Aymara,20th century,Textiles-Woven,False,,,0,https://www.metmuseum.org/art/collection/search/318133
318134,Coca Bag (Ch'uspa),Aymara,20th century,Textiles-Woven,False,,,0,https://www.metmuseum.org/art/collection/search/318134
318135,Coca Bag (Ch'uspa),Aymara,mid-20th century,Textiles-Woven,False,,,0,https://www.metmuseum.org/art/collection/search/318135
318136,Coca Bag (Ch'uspa),Aymara,19th century,Textiles-Woven,False,,,0,https://www.metmuseum.org/art/collection/search/318136
318137,Coca Bag (Ch'uspa),Aymara,19th–20th century,Textiles-Woven,False,,,0,https://www.metmuseum.org/art/collection/search/318137
318138,Coca Bag (Ch'uspa),Aymara,1950–80,Textiles-Woven,False,,,0,https://www.metmuseum.org/art/collection/search/318138
318139,Coca Bag (Ch'uspa),Aymara,1950–80,Textiles-Woven,False,,,0,https://www.metmuseum.org/art/collection/search/318139
318140,Coca Bag (Ch'uspa),Aymara,20th century,Textiles-Woven,False,,,0,https://www.metmuseum.org/art/collection/search/318140
318141,Bag (Ch'uspa),Aymara,late 20th century,Textiles-Woven,False,,,0,https://www.metmuseum.org/art/collection/search/318141
318142,Hat (Chullu),Aymara,mid-20th century,Textiles-Woven,False,,,0,https://www.metmuseum.org/art/collection/search/318142
318143,Belt,Aymara,19th–20th century,Textiles-Woven,False,,,0,https://www.metmuseum.org/art/collection/search/318143
318144,Bag,Aymara or Quechua,20th century,Textiles-Woven,False,,,0,https://www.metmuseum.org/art/collection/search/318144
318145,Tunic,Quechua,16th–17th century (?),Textiles-Woven,True,https://images.metmuseum.org/CRDImages/ao/original/DP137345.jpg,https://images.metmuseum.org/CRDImages/ao/web-large/DP137345.jpg,3,https://www.metmuseum.org/art/collection/search/318145
318146,Man's Tunic,Aymara,17th–18th century (?),Textiles-Woven,True,https://images.metmuseum.org/CRDImages/ao/original/ep1999.47.226.jpg,https://images.metmuseum.org/CRDImages/ao/web-large/ep1999.47.226.jpg,0,https://www.metmuseum.org/art/collection/search/318146
318147,Man's Tunic,Aymara,17th–18th century (?),Textiles-Woven,True,https://images.metmuseum.org/CRDImages/ao/original/1999.47.227.jpg,https://images.metmuseum.org/CRDImages/ao/web-large/1999.47.227.jpg,0,https://www.metmuseum.org/art/collection/search/318147
318148,Tunic,Aymara,17th–18th century (?),Textiles-Woven,True,https://images.metmuseum.org/CRDImages/ao/original/DP137346.jpg,https://images.metmuseum.org/CRDImages/ao/web-large/DP137346.jpg,0,https://www.metmuseum.org/art/collection/search/318148
318149,Tunic,Aymara,late 18th century,Textiles-Woven,True,https://images.metmuseum.org/CRDImages/ao/original/DP137348.jpg,https://images.metmuseum.org/CRDImages/ao/web-large/DP137348.jpg,1,https://www.metmuseum.org/art/collection/search/318149
318150,Tunic,Aymara,18th–19th century (?),Textiles-Woven,False,,,0,https://www.metmuseum.org/art/collection/search/318150
318151,Poncho,Aymara,19th century,Textiles-Woven,False,,,0,https://www.metmuseum.org/art/collection/search/318151
318152,Poncho,Aymara,late 19th century,Textiles-Woven,False,,,0,https://www.metmuseum.org/art/collection/search/318152
318153,Poncho,Aymara,late 19th century,Textiles-Woven,False,,,0,https://www.metmuseum.org/art/collection/search/318153
318154,Poncho,Aymara,early 20th century,Textiles-Woven,False,,,0,https://www.metmuseum.org/art/collection/search/318154
318155,Poncho,Aymara,19th century,Textiles-Woven,False,,,0,https://www.metmuseum.org/art/collection/search/318155
318156,Poncho,Aymara,20th century,Textiles-Woven,False,,,0,https://www.metmuseum.org/art/collection/search/318156
318157,Poncho,Aymara,early 20th century,Textiles-Woven,False,,,0,https://www.metmuseum.org/art/collection/search/318157
318158,Poncho,Aymara,early 20th century,Textiles-Woven,False,,,0,https://www.metmuseum.org/art/collection/search/318158
318159,Poncho,Aymara,20th century,Textiles-Woven,False,,,0,https://www.metmuseum.org/art/collection/search/318159
318160,Poncho,Aymara,late 19th century,Textiles-Woven,False,,,0,https://www.metmuseum.org/art/collection/search/318160
318161,Poncho,Aymara,20th century,Textiles-Woven,False,,,0,https://www.metmuseum.org/art/collection/search/318161
318162,Poncho,Aymara or Quechua,20th century,Textiles-Woven,False,,,0,https://www.metmuseum.org/art/collection/search/318162
318163,Poncho,Quechua,20th century,Textiles-Woven,False,,,0,https://www.metmuseum.org/art/collection/search/318163
318164,Poncho,Quechua,17th century (?),Textiles-Woven,True,https://images.metmuseum.org/CRDImages/ao/original/DP137349.jpg,https://images.metmuseum.org/CRDImages/ao/web-large/DP137349.jpg,1,https://www.metmuseum.org/art/collection/search/318164
318165,Man's Mantle,Aymara,17th–18th century (?),Textiles-Woven,True,https://images.metmuseum.org/CRDImages/ao/original/DP137350.jpg,https://images.metmuseum.org/CRDImages/ao/web-large/DP137350.jpg,0,https://www.metmuseum.org/art/collection/search/318165
318166,Man's Mantle,Aymara,18th–19th century,Textiles-Woven,False,,,0,https://www.metmuseum.org/art/collection/search/318166
318167,Man's Mantle,Aymara,18th–19th century,Textiles-Woven,False,,,0,https://www.metmuseum.org/art/collection/search/318167
318168,Man's Scarf,Aymara,20th century,Textiles-Woven,False,,,0,https://www.metmuseum.org/art/collection/search/318168
318169,Man's Scarf,Bolivia or Peru,20th century,Textiles-Woven,False,,,0,https://www.metmuseum.org/art/collection/search/318169
318170,Tunic,Aymara or Quechua,20th century,Textiles-Woven,False,,,0,https://www.metmuseum.org/art/collection/search/318170
318171,Ceremonial Mantle,Aymara,18th–19th century,Textiles-Woven,False,,,0,https://www.metmuseum.org/art/collection/search/318171
318172,Ceremonial Mantle,Aymara,18th–19th century,Textiles-Woven,False,,,0,https://www.metmuseum.org/art/collection/search/318172
318173,Ceremonial Mantle,Aymara,18th–19th century,Textiles-Woven,True,https://images.metmuseum.org/CRDImages/ao/original/ks1999_47_253.jpg,https://images.metmuseum.org/CRDImages/ao/web-large/ks1999_47_253.jpg,1,https://www.metmuseum.org/art/collection/search/318173
318174,Man's Mantle,Aymara,18th–19th century,Textiles-Woven,False,,,0,https://www.metmuseum.org/art/collection/search/318174
318175,Woman's Mantle,Aymara,18th century (?),Textiles-Woven,True,https://images.metmuseum.org/CRDImages/ao/original/DP137353.jpg,https://images.metmuseum.org/CRDImages/ao/web-large/DP137353.jpg,0,https://www.metmuseum.org/art/collection/search/318175
318176,Woman's Mantle,Aymara,18th–19th century,Textiles-Woven,False,,,0,https://www.metmuseum.org/art/collection/search/318176
318177,Woman's Mantle,Aymara,19th century,Textiles-Woven,False,,,0,https://www.metmuseum.org/art/collection/search/318177
318178,Woman's Mantle,Aymara,19th–20th century,Textiles-Woven,False,,,0,https://www.metmuseum.org/art/collection/search/318178
318179,Woman's Mantle,Aymara,19th century,Textiles-Woven,False,,,0,https://www.metmuseum.org/art/collection/search/318179
318180,Woman's Mantle,Aymara,19th century,Textiles-Woven,False,,,0,https://www.metmuseum.org/art/collection/search/318180
318181,Woman's Mantle,Aymara,19th century,Textiles-Woven,False,,,0,https://www.metmuseum.org/art/collection/search/318181
318182,Woman's Mantle,Aymara,20th century,Textiles-Woven,False,,,0,https://www.metmuseum.org/art/collection/search/318182
318183,Woman's Mantle,Aymara,19th–20th century,Textiles-Woven,False,,,0,https://www.metmuseum.org/art/collection/search/318183
318184,Woman's Mantle,Aymara,19th–20th century,Textiles-Woven,False,,,0,https://www.metmuseum.org/art/collection/search/318184
318185,"Woman's Mantle, Half",Aymara,20th century,Textiles-Woven,False,,,0,https://www.metmuseum.org/art/collection/search/318185
318186,Woman's Mantle,Aymara,19th century,Textiles-Woven,False,,,0,https://www.metmuseum.org/art/collection/search/318186
318187,Woman's Mantle,Aymara,20th century,Textiles-Woven,False,,,0,https://www.metmuseum.org/art/collection/search/318187
318188,Woman's Mantle,Aymara,19th century,Textiles-Woven,False,,,0,https://www.metmuseum.org/art/collection/search/318188
318189,Woman's Mantle,Aymara,19th–20th century,Textiles-Woven,False,,,0,https://www.metmuseum.org/art/collection/search/318189
318190,Woman's Mantle,Aymara,20th century,Textiles-Woven,False,,,0,https://www.metmuseum.org/art/collection/search/318190
318191,Woman's Mantle,Aymara,20th century,Textiles-Woven,False,,,0,https://www.metmuseum.org/art/collection/search/318191
318192,Woman's Mantle,Aymara,19th century,Textiles-Woven,False,,,0,https://www.metmuseum.org/art/collection/search/318192
318193,Woman's Mantle,Quechua,19th century,Textiles-Woven,False,,,0,https://www.metmuseum.org/art/collection/search/318193
318194,Woman's Mantle,Quechua,20th century,Textiles-Woven,False,,,0,https://www.metmuseum.org/art/collection/search/318194
318195,Woman's Mantle,Quechua,19th century,Textiles-Woven,False,,,0,https://www.metmuseum.org/art/collection/search/318195
318196,Woman's Mantle,Aymara or Quechua,19th century,Textiles-Woven,False,,,0,https://www.metmuseum.org/art/collection/search/318196
318197,Woman's Skirt,Aymara,19th century,Textiles-Woven,False,,,0,https://www.metmuseum.org/art/collection/search/318197
318198,Woman's Skirt,Aymara,19th century,Textiles-Woven,False,,,0,https://www.metmuseum.org/art/collection/search/318198
318199,Woman's Skirt,Aymara,19th century,Textiles-Woven,False,,,0,https://www.metmuseum.org/art/collection/search/318199
318200,Woman's Skirt,Aymara,19th century,Textiles-Woven,False,,,0,https://www.metmuseum.org/art/collection/search/318200
318201,Woman's Overskirt (Aksu),Aymara,19th century,Textiles-Woven,False,,,0,https://www.metmuseum.org/art/collection/search/318201
318202,Woman's Overskirt (Aksu),Aymara,late 19th century,Textiles-Woven,False,,,0,https://www.metmuseum.org/art/collection/search/318202
318203,Woman's Overskirt  (Aksu),Aymara,20th century,Textiles-Woven,False,,,0,https://www.metmuseum.org/art/collection/search/318203
318204,Woman's Overskirt (Aksu),Aymara,19th century,Textiles-Woven,False,,,0,https://www.metmuseum.org/art/collection/search/318204
318246,Woman's Overskirt,Aymara,20th century,Textiles-Woven,False,,,0,https://www.metmuseum.org/art/collection/search/318246
318247,"Woman's Overskirt, Half (?)",Aymara,19th century,Textiles-Woven,False,,,0,https://www.metmuseum.org/art/collection/search/318247
318254,Man's Tunic,Shipibo-Conibo,20th century,Textiles-Woven,False,,,0,https://www.metmuseum.org/art/collection/search/318254
318255,Man's Tunic,Shipibo-Conibo,20th century,Textiles-Woven,False,,,0,https://www.metmuseum.org/art/collection/search/318255
318256,Man's Tunic,Shipibo-Conibo,20th century,Textiles-Woven,False,,,0,https://www.metmuseum.org/art/collection/search/318256
318257,Man's Tunic,Shipibo-Conibo,20th century,Textiles-Woven,False,,,0,https://www.metmuseum.org/art/collection/search/318257
318258,Man's Tunic,Shipibo-Conibo,20th century,Textiles-Woven,False,,,0,https://www.metmuseum.org/art/collection/search/318258
318259,Man's Tunic,Shipibo-Conibo,20th century,Textiles-Woven,False,,,0,https://www.metmuseum.org/art/collection/search/318259
318260,Man's Tunic,Shipibo-Conibo,20th century,Textiles-Woven,False,,,0,https://www.metmuseum.org/art/collection/search/318260
318261,Man's Tunic,Shipibo-Conibo,20th century,Textiles-Woven,False,,,0,https://www.metmuseum.org/art/collection/search/318261
318262,Baby Carrier,Shipibo-Conibo,20th century,Textiles-Woven,False,,,0,https://www.metmuseum.org/art/collection/search/318262
318263,Woman's Overskirt,Shipibo-Conibo,20th century,Textiles-Woven,False,,,0,https://www.metmuseum.org/art/collection/search/318263
318264,Woman's Overskirt,Shipibo-Conibo,20th century,Textiles-Woven,False,,,0,https://www.metmuseum.org/art/collection/search/318264
318265,Woman's Overskirt,Shipibo-Conibo,20th century,Textiles-Woven,False,,,0,https://www.metmuseum.org/art/collection/search/318265
318266,Woman's Overskirt,Shipibo-Conibo,20th century,Textiles-Woven,False,,,0,https://www.metmuseum.org/art/collection/search/318266
318267,Woman's Overskirt,Shipibo-Conibo,20th century,Textiles-Woven,False,,,0,https://www.metmuseum.org/art/collection/search/318267
318268,Woman's Overskirt,Shipibo-Conibo,20th century,Textiles-Woven,False,,,0,https://www.metmuseum.org/art/collection/search/318268
318269,Woman's Overskirt,Shipibo-Conibo,20th century,Textiles-Woven,False,,,0,https://www.metmuseum.org/art/collection/search/318269
318270,Woman's Overskirt,Shipibo-Conibo,20th century,Textiles-Woven,False,,,0,https://www.metmuseum.org/art/collection/search/318270
318271,Woman's Overskirt,Shipibo-Conibo,20th century,Textiles-Woven,False,,,0,https://www.metmuseum.org/art/collection/search/318271
318272,Baby Carrier,Shipibo-Conibo,20th century,Textiles-Woven,False,,,0,https://www.metmuseum.org/art/collection/search/318272
318273,Bag,Shipibo-Conibo,20th century,Textiles-Woven,False,,,0,https://www.metmuseum.org/art/collection/search/318273
318274,Coca Bag (Ch'uspa),Shipibo-Conibo,20th century,Textiles-Woven,False,,,0,https://www.metmuseum.org/art/collection/search/318274
318275,Man's Feathered Headdress,Shuar or Achuar (?),20th century,Textiles-Featherwork,False,,,0,https://www.metmuseum.org/art/collection/search/318275
318276,Arm Band,Shuar or Achuar (?),20th century,Shell-Ornaments,False,,,0,https://www.metmuseum.org/art/collection/search/318276
318277,Ear or Sideburn Ornament,Shuar or Achuar (?),20th century,Textiles-Featherwork,False,,,0,https://www.metmuseum.org/art/collection/search/318277
318278,Ear or Sideburn Ornament,Shuar or Achuar (?),20th century,Textiles-Featherwork,False,,,0,https://www.metmuseum.org/art/collection/search/318278
318279,Ear or Sideburn Ornament,Shuar or Achuar (?),20th century,Textiles-Featherwork,False,,,0,https://www.metmuseum.org/art/collection/search/318279
318280,Ear or Sideburn Ornament,Shuar or Achuar (?),20th century,Textiles-Featherwork,False,,,0,https://www.metmuseum.org/art/collection/search/318280
318282,Headdress ornament,Nasca,2nd century,Metal-Ornaments,True,https://images.metmuseum.org/CRDImages/ao/original/vs1999_269aa.jpg,https://images.metmuseum.org/CRDImages/ao/web-large/vs1999_269aa.jpg,0,https://www.metmuseum.org/art/collection/search/318282
318460,False Face for Funerary Bundle,Paracas,3rd century BCE–1st century CE,Textiles-Woven,True,https://images.metmuseum.org/CRDImages/ao/original/vsl1995_49.jpg,https://images.metmuseum.org/CRDImages/ao/web-large/vsl1995_49.jpg,2,https://www.metmuseum.org/art/collection/search/318460
318528,Coca Bag (Ch'uspa),Aymara,20th century,Textiles-Woven,False,,,0,https://www.metmuseum.org/art/collection/search/318528
318529,Tunic,Arica(?),15th–early 16th century,Textiles-Woven,True,https://images.metmuseum.org/CRDImages/ao/original/DP-28476-001.jpg,https://images.metmuseum.org/CRDImages/ao/web-large/DP-28476-001.jpg,3,https://www.metmuseum.org/art/collection/search/318529
318530,Woman's Mantle,Aymara,19th century,Textiles-Woven,False,,,0,https://www.metmuseum.org/art/collection/search/318530
318531,Man's Tunic,Shipibo-Conibo,20th century,Textiles-Woven,False,,,0,https://www.metmuseum.org/art/collection/search/318531
318532,Woman's Overskirt (Aksu),Aymara,20th century,Textiles-Woven,False,,,0,https://www.metmuseum.org/art/collection/search/318532
318533,Woman's Overskirt (Aksu),Aymara,19th century,Textiles-Woven,False,,,0,https://www.metmuseum.org/art/collection/search/318533
318534,Woman's Mantle,Quechua,20th century,Textiles-Woven,False,,,0,https://www.metmuseum.org/art/collection/search/318534
318535,Woman's Mantle,Aymara,late 18th century,Textiles-Woven,False,,,0,https://www.metmuseum.org/art/collection/search/318535
318538,Woman's Overskirt,Aymara,20th century,Textiles-Woven,False,,,0,https://www.metmuseum.org/art/collection/search/318538
318539,Coca Bag (Ch'uspa),Aymara,20th century,Textiles-Woven,False,,,0,https://www.metmuseum.org/art/collection/search/318539
318540,Woman's Mantle,Aymara,19th century,Textiles-Woven,False,,,0,https://www.metmuseum.org/art/collection/search/318540
318541,Carrying Cloth,Aymara,19th century,Textiles-Woven,False,,,0,https://www.metmuseum.org/art/collection/search/318541
318542,Woman's Mantle,Aymara,19th century,Textiles-Woven,False,,,0,https://www.metmuseum.org/art/collection/search/318542
318543,Woman's Mantle (?),Quechua,19th century,Textiles-Woven,False,,,0,https://www.metmuseum.org/art/collection/search/318543
318544,Woman's Mantle,Aymara,19th century,Textiles-Woven,False,,,0,https://www.metmuseum.org/art/collection/search/318544
318563,Man's Tunic,Shipibo-Conibo,20th century,Textiles-Woven,False,,,0,https://www.metmuseum.org/art/collection/search/318563
318564,Man's Tunic,Shipibo-Conibo,20th century,Textiles-Woven,False,,,0,https://www.metmuseum.org/art/collection/search/318564
318568,Woman's Overskirt,Shipibo-Conibo,20th century,Textiles-Woven,False,,,0,https://www.metmuseum.org/art/collection/search/318568
318569,Man's Garment,Peru,15th century (?),Textiles-Woven,True,https://images.metmuseum.org/CRDImages/ao/original/2000.160.24.jpg,https://images.metmuseum.org/CRDImages/ao/web-large/2000.160.24.jpg,0,https://www.metmuseum.org/art/collection/search/318569
318634,Tunic with Crescent Headdress Figures,Chimú,ca. 1460–1540,Textiles-Woven,True,https://images.metmuseum.org/CRDImages/ao/original/DP233565.jpg,https://images.metmuseum.org/CRDImages/ao/web-large/DP233565.jpg,5,https://www.metmuseum.org/art/collection/search/318634
318659,Woman's Mantle,Aymara,19th century,Textiles-Woven,False,,,0,https://www.metmuseum.org/art/collection/search/318659
318660,Woman's Overskirt,Shipibo-Conibo,20th century,Textiles-Woven,False,,,0,https://www.metmuseum.org/art/collection/search/318660
318661,Arm Band,Shuar or Achuar (?),20th century,Shell-Ornaments,False,,,0,https://www.metmuseum.org/art/collection/search/318661
318732,Headdress Ornament,Siguas,100 BCE–300 CE,Metal-Ornaments,True,https://images.metmuseum.org/CRDImages/ao/original/2001.32.jpg,https://images.metmuseum.org/CRDImages/ao/web-large/2001.32.jpg,3,https://www.metmuseum.org/art/collection/search/318732
318746,Belt,Recuay,200–700 CE,Textiles-Woven,True,https://images.metmuseum.org/CRDImages/ao/original/2001.172_b.jpg,https://images.metmuseum.org/CRDImages/ao/web-large/2001.172_b.jpg,0,https://www.metmuseum.org/art/collection/search/318746
318747,Poncho,Chuquibamba,13th–15th century,Textiles-Woven,True,https://images.metmuseum.org/CRDImages/ao/original/vstr15_2001.jpg,https://images.metmuseum.org/CRDImages/ao/web-large/vstr15_2001.jpg,0,https://www.metmuseum.org/art/collection/search/318747
318769,Loincloth,Chuquibamba,12th–early 16th century,Textiles-Woven,True,https://images.metmuseum.org/CRDImages/ao/original/2001.487.jpg,https://images.metmuseum.org/CRDImages/ao/web-large/2001.487.jpg,0,https://www.metmuseum.org/art/collection/search/318769
318770,Belt,Chuquibamba,12th–early 16th century,Textiles-Woven,True,https://images.metmuseum.org/CRDImages/ao/original/belta.jpg,https://images.metmuseum.org/CRDImages/ao/web-large/belta.jpg,0,https://www.metmuseum.org/art/collection/search/318770
318771,Bag with fringe,Chuquibamba,12th–16th century,Textiles-Woven,True,https://images.metmuseum.org/CRDImages/ao/original/DP-26543-001.jpg,https://images.metmuseum.org/CRDImages/ao/web-large/DP-26543-001.jpg,1,https://www.metmuseum.org/art/collection/search/318771
318888,Headband,Inca,14th–15th century,Textiles-Woven,True,https://images.metmuseum.org/CRDImages/ao/original/DP-13440-001.jpg,https://images.metmuseum.org/CRDImages/ao/web-large/DP-13440-001.jpg,2,https://www.metmuseum.org/art/collection/search/318888
318889,Panel with figures,South Highlands (?),7th–10th century (?),Textiles-Woven,True,https://images.metmuseum.org/CRDImages/ao/original/hzTR652_2001.jpg,https://images.metmuseum.org/CRDImages/ao/web-large/hzTR652_2001.jpg,0,https://www.metmuseum.org/art/collection/search/318889
318955,Basket Bowl,Tiwanaku,7th–10th century,Basketry-Containers,True,https://images.metmuseum.org/CRDImages/ao/original/DP-30082-001.jpg,https://images.metmuseum.org/CRDImages/ao/web-large/DP-30082-001.jpg,2,https://www.metmuseum.org/art/collection/search/318955
318956,Basket,Tiwanaku,6th–11th century,Basketry-Containers,True,https://images.metmuseum.org/CRDImages/ao/original/DP-30081-001.jpg,https://images.metmuseum.org/CRDImages/ao/web-large/DP-30081-001.jpg,2,https://www.metmuseum.org/art/collection/search/318956
319053,Collar,Chimú,1000–1470 CE,Beads-Costumes,True,https://images.metmuseum.org/CRDImages/ao/original/DP216742.jpg,https://images.metmuseum.org/CRDImages/ao/web-large/DP216742.jpg,0,https://www.metmuseum.org/art/collection/search/319053
319223,Neck Emblem or Sash,Pukara,2nd century BCE–2nd century CE,Textiles-Woven,True,https://images.metmuseum.org/CRDImages/ao/original/DT5611.jpg,https://images.metmuseum.org/CRDImages/ao/web-large/DT5611.jpg,4,https://www.metmuseum.org/art/collection/search/319223
319252,Tunic,Siguas,1st–7th century,Textiles-Woven,True,https://images.metmuseum.org/CRDImages/ao/original/SRTR97_2003.jpg,https://images.metmuseum.org/CRDImages/ao/web-large/SRTR97_2003.jpg,0,https://www.metmuseum.org/art/collection/search/319252
319265,Arm bands,Chavín,800–500 BCE,Metal-Ornaments,True,https://images.metmuseum.org/CRDImages/ao/original/DT375099.jpg,https://images.metmuseum.org/CRDImages/ao/web-large/DT375099.jpg,1,https://www.metmuseum.org/art/collection/search/319265
319266,Mantle Border,Paracas,5th–2nd century BCE,Textiles-Woven,True,https://images.metmuseum.org/CRDImages/ao/original/hz66_30_21.jpg,https://images.metmuseum.org/CRDImages/ao/web-large/hz66_30_21.jpg,2,https://www.metmuseum.org/art/collection/search/319266
319320,Tunic,Siguas,1st–7th century,Textiles-Woven,True,https://images.metmuseum.org/CRDImages/ao/original/hzTR355_2_2003.jpg,https://images.metmuseum.org/CRDImages/ao/web-large/hzTR355_2_2003.jpg,1,https://www.metmuseum.org/art/collection/search/319320
319471,Textile Ornament,Salinar (?),1st century BCE–2nd century CE,Metal-Ornaments,True,https://images.metmuseum.org/CRDImages/ao/original/vs1979_206_784_808.jpg,https://images.metmuseum.org/CRDImages/ao/web-large/vs1979_206_784_808.jpg,0,https://www.metmuseum.org/art/collection/search/319471
319523,Tunic Panel,Nasca,600–1000,Textiles-Featherwork,True,https://images.metmuseum.org/CRDImages/ao/original/hzTR554_2004.jpg,https://images.metmuseum.org/CRDImages/ao/web-large/hzTR554_2004.jpg,0,https://www.metmuseum.org/art/collection/search/319523
319524,Fragmentary Woman's Dress,Inca,15th–early 16th century,Textiles-Woven,True,https://images.metmuseum.org/CRDImages/ao/original/2004.406_detail.jpg,https://images.metmuseum.org/CRDImages/ao/web-large/2004.406_detail.jpg,0,https://www.metmuseum.org/art/collection/search/319524
319574,Tunic,Inca,1400–1530,Textiles-Woven,True,https://images.metmuseum.org/CRDImages/ao/original/DP120795.jpg,https://images.metmuseum.org/CRDImages/ao/web-large/DP120795.jpg,1,https://www.metmuseum.org/art/collection/search/319574
319585,Woman's Mantle,Aymara,late 18th century (?),Textiles-Woven,True,https://images.metmuseum.org/CRDImages/ao/original/DP143674.jpg,https://images.metmuseum.org/CRDImages/ao/web-large/DP143674.jpg,0,https://www.metmuseum.org/art/collection/search/319585
319588,Head Covering (?),Paracas-Nasca,1st–2nd century,Textiles-Woven,True,https://images.metmuseum.org/CRDImages/ao/original/2005.353_a.jpg,https://images.metmuseum.org/CRDImages/ao/web-large/2005.353_a.jpg,1,https://www.metmuseum.org/art/collection/search/319588
319627,Band,Chimú or Chancay,11th–mid-15th century,Textiles-Woven,True,https://images.metmuseum.org/CRDImages/ao/original/tr534.2005c.jpg,https://images.metmuseum.org/CRDImages/ao/web-large/tr534.2005c.jpg,2,https://www.metmuseum.org/art/collection/search/319627
319863,Feathered Shirt,Chimú,13th–15th century,Textiles-Featherwork,True,https://images.metmuseum.org/CRDImages/ao/original/RS2006.567.1B.jpg,https://images.metmuseum.org/CRDImages/ao/web-large/RS2006.567.1B.jpg,0,https://www.metmuseum.org/art/collection/search/319863
320054,Miniature tabard,Inca and Spanish,1600–1700,Textiles-Woven,True,https://images.metmuseum.org/CRDImages/ao/original/DP107700.jpg,https://images.metmuseum.org/CRDImages/ao/web-large/DP107700.jpg,1,https://www.metmuseum.org/art/collection/search/320054
320429,Needle,Peruvian,10th–16th century (?),Textiles-Implements,True,https://images.metmuseum.org/CRDImages/ao/original/DP-27954-001.jpg,https://images.metmuseum.org/CRDImages/ao/web-large/DP-27954-001.jpg,1,https://www.metmuseum.org/art/collection/search/320429
320430,Needle,Peruvian,10th–16th century (?),Textiles-Implements,True,https://images.metmuseum.org/CRDImages/ao/original/DP-27955-001.jpg,https://images.metmuseum.org/CRDImages/ao/web-large/DP-27955-001.jpg,1,https://www.metmuseum.org/art/collection/search/320430
320431,Needle,Peruvian,10th–16th century (?),Textiles-Implements,True,https://images.metmuseum.org/CRDImages/ao/original/DP-27956-001.jpg,https://images.metmuseum.org/CRDImages/ao/web-large/DP-27956-001.jpg,1,https://www.metmuseum.org/art/collection/search/320431
320615,Cap,Bolivia or Peru,17th century,Textiles-Woven,True,https://images.metmuseum.org/CRDImages/ao/original/DP244338.jpg,https://images.metmuseum.org/CRDImages/ao/web-large/DP244338.jpg,5,https://www.metmuseum.org/art/collection/search/320615
320693,Funerary Mask Turban,Ica,13th–15th century,Wood-Ornaments,True,https://images.metmuseum.org/CRDImages/ao/original/1979.206.605_front.jpg,https://images.metmuseum.org/CRDImages/ao/web-large/1979.206.605_front.jpg,1,https://www.metmuseum.org/art/collection/search/320693
320804,Hanging (?) Fragment,Peruvian,late 16th–17th century,Textiles-Woven,True,https://images.metmuseum.org/CRDImages/ao/original/TR.489.2010_a.jpg,https://images.metmuseum.org/CRDImages/ao/web-large/TR.489.2010_a.jpg,3,https://www.metmuseum.org/art/collection/search/320804
503977,Rondador,Ecuador,ca. 1960,Aerophone-Blow Hole-panpipe,False,,,0,https://www.metmuseum.org/art/collection/search/503977
504010,Drum,probably Peruvian,20th century,Membranophone-double-headed / cylindrical drum,False,,,0,https://www.metmuseum.org/art/collection/search/504010
504011,Drum,probably Peruvian,early 20th century,Membranophone-double-headed / cylindrical drum,False,,,0,https://www.metmuseum.org/art/collection/search/504011
504012,Tamporo,Peru? (Andean),early 20th century,Membranophone-double-headed / cylindrical drum,False,,,0,https://www.metmuseum.org/art/collection/search/504012
504564,Siku (ira),Bolivian,20th century,Aerophone-Blow Hole-panpipe,False,,,0,https://www.metmuseum.org/art/collection/search/504564
504566,Siku (ira),Bolivian,20th century,Aerophone-Blow Hole-panpipe,False,,,0,https://www.metmuseum.org/art/collection/search/504566
504567,Siku (arca),Bolivian,20th century,Aerophone-Blow Hole-panpipe,False,,,0,https://www.metmuseum.org/art/collection/search/504567
504568,Liku (ira),Bolivian,20th century,Aerophone-Blow Hole-panpipe,False,,,0,https://www.metmuseum.org/art/collection/search/504568
504569,Liku (arca),Bolivian,20th century,Aerophone-Blow Hole-panpipe,False,,,0,https://www.metmuseum.org/art/collection/search/504569
504570,Sikuri,Bolivian,20th century,Aerophone-Blow Hole-panpipe,False,,,0,https://www.metmuseum.org/art/collection/search/504570
504572,Sikuri (small),Bolivian,20th century,Aerophone-Blow Hole-panpipe,False,,,0,https://www.metmuseum.org/art/collection/search/504572
504582,Fuma?,Bolivian,20th century,Aerophone-Blow Hole-end-blown flute (vertical),False,,,0,https://www.metmuseum.org/art/collection/search/504582
504583,Fuma?,Bolivian,20th century,Aerophone-Blow Hole-end-blown flute (vertical),False,,,0,https://www.metmuseum.org/art/collection/search/504583
504584,Palm Duct Flute,Bolivian,20th century,Aerophone-Blow Hole-end-blown flute (vertical),False,,,0,https://www.metmuseum.org/art/collection/search/504584
504591,Notch Flute,Bolivian,20th century,Aerophone-Blow Hole-end-blown flute (vertical),False,,,0,https://www.metmuseum.org/art/collection/search/504591
504786,Rattle,Native American (Peruvian),late 19th–early 20th century,Idiophone-Shaken,False,,,0,https://www.metmuseum.org/art/collection/search/504786
646249,Man's Tunic,Central Coast,1000–1476 CE,Textiles-Costumes,True,https://images.metmuseum.org/CRDImages/ao/original/DP-26544-001.jpg,https://images.metmuseum.org/CRDImages/ao/web-large/DP-26544-001.jpg,2,https://www.metmuseum.org/art/collection/search/646249
675980,Tunic,Wari,650–1000 CE,Textiles-Woven,True,https://images.metmuseum.org/CRDImages/ao/original/DP-21885-001.jpg,https://images.metmuseum.org/CRDImages/ao/web-large/DP-21885-001.jpg,14,https://www.metmuseum.org/art/collection/search/675980
720133,Textile,Aymara,19th–20th century,Textiles,False,,,0,https://www.metmuseum.org/art/collection/search/720133
720135,Ahuayo,Aymara,19th–20th century,Textiles,False,,,0,https://www.metmuseum.org/art/collection/search/720135
720136,Ahuayo,Aymara,19th–20th century,Textiles,False,,,0,https://www.metmuseum.org/art/collection/search/720136
720143,Iscayo,Aymara,19th–20th century,Textiles,False,,,0,https://www.metmuseum.org/art/collection/search/720143
720144,Iscayo,Aymara,19th–20th century,Textiles,False,,,0,https://www.metmuseum.org/art/collection/search/720144
720145,Llacota,Aymara,19th–20th century,Textiles,False,,,0,https://www.metmuseum.org/art/collection/search/720145
720146,Llacota,Aymara,19th–20th century,Textiles,False,,,0,https://www.metmuseum.org/art/collection/search/720146
720147,Ponchito,Aymara,19th–20th century,Textiles,False,,,0,https://www.metmuseum.org/art/collection/search/720147
720157,Textile,Aymara,19th–20th century,Textiles,False,,,0,https://www.metmuseum.org/art/collection/search/720157
720160,Textile,Aymara,19th–20th century,Textiles,False,,,0,https://www.metmuseum.org/art/collection/search/720160
720168,Textile,Aymara,19th–20th century,Textiles,False,,,0,https://www.metmuseum.org/art/collection/search/720168
720169,Textile,Aymara,19th–20th century,Textiles,False,,,0,https://www.metmuseum.org/art/collection/search/720169
720170,Textile,Aymara,19th–20th century,Textiles,False,,,0,https://www.metmuseum.org/art/collection/search/720170
720171,Textile,Aymara,19th–20th century,Textiles,False,,,0,https://www.metmuseum.org/art/collection/search/720171
720172,Textile,Aymara,19th–20th century,Textiles,False,,,0,https://www.metmuseum.org/art/collection/search/720172
720174,Textile,Aymara,19th–20th century,Textiles,False,,,0,https://www.metmuseum.org/art/collection/search/720174
720175,Textile,Aymara,19th–20th century,Textiles,False,,,0,https://www.metmuseum.org/art/collection/search/720175
720177,Textile,Aymara,19th–20th century,Textiles,False,,,0,https://www.metmuseum.org/art/collection/search/720177
720178,Textile,Aymara,19th–20th century,Textiles,False,,,0,https://www.metmuseum.org/art/collection/search/720178
720181,Textile,Aymara,19th–20th century,Textiles,False,,,0,https://www.metmuseum.org/art/collection/search/720181
720182,Textile,Aymara,19th–20th century,Textiles,False,,,0,https://www.metmuseum.org/art/collection/search/720182
720183,Textile,Aymara,19th–20th century,Textiles,False,,,0,https://www.metmuseum.org/art/collection/search/720183
720184,Textile,Aymara,19th–20th century,Textiles,False,,,0,https://www.metmuseum.org/art/collection/search/720184
720185,Textile,Aymara,19th–20th century,Textiles,False,,,0,https://www.metmuseum.org/art/collection/search/720185
720186,Textile,Aymara,19th–20th century,Textiles,False,,,0,https://www.metmuseum.org/art/collection/search/720186
720187,Textile,Aymara,19th–20th century,Textiles,False,,,0,https://www.metmuseum.org/art/collection/search/720187
720190,Textile,Aymara,19th–20th century,Textiles,False,,,0,https://www.metmuseum.org/art/collection/search/720190
720191,Textile,Aymara,19th–20th century,Textiles,False,,,0,https://www.metmuseum.org/art/collection/search/720191
720192,Textile,Aymara,19th–20th century,Textiles,False,,,0,https://www.metmuseum.org/art/collection/search/720192
720194,Textile,Aymara,19th–20th century,Textiles,False,,,0,https://www.metmuseum.org/art/collection/search/720194
720195,Textile,Aymara,19th–20th century,Textiles,False,,,0,https://www.metmuseum.org/art/collection/search/720195
751900,Votive checkerboard tunic,Inca,1460–1626,Textiles-Costumes,True,https://images.metmuseum.org/CRDImages/ao/original/DP-14285-001.jpg,https://images.metmuseum.org/CRDImages/ao/web-large/DP-14285-001.jpg,2,https://www.metmuseum.org/art/collection/search/751900
751901,Tunic,Inca,1400–1535 CE,Textiles-Costumes,True,https://images.metmuseum.org/CRDImages/ao/original/DP-14281-001.jpg,https://images.metmuseum.org/CRDImages/ao/web-large/DP-14281-001.jpg,1,https://www.metmuseum.org/art/collection/search/751901
776429,Nine Feathered Panels,Wari,600–900 CE,Textiles-Featherwork,True,https://images.metmuseum.org/CRDImages/ao/original/DP-15008-001.jpg,https://images.metmuseum.org/CRDImages/ao/web-large/DP-15008-001.jpg,3,https://www.metmuseum.org/art/collection/search/776429
815003,Poncho,Sica Sica region,20th century,Textiles-Costumes,False,,,0,https://www.metmuseum.org/art/collection/search/815003
829473,Man's Tunic,Shipibo,20th century,Textiles-Costumes,False,,,0,https://www.metmuseum.org/art/collection/search/829473
829475,Woman's Wrapper,Shipibo,20th century,Textiles-Costumes,False,,,0,https://www.metmuseum.org/art/collection/search/829475
833953,Tapestry Tunic,Wari,7th–9th century,Textiles-Woven,True,https://images.metmuseum.org/CRDImages/ao/original/DP-18736-001.jpg,https://images.metmuseum.org/CRDImages/ao/web-large/DP-18736-001.jpg,1,https://www.metmuseum.org/art/collection/search/833953
