id,accession_number,title,culture,type,technique,department,creation_date,creation_date_earliest,creation_date_latest,measurements,share_license_status,image_web,image_print,image_width,image_height,url,creators,description
152258,1985.139,Two Textile Fragment with Fanged Heads,"Peru, South Coast, Ica Valley, Chavín style",Textile,cotton: plain weave patterned by fiber-wrapped warps and supplementary wefts,Textiles,500–200 BCE,-500,-200,Overall: 112 x 61.2 cm (44 1/8 x 24 1/8 in.); Mounted: 123.8 x 72.4 cm (48 3/4 x 28 1/2 in.),CC0,https://openaccess-cdn.clevelandart.org/1985.139/1985.139_web.jpg,https://openaccess-cdn.clevelandart.org/1985.139/1985.139_print.jpg,495,893,https://clevelandart.org/art/1985.139,,"These two rare fragments of equal size and mounted side by side feature fanged heads connected by a fanged mouth band. Each band ascends as a column above a rectangular, disembodied eye that implies the original presence of large figures or heads beneath the bands. Fanged heads are common markers of the supernatural in Chavín art, an early style that developed in the highlands of Peru. The origina"
164421,2005.5.2,Loincloth,"Peru, North Coast, Chimú style, 1200–1460s",Garment,"cotton; plain weave, brocaded and complex alternating gauze with 5 shots of plain weave between gauze shots",Textiles,"1425–1500 (radiocarbon date, 92.3% probability)",1425,1500,Overall: 151.1 x 57.2 cm (59 1/2 x 22 1/2 in.); Mounted: 167.6 x 71.1 cm (66 x 28 in.),CC0,https://openaccess-cdn.clevelandart.org/2005.5.2/2005.5.2_web.jpg,https://openaccess-cdn.clevelandart.org/2005.5.2/2005.5.2_print.jpg,800,900,https://clevelandart.org/art/2005.5.2,,"Loincloths were basic men’s wear in ancient Peru. But the extraordinary size of some examples—this one is about eight feet long, unfolded—makes it difficult to know how they were worn, except that they were tied around the waist with the decorated panels hanging at the front and back of the body. The appearance may have been that of a billowing skirt."
124739,1946.226,Mantle,"Peru, South Coast, Paracas (Cavernas) style",Textile,camelid fiber: plain weave with embroidery,Textiles,c. 300 BCE–200 CE,-300,200,Overall: 154.9 x 292.1 cm (61 x 115 in.); Mounted: 162.6 x 299.7 cm (64 x 118 in.),CC0,https://openaccess-cdn.clevelandart.org/1946.226/1946.226_web.jpg,https://openaccess-cdn.clevelandart.org/1946.226/1946.226_print.jpg,1263,682,https://clevelandart.org/art/1946.226,,"Buried in shaft-tombs, or rectangular sunken chambers, the Paracas dead were wrapped in layers of cloth and accompanied by pottery, food, and other offerings. The dry environment of the Paracas Peninsula helped preserve many of these textiles, including richly ornamented garments buried with important individuals. This mantle, probably worn like a cloak, relates closely to the tunic (CMA 1946.227)"
164423,2005.5.4,Padded Hat,"Peru, North Coast, Chimú style, 1200-1460s",Garment,"cotton; plain weave, brocaded ",Textiles,"1460–1625 (radiocarbon date, 95.4% probability)",1460,1625,Overall: 124.5 x 31.7 cm (49 x 12 1/2 in.); Mounted: 172.7 x 148.6 cm (68 x 58 1/2 in.),CC0,https://openaccess-cdn.clevelandart.org/2005.5.4/2005.5.4_web.jpg,https://openaccess-cdn.clevelandart.org/2005.5.4/2005.5.4_print.jpg,382,900,https://clevelandart.org/art/2005.5.4,,"This garment may have been found with others in the collection that formed a matched set worn by a noble of the Chimú, who rose to power on Peru’s north coast after 1000 AD."
159884,1997.184,Female Figure,"Peru, South Coast, Nasca",Sculpture,earthenware with colored slips,Art of the Americas,100 BCE–700 CE,-100,700,Overall: 28.6 x 13.4 x 10.3 cm (11 1/4 x 5 1/4 x 4 1/16 in.),CC0,https://openaccess-cdn.clevelandart.org/1997.184/1997.184_web.jpg,https://openaccess-cdn.clevelandart.org/1997.184/1997.184_print.jpg,631,893,https://clevelandart.org/art/1997.184,,"This figure, which may once have worn small garments, might be a tomb offering. Her tapered head reflects the practice of cranial shaping, which may identify her social group and serve as a mark of beauty. Her fleshy hips likely refer to human and plant fertility, since food is the source of such bodily wealth. Her identity is unknown."
117824,1938.431,Plaque,"Peru, North Coast, Chongoyape(?), Chavín style (900-200 BCE)",Jewelry,hammered and cut gold,Art of the Americas,c. 500–200 BCE,-500,-200,Overall: 12.5 x 13.8 cm (4 15/16 x 5 7/16 in.),CC0,https://openaccess-cdn.clevelandart.org/1938.431/1938.431_web.jpg,https://openaccess-cdn.clevelandart.org/1938.431/1938.431_print.jpg,1019,893,https://clevelandart.org/art/1938.431,,"These plaques showing a powerful Chavín deity may come from a group of gold objects found in a lavish tomb in the 1920s. One is shaped as the deity’s fanged head, its fur transformed into sixteen serpents that edge the plaque. On the other, the deity’s visually elusive body also appears: the clawed hands over the chest may clutch a horizontal staff, an emblem of authority; across the waist is a be"
119690,1940.528,Fragment of Embroidered Cloth,"Peru, South Coast, Paracas, Late Period",Textile,embroidery on plain wool ground,Textiles,c. 300–100 BCE,-300,-100,Average: 100.3 x 139.1 cm (39 1/2 x 54 3/4 in.),CC0,https://openaccess-cdn.clevelandart.org/1940.528/1940.528_web.jpg,https://openaccess-cdn.clevelandart.org/1940.528/1940.528_print.jpg,1188,893,https://clevelandart.org/art/1940.528,,"The repetition of a nonmythical figure, in this case a warrior holding spears and a trophy head, was one of the important innovations of Paracas textile design during the Late Paracas period. The trophy head cult was an essential aspect of crop fertility and was, therefore, a focal point of Paracas art in general."
127246,1949.561,Bowl with Costumed Being,"Peru, South Coast, Nasca",Ceramic,earthenware with colored slips,Art of the Americas,100 BCE–700 CE,-100,700,Diameter: 12.8 x 17.7 cm (5 1/16 x 6 15/16 in.); Overall: 13 cm (5 1/8 in.),CC0,https://openaccess-cdn.clevelandart.org/1949.561/1949.561_web.jpg,https://openaccess-cdn.clevelandart.org/1949.561/1949.561_print.jpg,1123,893,https://clevelandart.org/art/1949.561,,"Supernatural figures like the one on this bowl are shown wearing ornaments that actually exist-like the nearby Mouth Mask-they may represent humans clothed as deities who served as living cult images during rituals. The figure holds a severed head that probably alludes to capture of an enemy’s life force, since severed heads and fertility are linked in Nasca art."
165257,2007.193.a,Container in the form of a Sacrificer,"Peru, Middle Horizon, Wari Culture",Wood,wood and red pigment (cinnabar),Art of the Americas,"770–890 (radiocarbon date, 95% probability)",770,890,Overall: 10.8 x 7 x 7.5 cm (4 1/4 x 2 3/4 x 2 15/16 in.),CC0,https://openaccess-cdn.clevelandart.org/2007.193.a/2007.193.a_web.jpg,https://openaccess-cdn.clevelandart.org/2007.193.a/2007.193.a_print.jpg,834,900,https://clevelandart.org/art/2007.193.a,,"This container assumes the shape of a magnificent, feline-headed, supernatural sacrificer who draws a knife across the throat of the human it holds in its lap. Severed human heads hang from the feline's belt and dangle by the trachea at the back of its headdress. Sacrifice had a place in Wari religious practice, probably as an unusual and exceptionally precious offering made to entice the benevole"
124740,1946.227,Tunic,"Peru, South Coast, Paracas (Cavernas) style",Textile,Alpaca wool: plain weave with embroidery and warp substitution,Textiles,c. 300 BCE–200 CE,-300,200,Overall: 94 x 83.8 cm (37 x 33 in.); Mounted: 111.8 x 101.6 cm (44 x 40 in.),CC0,https://openaccess-cdn.clevelandart.org/1946.227/1946.227_web.jpg,https://openaccess-cdn.clevelandart.org/1946.227/1946.227_print.jpg,780,900,https://clevelandart.org/art/1946.227,,"Brightly dyed wool yarns found in many ancient Peruvian textiles come mainly from alpacas that were domesticated and selectively bred to produce long, soft, lustrous fiber. The finely spun yarns in a broad range of colors as seen on this tunic—well preserved after approximately 2,000 years of burial—attest to the Paracas people’s considerable artistry. A double-headed bird motif appears multiple t"
164424,2005.5.5,Band with Tassels,"Peru, North Coast, Chimú style, 1200-1460s",Garment,cotton; weft-faced plain weave,Textiles,"1455–1625 (radiocarbon date, 95% probability)",1455,1625,Overall: 306.8 x 5.4 cm (120 13/16 x 2 1/8 in.),CC0,https://openaccess-cdn.clevelandart.org/2005.5.5/2005.5.5_web.jpg,https://openaccess-cdn.clevelandart.org/2005.5.5/2005.5.5_print.jpg,407,900,https://clevelandart.org/art/2005.5.5,,"This garment may have been found with others in the collection that formed a matched set worn by a noble of the Chimú, who rose to power on Peru’s north coast after the year 1000."
164420,2005.5.1,Mantle or Hanging,"Peru, North Coast, Chimú style, 1200-1460s",Textile,"cotton; plain weave, brocaded and complex alternating gauze with 3 or 5 shots of plain weave between gauze shots",Textiles,"1480–1635 (radiocarbon date, 95.4% probability)",1480,1635,Overall: 162.5 x 272 cm (64 x 107 1/16 in.); Mounted: 177.8 x 287 cm (70 x 113 in.),CC0,https://openaccess-cdn.clevelandart.org/2005.5.1/2005.5.1_web.jpg,https://openaccess-cdn.clevelandart.org/2005.5.1/2005.5.1_print.jpg,900,538,https://clevelandart.org/art/2005.5.1,,"This garment embodies an important principle of the Chimú textile aesthetic: a love of combining different textures, some dense and sculptural and others so open and airy they are nearly invisible. (The hand-spun yarns are only .1 to .2 millimeters in diameter.) It also elegantly articulates the simplified, spare visual vocabulary that the Chimú favored, here geometric motifs."
172610,2015.9,Beaker with Frogs,"Central Andes (Peru), Lambayeque (Sicán) people, 10th century-12th century",Metalwork,"gold, hammered",Art of the Americas,900–1100,900,1100,Overall: 13.7 x 12.1 cm (5 3/8 x 4 3/4 in.),CC0,https://openaccess-cdn.clevelandart.org/2015.9/2015.9_web.jpg,https://openaccess-cdn.clevelandart.org/2015.9/2015.9_print.jpg,766,900,https://clevelandart.org/art/2015.9,,"This beaker was created by an artist of the Lambayeque culture of Peru's north coast. High-relief frogs grace the surface, which has a dramatically flaring rim as well as a silvery color, the result of silver in the alloy. If such beakers were used in life—that is, not created exclusively for the lavish tombs in which they have been found in quantities—they may have figured in feasting events that"
119673,1940.512,Figurine Plaque,"Peru, South Coast, Paracas, with modern etched enhancement(?)",Jewelry,hammered and embossed gold-copper alloy,Art of the Americas,c. 300 BCE–200 CE,-300,200,Overall: 6.8 x 4.2 cm (2 11/16 x 1 5/8 in.),CC0,https://openaccess-cdn.clevelandart.org/1940.512/1940.512_web.jpg,https://openaccess-cdn.clevelandart.org/1940.512/1940.512_print.jpg,737,893,https://clevelandart.org/art/1940.512,,"This small metal ornament represents a human figure wearing a cap, a tunic decorated with bird images, and a necklace of orange-pink spondylus shell sections. Such necklaces are found in Paracas mummy bundles, and are frequently represented in Paracas embroidered images. Spondylus shell does not grow in the cold water off the coast of Peru, and had to be imported hundreds of miles from what is now"
172597,2015.8,Beaker with Shells,"Central Andes (Peru), Lambayeque (Sicán) people, 10th century-12th century",Metalwork,"gold, hammered",Art of the Americas,900–1100,900,1100,Overall: 14.6 x 10.2 cm (5 3/4 x 4 in.),CC0,https://openaccess-cdn.clevelandart.org/2015.8/2015.8_web.jpg,https://openaccess-cdn.clevelandart.org/2015.8/2015.8_print.jpg,770,900,https://clevelandart.org/art/2015.8,,"This beaker was created by an artist of the Lambayeque culture of Peru's north coast. Shells appear in the upper register representing spondylus, the red-orange thorny oyster greatly valued by pre-Hispanic Andean societies. If such beakers were used in life—that is, not created exclusively for the lavish tombs in which they have been found in quantities—they may have figured in feasting events tha"
124741,1946.228,Turban Band (Llauto),"Peru, South Coast, Paracas, Late Period",Textile,wool and cotton: needle reseau (netting),Textiles,c. 300–100 BCE,-300,-100,Overall: 426.5 x 7 cm (167 15/16 x 2 3/4 in.),CC0,https://openaccess-cdn.clevelandart.org/1946.228/1946.228_web.jpg,https://openaccess-cdn.clevelandart.org/1946.228/1946.228_print.jpg,900,519,https://clevelandart.org/art/1946.228,,"Repeated along the length of this headband is a double-headed bird motif, in which the two heads are seen in profile and joined to a frontal body with outstretched wings. This design also appears in the tunic (1946.227) and mantle (1946.226). These three textiles may have formed a matched set that a socially prominent Paracas man would have worn as an ensemble."
165270,2007.2.4,Textile Fragment,"Peru, Moche, north coast",Textile,cotton and camelid fiber,Textiles,c. 50–650 CE,50,650,Overall: 40.6 x 30.5 cm (16 x 12 in.),CC0,https://openaccess-cdn.clevelandart.org/2007.2.4/2007.2.4_web.jpg,https://openaccess-cdn.clevelandart.org/2007.2.4/2007.2.4_print.jpg,670,900,https://clevelandart.org/art/2007.2.4,,"This fragment, one of several in the collection, is a rare survivor of catastrophic rains that destroyed much of the Moche textile legacy and may have helped to bring about the decline of Moche culture. It depicts a serpent and a snail beneath a hovering raptorial bird—perhaps a snail kite, a type of hawk named after its favored food. The size of the motifs implies that the original textile was la"
168195,2009.82,Deity-Head Vessel,"Peru, North Coast, Tembladera people, Early Horizon (900-400 BCE)",Sculpture,ceramic with pigment applied after firing,Art of the Americas,900–400 BCE,-900,-400,Overall: 27.6 x 14.9 x 19.2 cm (10 7/8 x 5 7/8 x 7 9/16 in.),CC0,https://openaccess-cdn.clevelandart.org/2009.82/2009.82_web.jpg,https://openaccess-cdn.clevelandart.org/2009.82/2009.82_print.jpg,708,893,https://clevelandart.org/art/2009.82,,"This is a stirrup-spouted vessel shaped as the effigy of a deity head with bulging, circular eyes from which hang pendants. A fanged, bandlike mouth is arranged horizontally on top of a projecting chin that is tipped with a three-dimensional, zoomorphic head. A chin strap reaches between two modeled knobs that double as ear ornaments, and the underpart of the chin is ornamented with chevrons. The "
165272,2007.2.6,Textile Fragment,"Peru, Moche, north coast",Textile,cotton and camelid fiber,Textiles,c. 50–650 CE,50,650,Overall: 40 x 29.3 cm (15 3/4 x 11 9/16 in.),CC0,https://openaccess-cdn.clevelandart.org/2007.2.6/2007.2.6_web.jpg,https://openaccess-cdn.clevelandart.org/2007.2.6/2007.2.6_print.jpg,644,900,https://clevelandart.org/art/2007.2.6,,"This fragment, one of several in the collection, is a rare survivor of catastrophic rains that destroyed much of the Moche textile legacy and may have helped to bring about the decline of Moche culture. It depicts a serpent and a snail beneath a hovering raptorial bird—perhaps a snail kite, a type of hawk named after its favored food. The size of the motifs implies that the original textile was la"
167824,2009.435,Bowl with Trophy Heads,"Peru, Nasca, Early Intermediate Period",Ceramic,"ceramic, slip",Art of the Americas,c. 100–650 CE,100,650,Overall: 10.2 x 10.2 cm (4 x 4 in.),CC0,https://openaccess-cdn.clevelandart.org/2009.435/2009.435_web.jpg,https://openaccess-cdn.clevelandart.org/2009.435/2009.435_print.jpg,986,893,https://clevelandart.org/art/2009.435,,"Nasca is one of the two major cultures and ceramic styles of its periods, and one of the finest ceramic styles ever produced in the South American Andes. Vessel walls are thin, firing temperatures higher than in earlier times, and a variety of warm, earthen-toned slips come into use. This small bowl features repetitions of human trophy heads—a major Nasca motif that refers both to war and fertilit"
165271,2007.2.5,Textile Fragment,"Peru, Moche, north coast",Textile,cotton and camelid fiber,Textiles,c. 50–650 CE,50,650,Overall: 43.2 x 27.6 cm (17 x 10 7/8 in.),CC0,https://openaccess-cdn.clevelandart.org/2007.2.5/2007.2.5_web.jpg,https://openaccess-cdn.clevelandart.org/2007.2.5/2007.2.5_print.jpg,638,900,https://clevelandart.org/art/2007.2.5,,"This fragment, one of several in the collection, is a rare survivor of catastrophic rains that destroyed much of the Moche textile legacy and may have helped to bring about the decline of Moche culture. It depicts a serpent and a snail beneath a hovering raptorial bird—perhaps a snail kite, a type of hawk named after its favored food. The size of the motifs implies that the original textile was la"
130762,1953.475,Band with Trophy Heads,"Peru, South Coast, Nasca",Textile,"interlocking warp and weft, single interlock: wool",Textiles,100 BCE–700 CE,-100,700,Overall: 180.7 x 21.6 cm (71 1/8 x 8 1/2 in.); Mounted: 193 x 30.5 cm (76 x 12 in.),CC0,https://openaccess-cdn.clevelandart.org/1953.475/1953.475_web.jpg,https://openaccess-cdn.clevelandart.org/1953.475/1953.475_print.jpg,162,900,https://clevelandart.org/art/1953.475,,"This band, remarkable for its intense color and spider-web sheerness, was created using an unusual technique known as discontinuous warp and weft. That is, none of the vertical or horizontal yarns are continuous from one side of the band to the other. Rather, they travel back and forth within their own color areas, linking at the edges with yarns in adjacent areas. This is a difficult feat when we"
164422,2005.5.3,Turban,"Peru, North Coast, Chimú style",Garment,"Cotton; plain weave, brocaded and complex alternating gauze with 5 shots of plain weave between gauze shots",Textiles,"1485–1640 (radiocarbon date, 95.4% probability)",1485,1640,Overall: 139.7 x 139.7 cm (55 x 55 in.),CC0,https://openaccess-cdn.clevelandart.org/2005.5.3/2005.5.3_web.jpg,https://openaccess-cdn.clevelandart.org/2005.5.3/2005.5.3_print.jpg,417,900,https://clevelandart.org/art/2005.5.3,,"Chimú garments like this one consist of a large, rectangular central section—here measuring some 65 inches by 50 inches—with decorated tabs stitched to two opposite corners. Such garments probably were worn as turbans but we do not understand exactly how. For the purpose of display, the plain central section of this example has been folded to form a wide band, with the tabs arranged on either side"
165269,2007.2.3,Textile Fragment,"Peru, Moche, north coast",Textile,cotton and camelid fiber,Textiles,c. 50–650 CE,50,650,Overall: 38.7 x 29.3 cm (15 1/4 x 11 9/16 in.),CC0,https://openaccess-cdn.clevelandart.org/2007.2.3/2007.2.3_web.jpg,https://openaccess-cdn.clevelandart.org/2007.2.3/2007.2.3_print.jpg,688,900,https://clevelandart.org/art/2007.2.3,,"This fragment, one of several in the collection, is a rare survivor of catastrophic rains that destroyed much of the Moche textile legacy and may have helped to bring about the decline of Moche culture. It depicts a serpent and a snail beneath a hovering raptorial bird—perhaps a snail kite, a type of hawk named after its favored food. The size of the motifs implies that the original textile was la"
124632,1946.117,Plaque,"Peru, North Coast, Chongoyape(?), Chavín style (900-200 BCE)",Metalwork,hammered and cut gold,Art of the Americas,c. 500–200 BCE,-500,-200,Overall: 21.8 x 10.8 cm (8 9/16 x 4 1/4 in.),CC0,https://openaccess-cdn.clevelandart.org/1946.117/1946.117_web.jpg,https://openaccess-cdn.clevelandart.org/1946.117/1946.117_print.jpg,718,893,https://clevelandart.org/art/1946.117,,"These plaques showing a powerful Chavín deity may come from a group of gold objects found in a lavish tomb in the 1920s. One is shaped as the deity’s fanged head, its fur transformed into sixteen serpents that edge the plaque. On the other, the deity’s visually elusive body also appears: the clawed hands over the chest may clutch a horizontal staff, an emblem of authority; across the waist is a be"
172583,2015.7,Beaker with Frontal Figures,"Central Andes (Peru), Lambayeque (Sicán) people, 10th century-12th century",Metalwork,"gold, hammered",Art of the Americas,900–1100,900,1100,Overall: 12.5 x 9.1 cm (4 15/16 x 3 9/16 in.),CC0,https://openaccess-cdn.clevelandart.org/2015.7/2015.7_web.jpg,https://openaccess-cdn.clevelandart.org/2015.7/2015.7_print.jpg,777,900,https://clevelandart.org/art/2015.7,,"This beaker was created by an artist of the Lambayeque culture of Peru's north coast. It features a figure with comma-shaped eyes holding staffs, symbols of authority. If such beakers were used in life—that is, not created exclusively for the lavish tombs in which they have been found in quantities—they may have figured in feasting events that were central to late pre-Hispanic political, social, a"
165267,2007.2.1,Textile Fragment,"Peru, Moche, north coast",Textile,cotton and camelid fiber,Textiles,c. 50–650 CE,50,650,Overall: 40 x 25.4 cm (15 3/4 x 10 in.); Mounted: 60.6 x 41.6 cm (23 7/8 x 16 3/8 in.),CC0,https://openaccess-cdn.clevelandart.org/2007.2.1/2007.2.1_web.jpg,https://openaccess-cdn.clevelandart.org/2007.2.1/2007.2.1_print.jpg,606,900,https://clevelandart.org/art/2007.2.1,,"This fragment, one of several in the collection, is a rare survivor of catastrophic rains that destroyed much of the Moche textile legacy and may have helped to bring about the decline of Moche culture. It depicts a serpent and a snail beneath a hovering raptorial bird—perhaps a snail kite, a type of hawk named after its favored food. The size of the motifs implies that the original textile was la"
165268,2007.2.2,Textile Fragment,"Peru, Moche, north coast",Textile,cotton and camelid fiber,Textiles,c. 50–650 CE,50,650,Overall: 39.4 x 27.9 cm (15 1/2 x 11 in.),CC0,https://openaccess-cdn.clevelandart.org/2007.2.2/2007.2.2_web.jpg,https://openaccess-cdn.clevelandart.org/2007.2.2/2007.2.2_print.jpg,633,900,https://clevelandart.org/art/2007.2.2,,"This fragment, one of several in the collection, is a rare survivor of catastrophic rains that destroyed much of the Moche textile legacy and may have helped to bring about the decline of Moche culture. It depicts a serpent and a snail beneath a hovering raptorial bird—perhaps a snail kite, a type of hawk named after its favored food. The size of the motifs implies that the original textile was la"
119671,1940.510,Headdress Ornament,"Peru, South Coast, Paracas",Jewelry,hammered and embossed gold-copper alloy,Art of the Americas,c. 300 BCE–200 CE,-300,200,Overall: 5.2 x 4.6 cm (2 1/16 x 1 13/16 in.),CC0,https://openaccess-cdn.clevelandart.org/1940.510/1940.510_web.jpg,https://openaccess-cdn.clevelandart.org/1940.510/1940.510_print.jpg,981,893,https://clevelandart.org/art/1940.510,,"A similar star-shaped metal ornament is present on a human-hair wig from a mummy excavated at the Paracas Necropolis site. The wig has tresses wrapped with colored yarns, and a long headband wrapped many times around the head. The star-shaped ornament is attached to the headband, and a circular metal ornament is attached to the braid."
119672,1940.511,Headdress Ornament,"Peru, South Coast, Paracas",Jewelry,hammered and embossed gold-copper alloy,Art of the Americas,c. 300 BCE–200 CE,-300,200,Overall: 5.2 x 4.6 cm (2 1/16 x 1 13/16 in.),CC0,https://openaccess-cdn.clevelandart.org/1940.511/1940.511_web.jpg,https://openaccess-cdn.clevelandart.org/1940.511/1940.511_print.jpg,1108,893,https://clevelandart.org/art/1940.511,,"A similar star-shaped metal ornament is present on a human-hair wig from a mummy excavated at the Paracas Necropolis site. The wig has tresses wrapped with colored yarns, and a long headband wrapped many times around the head. The star-shaped ornament is attached to the headband, and a circular metal ornament is attached to the braid."
165266,2007.2,Textile Fragments ,"Peru, Moche, north coast",Textile,cotton and camelid fiber,Textiles,c. 50–650 CE,50,650,Overall: 40 x 25.4 cm (15 3/4 x 10 in.),CC0,https://openaccess-cdn.clevelandart.org/2007.2/2007.2_web.jpg,https://openaccess-cdn.clevelandart.org/2007.2/2007.2_print.jpg,606,900,https://clevelandart.org/art/2007.2,,"These fragments are rare survivors of catastrophic rains that destroyed much of the Moche textile legacy and may have helped to bring about the decline of Moche culture. Each depicts a serpent and a snail beneath a hovering raptorial bird—perhaps a snail kite, a type of hawk named after its favored food. The size of the motifs implies that the original textile was large; a mantle (a shawl-like gar"
133427,1955.83,Spatula with Carved Lizard,"Peru, South Coast, Nasca",Sculpture,bone with shell inlay,Art of the Americas,100 BCE–700 CE,-100,700,Overall: 11.8 x 2.6 cm (4 5/8 x 1 in.),CC0,https://openaccess-cdn.clevelandart.org/1955.83/1955.83_web.jpg,https://openaccess-cdn.clevelandart.org/1955.83/1955.83_print.jpg,657,893,https://clevelandart.org/art/1955.83,,"Peruvian Indians today regard coca leaf as a sacred substance that creates communion with supernatural forces. The leaves are chewed with powdered lime that in antiquity was stored in containers and scooped with spatulas like those seen here. Aside from its ritual meaning, coca has practical benefits: it is vitamin-rich; like coffee, it induces clear-headedness; and it increases stamina. The lizar"
119676,1940.515,Mantle,"Peru, South Coast, Paracas",Textile,embroidery on wool ground,Textiles,c. 600–400 BCE,-600,-400,Average: 137.2 x 195.6 cm (54 x 77 in.),CC0,https://openaccess-cdn.clevelandart.org/1940.515/1940.515_web.jpg,https://openaccess-cdn.clevelandart.org/1940.515/1940.515_print.jpg,1263,432,https://clevelandart.org/art/1940.515,,
164754,2006.157,Dipper,"Peru, North Highlands, Recuay",Ceramic,"ceramic, slip",Art of the Americas,100 BCE–700 CE,-100,700,Diameter: 10 x 17.5 cm (3 15/16 x 6 7/8 in.); Overall: 9.6 cm (3 3/4 in.),CC0,https://openaccess-cdn.clevelandart.org/2006.157/2006.157_web.jpg,https://openaccess-cdn.clevelandart.org/2006.157/2006.157_print.jpg,1263,745,https://clevelandart.org/art/2006.157,,"Both of these objects feature a creature known as the ""Recuay feline,"" although it could also refer to a fox, dog, or viscacha (a rodent). Whatever its identity, the prominent crest on its head ties it to the supernatural realm, a connection underlined by the deity head that also appears on the dipper and by the ritual function of snuff tablets, which were used to inhale hallucinogenic snuffs duri"
133179,1955.57,Spatula with Carved Head,"Peru, Wari style (500-900)",Jewelry,bone with shell inlay,Art of the Americas,500–900,500,900,Overall: 11.2 x 2.6 cm (4 7/16 x 1 in.),CC0,https://openaccess-cdn.clevelandart.org/1955.57/1955.57_web.jpg,https://openaccess-cdn.clevelandart.org/1955.57/1955.57_print.jpg,663,893,https://clevelandart.org/art/1955.57,,"Peruvian Indians today regard coca leaf as a sacred substance that creates communion with supernatural forces. The leaves are chewed with powdered lime that in antiquity was stored in containers and scooped with spatulas like those seen here. Aside from its ritual meaning, coca has practical benefits: it is vitamin-rich; like coffee, it induces clear-headedness; and it increases stamina. The lizar"
119677,1940.516,"Mummy Bundle ""Mask""","Peru, South Coast, Ica Valley, Ocucaje site, Paracas style",Textile,"cotton and pigment, plain weave",Textiles,200–1 BCE,-200,1,Overall: 66 x 20.9 x 3.8 cm (26 x 8 1/4 x 1 1/2 in.),CC0,https://openaccess-cdn.clevelandart.org/1940.516/1940.516_web.jpg,https://openaccess-cdn.clevelandart.org/1940.516/1940.516_print.jpg,336,893,https://clevelandart.org/art/1940.516,,"The Paracas people buried their dead in pear-shaped mummy bundles, created by carefully wrapping the seated human body in layers of garments and other textiles. Sometimes a painted cloth was placed on the outer layer at the top of the bundle, as though it served as the bundle’s face, head, or “mask.” Some cloths were painted with masklike faces, although others—such as this example—feature complet"
169863,2012.116,Male Effigy Vessel,"Peru, South Coast, Nasca, Early Intermediate Period",Ceramic,ceramic and slip,Art of the Americas,"100–650 CE (thermoluminescence date, 410–1010 CE)",100,650,Overall: 28.8 x 16 x 17 cm (11 5/16 x 6 5/16 x 6 11/16 in.),CC0,https://openaccess-cdn.clevelandart.org/2012.116/2012.116_web.jpg,https://openaccess-cdn.clevelandart.org/2012.116/2012.116_print.jpg,699,893,https://clevelandart.org/art/2012.116,,"The style is typically Nasca: modeling is minimal and the surface is decorated with the vibrant, earth-colored slips that are a hallmark of Nasca ceramic art. Male figures are a well-known category of Nasca ceramic production, although the shape of this one, which stands upright on two legs and is additionally supported from behind by a long loincloth, is unusual."
162912,2003.39,Oculate Being Mask,"Peru, South Coast, Paracas (Cavernas) style (700 BCE–1 CE)",Ceramic,"ceramic, resin-based paint",Art of the Americas,"300 BCE–1 CE (thermoluminescence date, 835 BC–185 CE)",-300,1,Overall: 23.6 x 22.5 x 13.2 cm (9 5/16 x 8 7/8 x 5 3/16 in.),CC0,https://openaccess-cdn.clevelandart.org/2003.39/2003.39_web.jpg,https://openaccess-cdn.clevelandart.org/2003.39/2003.39_print.jpg,972,893,https://clevelandart.org/art/2003.39,,"This rare mask incarnates a supernatural being who may have been the patron of an early fertility cult on Peru’s south coast. Its traits insinuate power, especially the stuck-out tongue and the serpents that slither over the face to form a halo-like corona. Unexplained are the shape of the nose and the small figure wearing a similar mask. The mask could have served as the face of a mummy bundle or"
441846,2021.129,Vessel with Reclining Dog,"Central Andes, North Coast, Chimú-Inka style",Ceramic,ceramic,Art of the Americas,1470–1532,1470,1532,Overall: 16.5 x 17.8 x 10 cm (6 1/2 x 7 x 3 15/16 in.),CC0,https://openaccess-cdn.clevelandart.org/2021.129/2021.129_web.jpg,https://openaccess-cdn.clevelandart.org/2021.129/2021.129_print.jpg,900,892,https://clevelandart.org/art/2021.129,,This vessel represents a Peruvian hairless dog who has recently given birth and seems to be taking a break from maternal obligations. The meanings of such dogs may be connected to the trade networks that brought them to Peru from Mexico in the late pre-Hispanic period. Perhaps these foreign ties made them prestige animals whose breeding engendered further status for the owner.
155380,1990.128,Llama Vessel,"Peru, North Coast, Moche style",Ceramic,earthenware with colored slips,Art of the Americas,c. 200–550 CE,200,550,Overall: 17.8 x 13.2 x 23.1 cm (7 x 5 3/16 x 9 1/8 in.),CC0,https://openaccess-cdn.clevelandart.org/1990.128/1990.128_web.jpg,https://openaccess-cdn.clevelandart.org/1990.128/1990.128_print.jpg,1031,893,https://clevelandart.org/art/1990.128,,"It is not clear whether the llama's appearance in Moche art is explained by its importance as a sacrificial animal; as a source of meat, fertilizer, and wool; or as the Andes's only burden-bearing beast, as this vessel shows. It also may be important that llamas are natives of the mountains, where seasonal rains charge the rivers that flow down to the desert coast and make life possible."
134946,1957.494.a,Feline Mortar,"Peru, North Highlands, Pacopampa(?), Chavín style (900-200 BCE)",Stone,"stone, pigment",Art of the Americas,700–1 BCE,-700,-1,Overall: 5.8 x 11 cm (2 5/16 x 4 5/16 in.),CC0,https://openaccess-cdn.clevelandart.org/1957.494.a/1957.494.a_web.jpg,https://openaccess-cdn.clevelandart.org/1957.494.a/1957.494.a_print.jpg,1107,893,https://clevelandart.org/art/1957.494.a,,"Size suggests that this Chavín-style mortar was not used to grind bulky staples like corn, but instead pigments or plant hallucinogens used in religious rites to achieve spiritual insight and communion with cosmic forces. This may come from Pacopampa, a site in the northern highlands where elites adopted Chavín deities and worshiped them alongside local deities. These small sculptures illustrate t"
119678,1940.517,"Mummy Bundle ""Mask""","Peru, South Coast, Ica Valley, Ocucaje site, Paracas style",Textile,"plain warp-faced cloth, painted",Textiles,200 BCE–1 CE,-200,1,Overall: 71.7 x 20.9 cm (28 1/4 x 8 1/4 in.),CC0,https://openaccess-cdn.clevelandart.org/1940.517/1940.517_web.jpg,https://openaccess-cdn.clevelandart.org/1940.517/1940.517_print.jpg,372,893,https://clevelandart.org/art/1940.517,,"The Paracas people buried their dead in pear-shaped mummy bundles, created by carefully wrapping the seated human body in layers of garments and other textiles. Sometimes a painted cloth was placed on the outer layer at the top of the bundle, as though it served as the bundle’s face, head, or “mask.” Some cloths were painted with masklike faces, although others—such as this example—feature complet"
119675,1940.514,Tunic,"Peru, South Coast, Ica Valley, Ocucaje site?, Paracas people",Textile,looped camelid fiber,Textiles,400–200 BCE,-400,-200,Average: 94 x 82.6 cm (37 x 32 1/2 in.),CC0,https://openaccess-cdn.clevelandart.org/1940.514/1940.514_web.jpg,https://openaccess-cdn.clevelandart.org/1940.514/1940.514_print.jpg,780,893,https://clevelandart.org/art/1940.514,,"The striking, large-scale figure shown on this tunic has an elaborate, monkey-like tail as well as head appendages that mark the creature as supernatural. This tunic, a relatively rare type, was made not on a loom but rather by working the yarns into loops with a needle. It is made entirely with camelid fiber, which can readily be dyed in a range of vivid colors. The fiber comes from one of the fo"
159554,1996.303,Snuff Tablet,"Peru, North Highlands, Recuay style",Furniture and woodwork,wood with gold foil,Art of the Americas,1–650 CE,1,650,Overall: 12.4 x 3 x 1.1 cm (4 7/8 x 1 3/16 x 7/16 in.),CC0,https://openaccess-cdn.clevelandart.org/1996.303/1996.303_web.jpg,https://openaccess-cdn.clevelandart.org/1996.303/1996.303_print.jpg,733,900,https://clevelandart.org/art/1996.303,,"Both of these objects feature a creature known as the ""Recuay feline,"" although it could also refer to a fox, dog, or viscacha (a rodent). Whatever its identity, the prominent crest on its head ties it to the supernatural realm, a connection underlined by the deity head that also appears on the dipper and by the ritual function of snuff tablets, which were used to inhale hallucinogenic snuffs duri"
126267,1948.477,Vessel with Feline,"Peru, South Coast, Paracas (Cavernas) style (700 BCE–1 CE)",Ceramic,"earthenware, resin-based paint",Art of the Americas,700 BCE–1 CE,-700,1,Diameter: 14.2 cm (5 9/16 in.); Overall: 11.3 cm (4 7/16 in.),CC0,https://openaccess-cdn.clevelandart.org/1948.477/1948.477_web.jpg,https://openaccess-cdn.clevelandart.org/1948.477/1948.477_print.jpg,1101,893,https://clevelandart.org/art/1948.477,,"Little is known of the meaning of the beautifully abstracted felines so often incised on Paracas ceramics. The designs achieve much of their complexity through color applied as resin-based paint after the vessel was fired in a smoky atmosphere that blackened its surface. Two spouts joined by a bridge appear on many fine South Coast ceramics. The form probably had meaning, now lost."
119682,1940.520,"Mummy Bundle ""Mask""","Peru, South Coast, Ica Valley, Ocucaje site, Paracas style",Textile,"cotton: plain warp-faced cloth, painted",Textiles,200–1 BCE,-200,1,Overall: 48.3 x 18.3 cm (19 x 7 3/16 in.),CC0,https://openaccess-cdn.clevelandart.org/1940.520/1940.520_web.jpg,https://openaccess-cdn.clevelandart.org/1940.520/1940.520_print.jpg,509,900,https://clevelandart.org/art/1940.520,,"The Paracas people buried their dead in pear-shaped mummy bundles, created by carefully wrapping the seated human body in layers of garments and other textiles. Sometimes a painted cloth was placed on the outer layer at the top of the bundle, as though it served as the bundle’s face, head, or “mask.” Some cloths were painted with masklike faces, although others—such as this example—feature complet"
119667,1940.507,Spear Thrower,"Peru, South Coast, late Paracas or early Nasca style",Arms and Armor,"bone, hematite, cotton thread, sinew",Art of the Americas,200 BCE–200 CE,-200,200,Overall: 5.8 x 2 cm (2 5/16 x 13/16 in.),CC0,https://openaccess-cdn.clevelandart.org/1940.507/1940.507_web.jpg,https://openaccess-cdn.clevelandart.org/1940.507/1940.507_print.jpg,721,893,https://clevelandart.org/art/1940.507,,"Spear throwers improve a spear's range and thrust. The spear was placed against the stone pivot and hurled using the thumb rest, carved as a figure with a skeletal chest, back-bent head, and a severed human head at its rear. This figure, frequent in art, is not well understood, but its appearance here suggests a connection to death. The shaft's carving makes clever use of the bone's marrow cavity."
134945,1957.494,Feline Mortar and Pestle,"Peru, North Highlands, Pacopampa(?), Chavín style (900-200 BCE)",Stone,"stone, pigment",Art of the Americas,700–1 BCE,-700,-1,Overall: 5.8 x 11 cm (2 5/16 x 4 5/16 in.),CC0,https://openaccess-cdn.clevelandart.org/1957.494/1957.494_web.jpg,https://openaccess-cdn.clevelandart.org/1957.494/1957.494_print.jpg,1185,893,https://clevelandart.org/art/1957.494,,"Size suggests that this Chavín-style mortar and pestle were not used to grind bulky staples like corn, but instead pigments or plant hallucinogens used in religious rites to achieve spiritual insight and communion with cosmic forces. This set may come from Pacopampa, a site in the northern highlands where elites adopted Chavín deities and worshiped them alongside local deities. These small sculptu"
134947,1957.494.b,Pestle,"Peru, North Highlands, Pacopampa(?), Chavín style (900-200 BCE)",Stone,"stone, pigment",Art of the Americas,700–1 BCE,-700,-1,Overall: 10.8 cm (4 1/4 in.),CC0,https://openaccess-cdn.clevelandart.org/1957.494.b/1957.494.b_web.jpg,https://openaccess-cdn.clevelandart.org/1957.494.b/1957.494.b_print.jpg,787,893,https://clevelandart.org/art/1957.494.b,,"Size suggests that this Chavín-style pestle was not used to grind bulky staples like corn, but instead pigments or plant hallucinogens used in religious rites to achieve spiritual insight and communion with cosmic forces. This may come from Pacopampa, a site in the northern highlands where elites adopted Chavín deities and worshiped them alongside local deities. These small sculptures illustrate t"
169189,2011.111.1,Tunic,"Peru, Chimú or Chimú-Inka, 12th-16th century",Textile,white cotton; plain weave with supplementary weft brocading,Textiles,1100–1532,1100,1532,Overall: 57.2 x 151.1 cm (22 1/2 x 59 1/2 in.),CC0,https://openaccess-cdn.clevelandart.org/2011.111.1/2011.111.1_web.jpg,https://openaccess-cdn.clevelandart.org/2011.111.1/2011.111.1_print.jpg,900,375,https://clevelandart.org/art/2011.111.1,,"This garment embodies an important principle of the Chimú textile aesthetic: a love of combining different textures, some dense and sculptural and others so open and airy they are nearly invisible. (The hand-spun yarns are only .1 to .2 millimeters in diameter.) It also elegantly articulates the simplified, spare visual vocabulary that the Chimú favored, here geometric motifs."
164419,2005.5,"Peruvian Textiles: Mantle or Hanging, Loincloth, Turban, Padded Hat, Band with Tassels","Peru, North Coast, Chimú style, 1200-1460s",Textile,"cotton; plain weave, brocaded and complex alternating gauze with 3 or 5 shots of plain weave between gauze shots",Textiles,1405–1640,1405,1640,Overall: 162.5 x 272 cm (64 x 107 1/16 in.),CC0,https://openaccess-cdn.clevelandart.org/2005.5/2005.5_web.jpg,https://openaccess-cdn.clevelandart.org/2005.5/2005.5_print.jpg,900,538,https://clevelandart.org/art/2005.5,,"Although these textiles are similar in appearance and technical features, it is not clear that they were found or used together. They are said to come from the region of Chan Chan, the capital of the Chimú Empire. To see the record for each, click “see all set records,” above."
155100,1989.90,Warrior Vessel,"Peru, North Coast, Moche, Moche style (50-800)",Ceramic,earthenware with colored slips,Art of the Americas,c. 50–200 CE,50,200,Overall: 21.6 x 11.3 x 14.9 cm (8 1/2 x 4 7/16 x 5 7/8 in.),CC0,https://openaccess-cdn.clevelandart.org/1989.90/1989.90_web.jpg,https://openaccess-cdn.clevelandart.org/1989.90/1989.90_print.jpg,773,893,https://clevelandart.org/art/1989.90,,"This vessel's exquisite, crisp detail rewards careful viewing. The modeling of the feline pelt on the back is especially delicate and sharp, and each of the squares on the tunic carries a tiny dot in the upper corners, as though the squares represent plates of metal or shell attached to fabric. The face is decorated with paint or tattooing, and the headdress supports a curved, blade-shaped form."
169188,2011.111,Tunic and Band,"Peru, Chimú or Chimú-Inka, 12th-16th century",Textile,white cotton; plain weave with supplementary weft brocading,Textiles,1100–1532,1100,1532,Overall: 57.2 x 151.1 cm (22 1/2 x 59 1/2 in.),CC0,https://openaccess-cdn.clevelandart.org/2011.111/2011.111_web.jpg,https://openaccess-cdn.clevelandart.org/2011.111/2011.111_print.jpg,900,849,https://clevelandart.org/art/2011.111,,"Although these garments are similar in appearance and technical features, it is not clear that they were found or used together. To see the record for each, click “see all set records,” above."
119691,1940.529,Headcloth,"Peru, South Coast, Paracas, Middle Period, c. 600-400 BC (Early Horizon, Epoch 10)",Textile,embroidery on tabby cloth; needle reseau and fringe at border,Textiles,c. 600–400 BCE,-600,-400,Overall: 40.7 x 182.9 cm (16 x 72 in.),CC0,https://openaccess-cdn.clevelandart.org/1940.529/1940.529_web.jpg,https://openaccess-cdn.clevelandart.org/1940.529/1940.529_print.jpg,1263,298,https://clevelandart.org/art/1940.529,,"The embroidered design consists entirely of felines, some of which are depicted with trophy heads. Both are very common motifs of Paracas art. The linear and highly stylized design as well as the limited spectrum of colors are characteristic of Paracas embroideries from the Middle Period."
134604,1957.136,Tunic,"Peru, Inca, 15th-16th century",Textile,tapestry; cotton and camelid fiber,Textiles,c. 1400–1540,1400,1540,Average: 85.1 x 76.2 cm (33 1/2 x 30 in.),CC0,https://openaccess-cdn.clevelandart.org/1957.136/1957.136_web.jpg,https://openaccess-cdn.clevelandart.org/1957.136/1957.136_print.jpg,805,893,https://clevelandart.org/art/1957.136,,"Finely woven interlocked tapestry garments were a privilege of the nobility within the Inca Empire. Such garments were made throughout the vast Inca territory by women of noble families, by professional weavers, and by the Aclla (Chosen Women). These specialists lived in cloistered communities and served the state by brewing beer and weaving fine cloth. The products of their labor were redistribut"
165258,2007.193.b,plug for the bottom of Container in the form of a Sacrificer,"Peru, Middle Horizon, Wari Culture, 7th -11th century",Wood,wood and red pigment (cinnabar),Art of the Americas,"770–890 (radiocarbon date, 95% probability)",770,890,Overall: 10.8 x 7 x 7.5 cm (4 1/4 x 2 3/4 x 2 15/16 in.),CC0,https://openaccess-cdn.clevelandart.org/2007.193.b/2007.193.b_web.jpg,https://openaccess-cdn.clevelandart.org/2007.193.b/2007.193.b_print.jpg,900,615,https://clevelandart.org/art/2007.193.b,,"This plug is on the bottom of a container that assumes the shape of a magnificent, feline-headed, supernatural sacrificer who draws a knife across the throat of the human it holds in its lap. Severed human heads hang from the feline's belt and dangle by the trachea at the back of its headdress. Sacrifice had a place in Wari religious practice, probably as an unusual and exceptionally precious offe"
132649,1955.167,Container,"Peru, North Coast, Cupisnique style",Stone,steatite,Art of the Americas,1200–200 BCE,-1200,-200,Overall: 6.6 x 9.3 cm (2 5/8 x 3 11/16 in.),CC0,https://openaccess-cdn.clevelandart.org/1955.167/1955.167_web.jpg,https://openaccess-cdn.clevelandart.org/1955.167/1955.167_print.jpg,1169,893,https://clevelandart.org/art/1955.167,,"While Chavín held sway in the highlands, coastal artists produced many objects in non-Chavín styles. Such is the case with these small, finely-carved, stone containers, which were part of north coast ritual paraphernalia, though their specific use in unclear. Both bear complex designs based on fanged heads in profile that lack lower jaws."
132328,1954.797,Cup,"Peru, North Coast, Cupisnique style",Stone,steatite,Art of the Americas,c. 900–600 BCE,-900,-600,Overall: 6 x 5.3 cm (2 3/8 x 2 1/16 in.),CC0,https://openaccess-cdn.clevelandart.org/1954.797/1954.797_web.jpg,https://openaccess-cdn.clevelandart.org/1954.797/1954.797_print.jpg,1005,893,https://clevelandart.org/art/1954.797,,"While Chavín held sway in the highlands, coastal artists produced many objects in non-Chavín styles. Such is the case with these small, finely carved, stone containers, which were part of north coast ritual paraphernalia, though their specific use is unclear. Both bear complex designs based on fanged heads in profile that lack lower jaws."
117825,1938.432,Headdress Ornament,"Peru, South Coast, Paracas",Jewelry,hammered and embossed gold-copper alloy,Art of the Americas,c. 300 BCE–200 CE,-300,200,Overall: 6.8 cm (2 11/16 in.),CC0,https://openaccess-cdn.clevelandart.org/1938.432/1938.432_web.jpg,https://openaccess-cdn.clevelandart.org/1938.432/1938.432_print.jpg,1263,632,https://clevelandart.org/art/1938.432,,"Gold ornaments have been discovered among the innermost wrappings of Paracas mummy-bundles, and were probably personal possessions of the deceased. The embossed image in the center of each ornament is a deity face, characterized by protruding eyes and a grinning, toothy mouth. Snakelike appendages emanate from the face. Figures embroidered on Paracas garments are frequently depicted with similarly"
125216,1947.180.2,Ear Flare,"Peru, North Coast, Chimú style (900-1470)",Metalwork,hammered gold alloy,Art of the Americas,900–1470,900,1470,Diameter: 8 cm (3 1/8 in.); Overall: 9.9 cm (3 7/8 in.),CC0,https://openaccess-cdn.clevelandart.org/1947.180.2/1947.180.2_web.jpg,https://openaccess-cdn.clevelandart.org/1947.180.2/1947.180.2_print.jpg,900,699,https://clevelandart.org/art/1947.180.2,,"North Coast ear ornaments typically have a long shaft that balanced the weight of the glorious frontal. This pair illustrates Chimú interest in the sea, which had great economic and religious importance. On the shafts are bands of seabirds and waves, and a similar pattern edges the frontals, which were altered in modern times. Originally solid disks, the frontals' centers were cut out and a dotted"
125214,1947.180,Pair of Ear Flares,"Peru, North Coast, Chimú style (900-1470)",Metalwork,hammered gold alloy,Art of the Americas,900–1470,900,1470,Diameter: 8 cm (3 1/8 in.); Overall: 9.9 cm (3 7/8 in.),CC0,https://openaccess-cdn.clevelandart.org/1947.180/1947.180_web.jpg,https://openaccess-cdn.clevelandart.org/1947.180/1947.180_print.jpg,900,518,https://clevelandart.org/art/1947.180,,"North Coast ear ornaments typically have a long shaft that balanced the weight of the glorious frontal. This pair illustrates Chimú interest in the sea, which had great economic and religious importance. On the shafts are bands of seabirds and waves, and a similar pattern edges the frontals, which were altered in modern times. Originally solid disks, the frontals' centers were cut out and a dotted"
163708,2005.16,Tunic with Profile Animals and Checkerboards,"Peru, South Coast, Paracas or Nasca?",Textile,cotton; dye-patterned plain weave,Textiles,"410–540 CE (radiocarbon date, 93% probability)",410,540,Overall: 72.4 x 104.1 cm (28 1/2 x 41 in.),CC0,https://openaccess-cdn.clevelandart.org/2005.16/2005.16_web.jpg,https://openaccess-cdn.clevelandart.org/2005.16/2005.16_print.jpg,900,665,https://clevelandart.org/art/2005.16,,"The imagery in the central field of this unique tunic—animals with long tails and three-toed feet—seems to have been created by painting a slurry-like material on the pale areas to protect them when the fabric was immersed in a bath that turned other areas light brown. Then the slurry was removed, revealing the pattern. The checkerboard areas at the sides, on the other hand, are woven with brown a"
155050,1989.66,Bird-Shaped Container,"Peru, Wari style (500-900)",Sculpture,wood,Art of the Americas,500–900,500,900,Overall: 8.4 cm (3 5/16 in.),CC0,https://openaccess-cdn.clevelandart.org/1989.66/1989.66_web.jpg,https://openaccess-cdn.clevelandart.org/1989.66/1989.66_print.jpg,986,893,https://clevelandart.org/art/1989.66,,"Peruvian Indians today regard coca leaf as a sacred substance that creates communion with deities. The leaves are chewed with powdered lime that in antiquity was stored in containers and scooped with spatulas like those seen here. Aside from its ritual meaning, coca has practical benefits: it is vitamin-rich and, like coffee, induces clear-headedness. The lizard spatula is Nasca; the other two are"
162398,2002.93,Feathered Panel,"Peru, Far South Coast, Pampa Ocoña, 7th-10th century",Textile,Papagayo macaw feathers knotted onto strings and stitched to cotton plain-weave cloth; camelid fiber plain-weave cloth upper tape,Textiles,600–900,600,900,Overall: 81.3 x 223.5 cm (32 x 88 in.); Mounted: 94 x 236.2 cm (37 x 93 in.),CC0,https://openaccess-cdn.clevelandart.org/2002.93/2002.93_web.jpg,https://openaccess-cdn.clevelandart.org/2002.93/2002.93_print.jpg,1263,472,https://clevelandart.org/art/2002.93,,"Of all the luxury textile types made in the ancient Andes, feathered cloth was one of the most esteemed. This panel may come from a buried offering that contained more than a half-dozen large human-effigy vessels made of ceramic; inside the vessels were 96 rolled panels, all covered with the feathers of the tropical blue-and-yellow macaw. The ties that survive on the upper corners of some panels s"
125202,1947.172,Vessel  with Running Figures,"Peru, North Coast, Moche style",Ceramic,earthenware with colored slips,Art of the Americas,450–550,450,550,Overall: 29 x 15.6 cm (11 7/16 x 6 1/8 in.),CC0,https://openaccess-cdn.clevelandart.org/1947.172/1947.172_web.jpg,https://openaccess-cdn.clevelandart.org/1947.172/1947.172_print.jpg,624,893,https://clevelandart.org/art/1947.172,,"Moche painters were masters at capturing the peak of physical activity. On this vessel are runners whose legs seem to churn so fast they ripple the desert groundline. Such runners, common in Moche art, always carry small bags, the contents open to question. But beans sometimes float around the runners, as here, suggesting they are involved in a ritual for planting. Beans also may have been used in"
119688,1940.526,"Mummy Bundle ""Mask""","Peru, South Coast, Ica Valley, Ocucaje site, Paracas style (700 BCE–1 CE)",Textile,"plain warp-faced cloth, painted: cotton",Textiles,200–1 BCE,-200,1,Overall: 25 x 14.5 cm (9 13/16 x 5 11/16 in.),CC0,https://openaccess-cdn.clevelandart.org/1940.526/1940.526_web.jpg,https://openaccess-cdn.clevelandart.org/1940.526/1940.526_print.jpg,585,893,https://clevelandart.org/art/1940.526,,"The Paracas people of Peru's south coast buried their dead in pear-shaped mummy bundles made of a seated human body carefully wrapped in garments and other textiles. Sometimes a painted cloth was placed at the top of the bundle, as if serving as the bundle's face, head, or ""mask."" The cloth was padded on the back so it curved outward like a face, and the tress-like yarns (unwoven warps) at the upp"
162399,2002.94,Double-Spouted Vessel,"Peru, Wari style, 6th-10th century",Ceramic,"ceramic, slip",Art of the Americas,500–900,500,900,Diameter: 21.7 x 23.1 x 17.6 cm (8 9/16 x 9 1/8 x 6 15/16 in.); Overall: 20.3 cm (8 in.),CC0,https://openaccess-cdn.clevelandart.org/2002.94/2002.94_web.jpg,https://openaccess-cdn.clevelandart.org/2002.94/2002.94_print.jpg,1150,893,https://clevelandart.org/art/2002.94,,"This vessel was created during the time of the Wari culture, a superpower of the Andes mountains whose influence was felt in adjacent coastal areas, where this ceramic was made. Across the top of the vessel's chamber is a repeated design, a profile face and stepped fret, the meaning of which remains enigmatic. It also appears on Wari tapestry tunics, high-status garments worn by officials of the W"
159910,1997.2,Severed Head Effigy Vessel,"Peru, South Coast, Nasca",Ceramic,earthenware with colored slips,Art of the Americas,c. 100–350 CE,100,350,Overall: 22 x 20.5 x 24.5 cm (8 11/16 x 8 1/16 x 9 5/8 in.),CC0,https://openaccess-cdn.clevelandart.org/1997.2/1997.2_web.jpg,https://openaccess-cdn.clevelandart.org/1997.2/1997.2_print.jpg,923,893,https://clevelandart.org/art/1997.2,,"The Nasca people were organized politically into small, competing chiefdoms, and warfare was common. This vessel represents a freshly severed human head (probably that of a captured and sacrificed prisoner) with staring eyes, gaping mouth, and blood-red underside. Modeling of the mouth cavity, tongue, and teeth lends the image a startling realism. Human sacrifice by decapitation was a central elem"
119680,1940.519,"Mummy Bundle ""Mask""","Peru, South Coast, Ica Valley, Ocucaje site, Paracas style (700 BCE–1 CE)",Textile,"plain warp-faced cloth, painted: cotton",Textiles,200–1 BCE,-200,1,Overall: 61 x 21.6 cm (24 x 8 1/2 in.),CC0,https://openaccess-cdn.clevelandart.org/1940.519/1940.519_web.jpg,https://openaccess-cdn.clevelandart.org/1940.519/1940.519_print.jpg,489,893,https://clevelandart.org/art/1940.519,,"The Paracas people of Peru's South Coast buried their dead in pear-shaped mummy bundles made of a seated human body carefully wrapped in garments and other textiles. Sometimes a painted cloth was placed at the top of the bundle, as though it served as the bundle's face, head, or ""mask."" The cloth was padded on the back so it curved outward like a face, and the tress-like yarns (unwoven warps) at t"
126799,1949.195,Small Bottle with Feline,"Peru, South Coast, Paracas (Cavernas) style (700 BCE–1 CE)",Ceramic,"earthenware, resin-based paint",Art of the Americas,700–1 BCE,-700,1,Diameter: 7.5 cm (2 15/16 in.); Overall: 10.2 cm (4 in.),CC0,https://openaccess-cdn.clevelandart.org/1949.195/1949.195_web.jpg,https://openaccess-cdn.clevelandart.org/1949.195/1949.195_print.jpg,968,893,https://clevelandart.org/art/1949.195,,Little is known of the meaning of the beautifully abstracted felines so often incised on Paracas ceramics. The designs achieve much of their complexity through color applied as resin-based paint after the vessel was fired in a smoky atmosphere that blackened its surface.
126684,1949.12,Tunic with Profile Animal and Human Heads,"Peru, South Coast, Wari Culture, Middle Horizon, 8th-12th Century",Textile,tapestry weave: wool,Textiles,c. 700–1100,700,1100,Average: 97.8 x 99.1 cm (38 1/2 x 39 in.),CC0,https://openaccess-cdn.clevelandart.org/1949.12/1949.12_web.jpg,https://openaccess-cdn.clevelandart.org/1949.12/1949.12_print.jpg,891,893,https://clevelandart.org/art/1949.12,,"Wari tunics are made of two long panels folded at the shoulder line and stitched together at center and side seams, with openings left for the head and arms. The looms on which the panels were woven measured about 80 x 20 inches, with the warps spanning the short dimension. Thus, the warps are horizontal rather than vertical in the garment as it was worn. This orientation is unusual and seems to h"
125215,1947.180.1,Ear Flare,"Peru, North Coast, Chimú style (900-1470)",Metalwork,hammered gold alloy,Art of the Americas,900–1470,900,1470,Diameter: 8 cm (3 1/8 in.); Overall: 9.9 cm (3 7/8 in.),CC0,https://openaccess-cdn.clevelandart.org/1947.180.1/1947.180.1_web.jpg,https://openaccess-cdn.clevelandart.org/1947.180.1/1947.180.1_print.jpg,900,802,https://clevelandart.org/art/1947.180.1,,"North Coast ear ornaments typically have a long shaft that balanced the weight of the glorious frontal. This pair illustrates Chimú interest in the sea, which had great economic and religious importance. On the shafts are bands of seabirds and waves, and a similar pattern edges the frontals, which were altered in modern times. Originally solid disks, the frontals' centers were cut out and a dotted"
119684,1940.522,"Mummy Bundle ""Mask""","Peru, South Coast, Ica Valley, Ocucaje site, Paracas style (700 BCE–1 CE)",Textile,"plain warp-faced cloth, painted: cotton",Textiles,"170 BCE–70 CE (radiocarbon date, 95% probability)",-170,70,Overall: 58.5 x 18.8 cm (23 1/16 x 7 3/8 in.),CC0,https://openaccess-cdn.clevelandart.org/1940.522/1940.522_web.jpg,https://openaccess-cdn.clevelandart.org/1940.522/1940.522_print.jpg,493,893,https://clevelandart.org/art/1940.522,,"The Paracas people of Peru's South Coast buried their dead in pear-shaped mummy bundles made of a seated human body carefully wrapped in garments and other textiles. Sometimes a painted cloth was placed at the top of the bundle, as though it served as the bundle's face, head, or ""mask."" The cloth was padded on the back so it curved outward like a face, and the tress-like yarns (unwoven warps) at t"
117820,1938.429,Pair of Ear Flare Frontals,"Peru, North Coast, Paramonga(?), Chimú style (900-1470)",Jewelry,hammered gold alloy,Art of the Americas,Chimú style (900–1470),900,1470,Diameter: 8.6 cm (3 3/8 in.); Overall: 8.5 cm (3 3/8 in.),CC0,https://openaccess-cdn.clevelandart.org/1938.429/1938.429_web.jpg,https://openaccess-cdn.clevelandart.org/1938.429/1938.429_print.jpg,900,423,https://clevelandart.org/art/1938.429,,"These gold discs, each with the image of a richly dressed Chimú lord, originally were attached to the fronts of ear ornaments equipped with long, thick shafts that passed through the ear lobes. Such ornaments were important markers of wealth and elite status."
119687,1940.525,"Mummy Bundle ""Mask""","Peru, South Coast, Ica Valley, Ocucaje site, Paracas style (700 BCE–1 CE)",Textile,"plain warp-faced cloth, painted: cotton",Textiles,200–1 BCE,-200,1,Overall: 86.3 x 28.5 cm (34 x 11 1/4 in.),CC0,https://openaccess-cdn.clevelandart.org/1940.525/1940.525_web.jpg,https://openaccess-cdn.clevelandart.org/1940.525/1940.525_print.jpg,563,893,https://clevelandart.org/art/1940.525,,"The Paracas people of Peru's South Coast buried their dead in pear-shaped mummy bundles made of a seated human body carefully wrapped in garments and other textiles. Sometimes a painted cloth was placed at the top of the bundle, as though it served as the bundle's face, head, or ""mask."" The cloth was padded on the back so it curved outward like a face, and the tress-like yarns (unwoven warps) at t"
125096,1946.76,Pin with Yarn Figure,"Peru, South Coast, Nasca style?",Jewelry,"wood, yarn, paint",Art of the Americas,c. 300 BCE–200 CE,-300,200,Overall: 12.6 cm (4 15/16 in.),CC0,https://openaccess-cdn.clevelandart.org/1946.76/1946.76_web.jpg,https://openaccess-cdn.clevelandart.org/1946.76/1946.76_print.jpg,605,893,https://clevelandart.org/art/1946.76,,"Paracas headgear from mummy bundles sometimes incorporate human-hair wigs, wound with long headbands and slings. Ornamented with a diminutive kneeling figure, this pin may have been used like a hat pin to hold the wrappings in place. Although poorly preserved, this object illustrates the use of resin pigment on materials other than ceramics."
159530,1996.293,Sacrificer,"Bolivia, Peru or Chile, Southern Highlands, early Tiwanaku style, 400-1000",Sculpture,carved bone,Art of the Americas,400–1000,400,1000,Overall: 5.1 cm (2 in.),CC0,https://openaccess-cdn.clevelandart.org/1996.293/1996.293_web.jpg,https://openaccess-cdn.clevelandart.org/1996.293/1996.293_print.jpg,771,893,https://clevelandart.org/art/1996.293,,"Holding an axe in one hand, a human head in the other, this figurine depicts a ritual sacrificer. His fierce mask probably portrays either a puma or a fox. Incised patterns on the figure's body and headdress indicate elaborate tapestry garments. The ancient rituals embodied by this small carving must have been both visually spectacular and emotionally powerful."
163755,2005.177,Nose Ornament with Serpents and Long-necked Birds,"Peru, North Coast, Moche culture (50–800 CE), early Intermediate Period",Metalwork,gold alloy and silver,Art of the Americas,c. 100–300 CE,100,300,Overall: 7.6 x 13.9 cm (3 x 5 1/2 in.),CC0,https://openaccess-cdn.clevelandart.org/2005.177/2005.177_web.jpg,https://openaccess-cdn.clevelandart.org/2005.177/2005.177_print.jpg,1263,876,https://clevelandart.org/art/2005.177,,"A crucial element of Moche royal regalia was the nose ornament, whose imagery varies from benign to predatory. One ornament here depicts a human head, perhaps a ruler’s portrait, flanked by birds that attack human victims. In another, two supernatural decapitators brandish knives over a row of severed human heads. The third is an elegant composition that combines serpents with long-necked water bi"
156518,1992.231,Vessel in the Shape of a Figure,"Peru, Central Coast, Chancay sytle, 12th-15th century",Ceramic,earthenware with painted slip,Art of the Americas,1000–1460s,1000,1469,Overall: 63.5 cm (25 in.),CC0,https://openaccess-cdn.clevelandart.org/1992.231/1992.231_web.jpg,https://openaccess-cdn.clevelandart.org/1992.231/1992.231_print.jpg,757,893,https://clevelandart.org/art/1992.231,,"This seated figure carries a stag over his shoulders, its antlers now missing and its tongue lolling out in death. That the stag is destined for more than dinner is suggested by the human's pursed lips--perhaps the kiss-like expression of reverence that the later Inka made when approaching a sacred shrine. The animal, then, may be an offering. The two bags painted on the figure's back may be for c"
119679,1940.518,"Mummy Bundle ""Mask""","Peru, South Coast, Ica Valley, Ocucaje site, Paracas style (700 BCE–1 CE)",Textile,"warp-faced cloth, painted: cotton",Textiles,200 BCE–1 CE,-200,1,Overall: 71 x 29.2 cm (27 15/16 x 11 1/2 in.),CC0,https://openaccess-cdn.clevelandart.org/1940.518/1940.518_web.jpg,https://openaccess-cdn.clevelandart.org/1940.518/1940.518_print.jpg,533,893,https://clevelandart.org/art/1940.518,,"The Paracas people of Peru's South Coast buried their dead in pear-shaped mummy bundles made of a seated human body carefully wrapped in garments and other textiles. Sometimes a painted cloth was placed at the top of the bundle, as though it served as the bundle's face, head, or ""mask."" The cloth was padded on the back so it curved outward like a face, and the tress-like yarns (unwoven warps) at t"
155934,1991.223,Tapestry Fragment,"Peru, North Coast, Lambayeque (Sicán) people",Tapestry,"camelid fiber and cotton, tapestry weave",Textiles,700–1370s,700,1379,Overall: 40 x 16.2 cm (15 3/4 x 6 3/8 in.); Mounted: 49.5 x 16.2 cm (19 1/2 x 6 3/8 in.),CC0,https://openaccess-cdn.clevelandart.org/1991.223/1991.223_web.jpg,https://openaccess-cdn.clevelandart.org/1991.223/1991.223_print.jpg,392,900,https://clevelandart.org/art/1991.223,,"The prominent figure with an elaborate headdress duplicated on this brightly colored fragment is known today as a “Lord,” a term that reveals uncertainty about his identity but confidence in his prestige. Whether a king or a deity, he was crucially important to the north coast Lambayeque (lahm-buy-YEK-kay) (Sicán) people, who often portrayed him in a wide range of media. The geometric motif that r"
294067,2017.59,Bound Deer Effigy Vessel,"Andes, North Coast, Chimú people",Ceramic,Ceramic,Art of the Americas,1000–1460s,1000,1470,Overall: 18.7 x 24 x 13 cm (7 3/8 x 9 7/16 x 5 1/8 in.),CC0,https://openaccess-cdn.clevelandart.org/2017.59/2017.59_web.jpg,https://openaccess-cdn.clevelandart.org/2017.59/2017.59_print.jpg,900,717,https://clevelandart.org/art/2017.59,,"This vessel was made by an artist of the Chimú Empire of Peru’s north coast. In the art of the Moche, an earlier culture in the region, the deer had complex symbolism related to ritual combat and the capture of prisoners. A memory of that symbolism may survive here in the binding of the deer’s feet."
163754,2005.176,Nose Ornament with Decapitators and Human Heads,"Peru, North Coast, Moche culture (50–800 CE), early Intermediate Period",Metalwork,gold alloy and silver,Art of the Americas,c. 100–300 CE,100,300,Overall: 8.8 x 14 cm (3 7/16 x 5 1/2 in.),CC0,https://openaccess-cdn.clevelandart.org/2005.176/2005.176_web.jpg,https://openaccess-cdn.clevelandart.org/2005.176/2005.176_print.jpg,1263,868,https://clevelandart.org/art/2005.176,,"A crucial element of Moche royal regalia was the nose ornament, whose imagery varies from benign to predatory. One ornament here depicts a human head, perhaps a ruler’s portrait, flanked by birds that attack human victims. In another, two supernatural decapitators brandish knives over a row of severed human heads. The third is an elegant composition that combines serpents with long-necked water bi"
160711,1998.70,Vessel with Oculate Being,"Peru, South Coast, Paracas (Cavernas) style (700 BCE–1 CE)",Ceramic,earthenware with resin-based paint,Art of the Americas,300 BCE–1 CE,-300,1,Overall: 40.8 cm (16 1/16 in.),CC0,https://openaccess-cdn.clevelandart.org/1998.70/1998.70_web.jpg,https://openaccess-cdn.clevelandart.org/1998.70/1998.70_print.jpg,1021,893,https://clevelandart.org/art/1998.70,,"A supernatural creature known today as the Oculate Being, after its huge eyes, became prominent late in Paracas times. The Paracas left no written records and this creature's meaning is poorly apprehended, but it clutches a severed human head by the hair. A hint of the head's significance comes from the Oculate Being itself, whose head sprouts streamers that may represent abstract energy or force."
117821,1938.429.1,Ear Flare Frontal,"Peru, North Coast, Paramonga(?), Chimú style (900-1470)",Jewelry,hammered gold alloy,Art of the Americas,Chimú style (900–1470),900,1470,Diameter: 8.6 cm (3 3/8 in.),CC0,https://openaccess-cdn.clevelandart.org/1938.429.1/1938.429.1_web.jpg,https://openaccess-cdn.clevelandart.org/1938.429.1/1938.429.1_print.jpg,950,893,https://clevelandart.org/art/1938.429.1,,"These gold discs, each with the image of a richly dressed Chimú lord, originally were attached to the fronts of ear ornaments equipped with long, thick shafts that passed through the ear lobes. Such ornaments were important markers of wealth and elite status."
119674,1940.513,Ornament,"Peru, South Coast, Ica Valley?, Paracas, c. 300 BC-AD 100",Jewelry,hammered and embossed gold-copper alloy,Art of the Americas,c. 300 BCE–100 CE,-300,100,Overall: 8.8 x 4.8 cm (3 7/16 x 1 7/8 in.),CC0,https://openaccess-cdn.clevelandart.org/1940.513/1940.513_web.jpg,https://openaccess-cdn.clevelandart.org/1940.513/1940.513_print.jpg,731,893,https://clevelandart.org/art/1940.513,,"With its grinning mouth and long, protruding tongue, the face embossed on this fragmentary ornament resembles linear images painted on mummy masks and woven on doublecloth tunics and mantles. Both painted mummy masks and doublecloth garments are most often found in the Ica Valley, a short distance south of the Paracas Peninsula. The ornament's original function is uncertain."
163753,2005.175,Nose Ornament with Human Head and Condors Attacking Humans,"Peru, North Coast, Moche culture (50–800 CE), early Intermediate Period",Metalwork,gold alloy,Art of the Americas,c. 100–300 CE,100,300,Overall: 9.5 x 16.5 x 1.6 cm (3 3/4 x 6 1/2 x 5/8 in.),CC0,https://openaccess-cdn.clevelandart.org/2005.175/2005.175_web.jpg,https://openaccess-cdn.clevelandart.org/2005.175/2005.175_print.jpg,1263,820,https://clevelandart.org/art/2005.175,,"A crucial element of Moche royal regalia was the nose ornament, whose imagery varies from benign to predatory. One ornament here depicts a human head, perhaps a ruler’s portrait, flanked by birds that attack human victims. In another, two supernatural decapitators brandish knives over a row of severed human heads. The third is an elegant composition that combines serpents with long-necked water bi"
163640,2005.14,"Textile Fragment with Frontal Deity Heads, Felines, and Interlace Pattern","Peru, South Coast, Paracas, Yauca Valley(?)",Textile,camelid fiber; double-cloth with structural embroidery,Textiles,700–400 BCE,-700,-400,Overall: 83.2 x 21.6 cm (32 3/4 x 8 1/2 in.),CC0,https://openaccess-cdn.clevelandart.org/2005.14/2005.14_web.jpg,https://openaccess-cdn.clevelandart.org/2005.14/2005.14_print.jpg,243,900,https://clevelandart.org/art/2005.14,,"This textile fragment and (2005.13), belong to a group that represents Andean weavers’ earliest known achievements in double cloth, a technique that allows the creation of identical designs on both faces of the cloth but in reversed colors. They also record the devotion to abstraction typical of the Paracas style. One features three repeats of a highly geometrical standing deity with a fanged mout"
119652,1940.494,Painted Wrapping for Mummy,"Peru, Central Coast, Chancay, 12th-15th century",Textile,"plain cloth, painted; cotton",Textiles,c.1100–1400 A.D.,1100,1400,Average: 63.5 x 360.5 cm (25 x 141 15/16 in.),CC0,https://openaccess-cdn.clevelandart.org/1940.494/1940.494_web.jpg,https://openaccess-cdn.clevelandart.org/1940.494/1940.494_print.jpg,1263,377,https://clevelandart.org/art/1940.494,,
119686,1940.524,"Mummy Bundle ""Mask""","Peru, South Coast, Ica Valley, Ocucaje site, Paracas style (700 BCE–1 CE)",Textile,"cotton and pigment, plain weave",Textiles,400–200 BCE,-400,-200,Overall: 58.4 x 21 cm (23 x 8 1/4 in.),CC0,https://openaccess-cdn.clevelandart.org/1940.524/1940.524_web.jpg,https://openaccess-cdn.clevelandart.org/1940.524/1940.524_print.jpg,549,900,https://clevelandart.org/art/1940.524,,"The Paracas people buried their dead in bundles that they created by carefully wrapping the seated human body in layers of garments and other textiles. In some cases, they placed a painted <br>cloth—such as these examples—on the outer layer and at the top of the bundle. The hair-like <br>yarns (unwoven warps) were arranged around a solid cotton disk that was sometimes wrapped <br>with a headband. "
119683,1940.521,"Mummy Bundle ""Mask""","Peru, South Coast, Ica Valley, Ocucaje site, Paracas style (700 BCE–1 CE)",Textile,"cotton and pigment, plain weave",Textiles,400–200 BCE,-400,-200,Overall: 103.5 x 40 cm (40 3/4 x 15 3/4 in.),CC0,https://openaccess-cdn.clevelandart.org/1940.521/1940.521_web.jpg,https://openaccess-cdn.clevelandart.org/1940.521/1940.521_print.jpg,565,900,https://clevelandart.org/art/1940.521,,"The Paracas people buried their dead in bundles that they created by carefully wrapping the seated human body in layers of garments and other textiles. In some cases, they placed a painted <br>cloth—such as these examples—on the outer layer and at the top of the bundle. The hair-like <br>yarns (unwoven warps) were arranged around a solid cotton disk that was sometimes wrapped <br>with a headband. "
126273,1948.482,Border Fragment with Birds and Flowers,"Peru, South Coast, Nasca",Embroidery,"camelid fiber, cross-knit looping (reversible)",Textiles,100 BCE–700 CE,-100,700,Overall: 5.4 x 8.9 cm (2 1/8 x 3 1/2 in.),CC0,https://openaccess-cdn.clevelandart.org/1948.482/1948.482_web.jpg,https://openaccess-cdn.clevelandart.org/1948.482/1948.482_print.jpg,1263,397,https://clevelandart.org/art/1948.482,,
130555,1953.288,Large Cloth,"Peru, North Coast, Chimu-Inka",Textile,"plain tabby, brocaded: wool and cotton",Textiles,"1460–1632 (radiocarbon date, 95% probability)",1460,1632,Average: 88.9 x 149.9 cm (35 x 59 in.),CC0,https://openaccess-cdn.clevelandart.org/1953.288/1953.288_web.jpg,https://openaccess-cdn.clevelandart.org/1953.288/1953.288_print.jpg,1263,706,https://clevelandart.org/art/1953.288,,
126272,1948.481,Border Fragment with Birds and Flowers,"Peru, South Coast, Nasca",Embroidery,embroidery of polychrome wools on cotton foundation,Textiles,100 BCE–700 CE,-100,700,Overall: 5.7 x 8.3 cm (2 1/4 x 3 1/4 in.),CC0,https://openaccess-cdn.clevelandart.org/1948.481/1948.481_web.jpg,https://openaccess-cdn.clevelandart.org/1948.481/1948.481_print.jpg,1263,392,https://clevelandart.org/art/1948.481,,
156237,1992.103,Tapestry Panel,"Peru, Central Coast, Chancay-Chimú style, 11th-15th century",Tapestry,"camelid fiber and cotton, tapestry weave",Textiles,1000–1460s,1000,1469,Overall: 115 x 54.3 cm (45 1/4 x 21 3/8 in.); Mounted: 124.5 x 64.8 cm (49 x 25 1/2 in.),CC0,https://openaccess-cdn.clevelandart.org/1992.103/1992.103_web.jpg,https://openaccess-cdn.clevelandart.org/1992.103/1992.103_print.jpg,466,893,https://clevelandart.org/art/1992.103,,"The design of this panel depends on the repetition of a single motif: a small, geometricized head set inside a stepped V, which seems to represent the stylized bodies and wings of two birds. This motif, woven in different color combinations, alternates between up and down to form a sophisticated interlocking pattern that has no proper top and bottom. The panel probably once belonged to a garment."
152334,1985.193,Mantle Border Fragment with Oculate Being,"Peru, South Coast, Paracas (Cavernas) style (700 BCE–1 CE)",Embroidery,"camelid fiber, embroidery over foundation cloth",Textiles,200 BCE–200 CE,-200,200,Overall: 116.2 x 16.5 cm (45 3/4 x 6 1/2 in.); Mounted: 127 x 25.4 cm (50 x 10 in.),CC0,https://openaccess-cdn.clevelandart.org/1985.193/1985.193_web.jpg,https://openaccess-cdn.clevelandart.org/1985.193/1985.193_print.jpg,181,893,https://clevelandart.org/art/1985.193,,"This border fragment features a supernatural being apparently at the center of a religion that swept the south coast during the final stages of the Paracas culture. Known as the Oculate Being after its huge eyes, it is affiliated with fertility and violence—note the darts it holds in one hand. Both large and small versions of the being are embroidered on the fragment, which likely comes from the b"
126269,1948.479,Border Fragment with Birds and Flowers,"Peru, South Coast, Nasca",Embroidery,"camelid fiber, cross-knit looping (reversible)",Textiles,100 BCE–700 CE,-100,700,Overall: 6.3 x 14.6 cm (2 1/2 x 5 3/4 in.),CC0,https://openaccess-cdn.clevelandart.org/1948.479/1948.479_web.jpg,https://openaccess-cdn.clevelandart.org/1948.479/1948.479_print.jpg,1263,409,https://clevelandart.org/art/1948.479,,
124412,1945.378,Four-Cornered Hat,"Peru, South Coast, Wari Culture, Middle Horizon, 8th-11th Century",Textile,needle network with cut pile: cotton and wool; reseau for top: cotton,Textiles,c. 700–1100 A.D.,700,1100,Overall: 14.3 x 15 x 15.5 cm (5 5/8 x 5 7/8 x 6 1/8 in.),CC0,https://openaccess-cdn.clevelandart.org/1945.378/1945.378_web.jpg,https://openaccess-cdn.clevelandart.org/1945.378/1945.378_print.jpg,1099,893,https://clevelandart.org/art/1945.378,,
119689,1940.527,"Mummy Bundle ""Mask""","Peru, South Coast, Ica Valley, Ocucaje site, Paracas style (700 BCE–1 CE)",Textile,Cotton and pigment; plain weave,Textiles,400–200 BCE,-400,-200,Overall: 61 x 24.1 cm (24 x 9 1/2 in.),CC0,https://openaccess-cdn.clevelandart.org/1940.527/1940.527_web.jpg,https://openaccess-cdn.clevelandart.org/1940.527/1940.527_print.jpg,550,900,https://clevelandart.org/art/1940.527,,"The Paracas people buried their dead in bundles that they created by carefully wrapping the seated human body in layers of garments and other textiles. In some cases, they placed a painted <br>cloth—such as these examples—on the outer layer and at the top of the bundle. The hair-like <br>yarns (unwoven warps) were arranged around a solid cotton disk that was sometimes wrapped <br>with a headband. "
119685,1940.523,"Mummy Bundle ""Mask""","Peru, South Coast, Ica Valley, Ocucaje site, Paracas style (700 BCE–1 CE)",Textile,Cotton and pigment; plain weave,Textiles,400–200 BCE,-400,-200,Overall: 48.9 x 19.6 cm (19 1/4 x 7 11/16 in.),CC0,https://openaccess-cdn.clevelandart.org/1940.523/1940.523_web.jpg,https://openaccess-cdn.clevelandart.org/1940.523/1940.523_print.jpg,526,900,https://clevelandart.org/art/1940.523,,"The Paracas people buried their dead in bundles that they created by carefully wrapping the seated human body in layers of garments and other textiles. In some cases, they placed a painted <br>cloth—such as these examples—on the outer layer and at the top of the bundle. The hair-like <br>yarns (unwoven warps) were arranged around a solid cotton disk that was sometimes wrapped <br>with a headband. "
119617,1940.469,Inka Khipu (Fiber Recording Device),"Peru, Inca Period, 15th-16th Century",Miscellaneous,"cords, knotted and twisted; cotton and wool",Textiles,c. 1400–1532,1400,1532,Overall: 113 x 137.2 cm (44 1/2 x 54 in.); Mounted: 119.4 x 143.5 cm (47 x 56 1/2 in.),CC0,https://openaccess-cdn.clevelandart.org/1940.469/1940.469_web.jpg,https://openaccess-cdn.clevelandart.org/1940.469/1940.469_print.jpg,1075,893,https://clevelandart.org/art/1940.469,,
163622,2005.13,Textile Fragment with Three Frontal Deities and Interlace Pattern,"Peru, South Coast, Paracas (700 BC -AD 1), Yauca Valley?",Textile,camelid fiber; double-cloth with structural embroidery,Textiles,700–400 BCE,-700,-400,Overall: 101.3 x 22.8 cm (39 7/8 x 9 in.),CC0,https://openaccess-cdn.clevelandart.org/2005.13/2005.13_web.jpg,https://openaccess-cdn.clevelandart.org/2005.13/2005.13_print.jpg,211,900,https://clevelandart.org/art/2005.13,,"This textile fragment and (2005.14), belong to a group that represents Andean weavers’ earliest known achievements in double cloth, a technique that allows the creation of identical designs on both faces of the cloth but in reversed colors. They also record the devotion to abstraction typical of the Paracas style. One features three repeats of a highly geometrical standing deity with a fanged mout"
119656,1940.498,Dress,"Peru, South Highlands or South Coast, Chuquibamba style, 12th-16th century",Textile,camelid fiber; tapestry and complementary-weft weave,Textiles,c. 1100–1532,1100,1532,Overall: 148 x 163.5 cm (58 1/4 x 64 3/8 in.),CC0,https://openaccess-cdn.clevelandart.org/1940.498/1940.498_web.jpg,https://openaccess-cdn.clevelandart.org/1940.498/1940.498_print.jpg,987,893,https://clevelandart.org/art/1940.498,,
134948,1957.495,Tapestry Square Panel,"Peru, South Coast, Wari Culture, Middle Horizon, 8th-12th Century",Tapestry,tapestry with interlocked wefts: wool and cotton,Textiles,c. 700–1100,700,1100,Average: 39.4 x 38.1 cm (15 1/2 x 15 in.),CC0,https://openaccess-cdn.clevelandart.org/1957.495/1957.495_web.jpg,https://openaccess-cdn.clevelandart.org/1957.495/1957.495_print.jpg,883,893,https://clevelandart.org/art/1957.495,,
294068,2017.60,Head Cloth,"Central Andes, central coast, Chancay people",Textile,Cotton,Textiles,1000–1460s,1000,1470,Overall: 99.1 x 99.1 cm (39 x 39 in.),CC0,https://openaccess-cdn.clevelandart.org/2017.60/2017.60_web.jpg,https://openaccess-cdn.clevelandart.org/2017.60/2017.60_print.jpg,900,854,https://clevelandart.org/art/2017.60,,"This tie-dyed panel was probably worn as a head cloth, a common article of women’s wear among the Chancay people of Peru’s central coast. Its colors are reminiscent of a deep twilight, when the sky turns a luminous, dark blue and a shimmer of orange light appears on the horizon. It is not known whether the repeated squares have symbolic significance."
157111,1993.242,Triple Cloth,"Peru, Recuay",Textile,triple cloth: wool,Textiles,400 BCE–700 CE,-400,700,Overall: 8.3 x 33.7 cm (3 1/4 x 13 1/4 in.),CC0,https://openaccess-cdn.clevelandart.org/1993.242/1993.242_web.jpg,https://openaccess-cdn.clevelandart.org/1993.242/1993.242_print.jpg,685,893,https://clevelandart.org/art/1993.242,,
119655,1940.497,Fragmentary Mantle,"Peru, South Coast, Ica Valley ?, Inca Culture, 15th-16th century",Textile,"tapestry and fancy twill, brocaded; twill",Textiles,c. 1400–1532,1400,1532,Average: 85.1 x 190.5 cm (33 1/2 x 75 in.),CC0,https://openaccess-cdn.clevelandart.org/1940.497/1940.497_web.jpg,https://openaccess-cdn.clevelandart.org/1940.497/1940.497_print.jpg,1263,578,https://clevelandart.org/art/1940.497,,
157112,1993.243,Double Cloth,"Peru, Recuay",Textile,wool,Textiles,400 BCE–700 CE,-400,700,Overall: 4.5 x 23.5 cm (1 3/4 x 9 1/4 in.),CC0,https://openaccess-cdn.clevelandart.org/1993.243/1993.243_web.jpg,https://openaccess-cdn.clevelandart.org/1993.243/1993.243_print.jpg,710,893,https://clevelandart.org/art/1993.243,,
126271,1948.480,Border Fragment with Birds and Flowers,"Peru, South Coast, Nasca",Embroidery,"camelid fiber, cross-knit looping (reversible)",Textiles,100 BCE–700 CE,-100,700,Overall: 5.8 x 14 cm (2 5/16 x 5 1/2 in.),CC0,https://openaccess-cdn.clevelandart.org/1948.480/1948.480_web.jpg,https://openaccess-cdn.clevelandart.org/1948.480/1948.480_print.jpg,1263,391,https://clevelandart.org/art/1948.480,,
137312,1962.240,Embroidered Fragment,"Peru, South Coast, Paracas",Embroidery,wool embroidery on wool tabby ground,Textiles,c. 650–100 BCE,-650,-100,Overall: 18.5 x 20.4 cm (7 5/16 x 8 1/16 in.),CC0,https://openaccess-cdn.clevelandart.org/1962.240/1962.240_web.jpg,https://openaccess-cdn.clevelandart.org/1962.240/1962.240_print.jpg,1030,893,https://clevelandart.org/art/1962.240,,
165273,2007.2.7,Loose Textile Fragments,"Peru, Moche, north coast",Textile,cotton and camelid fiber,Textiles,c. 50–650 CE,50,650,,CC0,https://openaccess-cdn.clevelandart.org/2007.2.7/2007.2.7_web.jpg,https://openaccess-cdn.clevelandart.org/2007.2.7/2007.2.7_print.jpg,897,900,https://clevelandart.org/art/2007.2.7,,
134395,1956.84,Tunic,"Peru, South Coast, Wari Culture, Middle Horizon, 8th-12th Century",Textile,tapestry; interlocked wefts and areas of eccentric weaving: wool and cotton,Textiles,c. 700–1100,700,1100,Average: 109.2 x 115.6 cm (43 x 45 1/2 in.),CC0,https://openaccess-cdn.clevelandart.org/1956.84/1956.84_web.jpg,https://openaccess-cdn.clevelandart.org/1956.84/1956.84_print.jpg,940,893,https://clevelandart.org/art/1956.84,,
119694,1940.531,Mummy Bundle Turban,"Peru, South Coast, Paracas, 200 BC - AD 200, modern assembly",Textile,"cotton, reed, wool, fur, feathers and other fibers",Textiles,c. 650–100 BCE,-650,-100,Average: 54.7 x 94 cm (21 9/16 x 37 in.),CC0,https://openaccess-cdn.clevelandart.org/1940.531/1940.531_web.jpg,https://openaccess-cdn.clevelandart.org/1940.531/1940.531_print.jpg,388,900,https://clevelandart.org/art/1940.531,,
114131,1933.392,Fish-Shaped Applique,"Central Andes, Central Coast, Ychsma (Pachacamac) people",Textile,"cotton and camelid fiber, tapestry weave with areas of eccentric weft floats",Textiles,1400–1532,1400,1532,Overall: 26 x 56.5 cm (10 1/4 x 22 1/4 in.); Mounted: 32.4 x 62.9 cm (12 3/4 x 24 3/4 in.),CC0,https://openaccess-cdn.clevelandart.org/1933.392/1933.392_web.jpg,https://openaccess-cdn.clevelandart.org/1933.392/1933.392_print.jpg,900,435,https://clevelandart.org/art/1933.392,,"This fish-shaped textile was originally stitched with others like it to a mantle, a shawl-like garment that was a staple of Andean clothing. Its partial “X-ray view,” which emphasizes the bony spine, is unique to the style of the Ychsma (<strong><em>yeach</em></strong><em>-mah</em>), who lived on Peru’s central coast. In addition to referencing sources of food, marine subjects may also carry relig"
165184,2007.179,Tunic with Sacrificer,"South America, Peru, Central Andes, Middle Horizon, Wari people, 7th-11th century",Textile,"camelid-fiber, cotton; tapestry weave",Textiles,600–1000,600,1000,Overall: 202.6 x 112 cm (79 3/4 x 44 1/8 in.),CC0,https://openaccess-cdn.clevelandart.org/2007.179/2007.179_web.jpg,https://openaccess-cdn.clevelandart.org/2007.179/2007.179_print.jpg,915,893,https://clevelandart.org/art/2007.179,,"An extremely abstract supernatural sacrifice repeats in different colors and orientations across the body of this tunic, which was shortened on one side in antiquity. Look for the toothy black-and-white mouth in the sacrificer's upward-gazing head; other facial features include a button nose and a vertically divided eye. The figure holds the L-shaped haft of an axe behind its back and, at the fron"
126268,1948.478,Border Fragment,"Peru, South Coast, Nasca",Embroidery,embroidery in polychrome wools on cotton foundation,Textiles,100 BCE–700 CE,-100,700,Average: 6.4 x 6.4 cm (2 1/2 x 2 1/2 in.),CC0,https://openaccess-cdn.clevelandart.org/1948.478/1948.478_web.jpg,https://openaccess-cdn.clevelandart.org/1948.478/1948.478_print.jpg,1006,893,https://clevelandart.org/art/1948.478,,
155829,1991.141,Male Figure with Modern Additions,"Peru, Central Coast, Chancay people",Miscellaneous,"Original elements include the head and tunic; added elements include the skirt, red fringe, and belt; Cotton, camelid fiber, reeds; Slit tapestry (tunic and face); plain weave with supplementary weft (skirt)",Textiles,1100–1500,1100,1500,Overall: 30.5 x 15.2 x 10 cm (12 x 6 x 3 15/16 in.),CC0,https://openaccess-cdn.clevelandart.org/1991.141/1991.141_web.jpg,https://openaccess-cdn.clevelandart.org/1991.141/1991.141_print.jpg,600,900,https://clevelandart.org/art/1991.141,,
134765,1957.340,Fragment,"Peru, South Coast, Nasca-Huari style",Textile,interlocking warp and weft: wool,Textiles,c. 600–700,600,700,Average: 45.1 x 89.6 cm (17 3/4 x 35 1/4 in.),CC0,https://openaccess-cdn.clevelandart.org/1957.340/1957.340_web.jpg,https://openaccess-cdn.clevelandart.org/1957.340/1957.340_print.jpg,1263,663,https://clevelandart.org/art/1957.340,,
126274,1948.483,Spindle,"Peru, South Coast, Nasca",Spindle Whorl,wood with carved clay whorl,Textiles,c. 1–399 CE,1,299,Overall: 32.3 x 1.6 x 1.6 cm (12 11/16 x 5/8 x 5/8 in.),CC0,https://openaccess-cdn.clevelandart.org/1948.483/1948.483_web.jpg,https://openaccess-cdn.clevelandart.org/1948.483/1948.483_print.jpg,334,893,https://clevelandart.org/art/1948.483,,
163724,2005.17,Tunic with Double-headed Serpents,"Peru, South Coast, Ica Valley, Ocucaje site?, Paracas people (700 BCE-1 CE)",Textile,cotton; gauze,Textiles,400–200 BCE,-400,-200,folded: 68.3 x 65.4 cm (26 7/8 x 25 3/4 in.),CC0,https://openaccess-cdn.clevelandart.org/2005.17/2005.17_web.jpg,https://openaccess-cdn.clevelandart.org/2005.17/2005.17_print.jpg,860,900,https://clevelandart.org/art/2005.17,,"Gauze weave was used to pattern this tunic with interlocking, double-headed serpents that may <br>have had mythical or supernatural significance. By manipulating the density of the fabric to create the design, the weaver may have sidestepped a limitation of cotton, which did not readily take dyes."
126275,1948.484,Spindle,"Peru, South Coast, Nasca",Spindle Whorl,wood with carved clay whorl,Textiles,c. 1–399 CE,1,299,Overall: 32 x 1.2 x 1.2 cm (12 5/8 x 1/2 x 1/2 in.),CC0,https://openaccess-cdn.clevelandart.org/1948.484/1948.484_web.jpg,https://openaccess-cdn.clevelandart.org/1948.484/1948.484_print.jpg,364,893,https://clevelandart.org/art/1948.484,,
102909,1921.1537,Fragment,"Peru, Inka, 1400-1532 AD",Ceramic,pottery,Art of the Americas,1400–1532 AD,1400,1532,Overall: 5.5 x 21.6 cm (2 3/16 x 8 1/2 in.),CC0,https://openaccess-cdn.clevelandart.org/1921.1537/1921.1537_web.jpg,https://openaccess-cdn.clevelandart.org/1921.1537/1921.1537_print.jpg,1263,845,https://clevelandart.org/art/1921.1537,,
159839,1997.150,Four-Cornered Hat,"Peru, South Andes or Chile, Northern Andes, Tiwanaku style, 5th-10th Century",Textile,alpaca,Textiles,c. 400–1000,400,1000,Overall: 14.6 x 16 x 20 cm (5 3/4 x 6 5/16 x 7 7/8 in.),CC0,https://openaccess-cdn.clevelandart.org/1997.150/1997.150_web.jpg,https://openaccess-cdn.clevelandart.org/1997.150/1997.150_print.jpg,1006,893,https://clevelandart.org/art/1997.150,,"A distinctive type of Tiwanaku and Wari headgear was a hat with four ear-like peaks rising from the corners. Depicted on warriors and other men who wear prestigious clothing and ornaments, the hats were made with knots, visible on all sides of this handsome Tiwanaku example. The hat is decorated with a pattern that includes a profile bird head."
131350,1954.130,Feline Holding Human Figure,"Peru, North Coast, Moche",Metalwork,banded travertine,Art of the Americas,c. 100–500,100,500,Overall: 6.2 x 2.8 cm (2 7/16 x 1 1/8 in.),CC0,https://openaccess-cdn.clevelandart.org/1954.130/1954.130_web.jpg,https://openaccess-cdn.clevelandart.org/1954.130/1954.130_print.jpg,783,893,https://clevelandart.org/art/1954.130,,
108034,1925.661,Fragment of a Double Cloth,"Peru, Central Coast, Chancay, 12th-15th century",Textile,"tabby weave, double cloth; cotton",Textiles,c. 1100–1400,1100,1400,Average: 30.5 x 23.5 cm (12 x 9 1/4 in.),CC0,https://openaccess-cdn.clevelandart.org/1925.661/1925.661_web.jpg,https://openaccess-cdn.clevelandart.org/1925.661/1925.661_print.jpg,682,893,https://clevelandart.org/art/1925.661,,
103065,1921.1719,Fragment,"Peru, Inka, 1400-1532 AD",Ceramic,pottery,Art of the Americas,1400–1532 AD,1400,1532,Overall: 0.7 x 10.2 x 9 cm (1/4 x 4 x 3 9/16 in.),CC0,https://openaccess-cdn.clevelandart.org/1921.1719/1921.1719_web.jpg,https://openaccess-cdn.clevelandart.org/1921.1719/1921.1719_print.jpg,873,893,https://clevelandart.org/art/1921.1719,,
103063,1921.1717,Fragment,"Peru, Inca, 1400-1532 AD",Ceramic,pottery,Art of the Americas,1400–1532,1400,1532,Overall: 1.2 x 10.5 x 7.5 cm (1/2 x 4 1/8 x 2 15/16 in.),CC0,https://openaccess-cdn.clevelandart.org/1921.1717/1921.1717_web.jpg,https://openaccess-cdn.clevelandart.org/1921.1717/1921.1717_print.jpg,750,893,https://clevelandart.org/art/1921.1717,,
103064,1921.1718,Fragment,"Peru, Inka, 1400-1532 AD",Ceramic,pottery,Art of the Americas,1400–1532 AD,1400,1532,Overall: 11.8 x 9.3 x 1.3 cm (4 5/8 x 3 11/16 x 1/2 in.),CC0,https://openaccess-cdn.clevelandart.org/1921.1718/1921.1718_web.jpg,https://openaccess-cdn.clevelandart.org/1921.1718/1921.1718_print.jpg,911,893,https://clevelandart.org/art/1921.1718,,
124413,1945.379,Mantle Corner Fragment,"Peru, South Coast, Wari Culture, Middle Horizon, 8th-11th Century",Textile,cotton and camelid fiber; plain weave with supplementary weft (brocade),Textiles,700–1100 A.D.,700,1100,Overall: 46 x 46.5 cm (18 1/8 x 18 5/16 in.),CC0,https://openaccess-cdn.clevelandart.org/1945.379/1945.379_web.jpg,https://openaccess-cdn.clevelandart.org/1945.379/1945.379_print.jpg,896,893,https://clevelandart.org/art/1945.379,,
126796,1949.193,Four-Cornered Hat,"Peru, South Coast, Wari Culture, Middle Horizon, 8th-12th Century",Textile,"sides: cotton and wool plain cloth, brocaded; top: wool fancy cloth (?)",Textiles,c. 700–1100,700,1100,Overall: 10.8 x 13 x 13 cm (4 1/4 x 5 1/8 x 5 1/8 in.),CC0,https://openaccess-cdn.clevelandart.org/1949.193/1949.193_web.jpg,https://openaccess-cdn.clevelandart.org/1949.193/1949.193_print.jpg,900,823,https://clevelandart.org/art/1949.193,,
159633,1996.348.a,Fragment of a Belt,"Peru, South Andes, Tiwanaku style",Textile,camelid wool; tapestry,Textiles,c. 400,395,405,Overall: 86.5 x 4.7 cm (34 1/16 x 1 7/8 in.),CC0,https://openaccess-cdn.clevelandart.org/1996.348.a/1996.348.a_web.jpg,https://openaccess-cdn.clevelandart.org/1996.348.a/1996.348.a_print.jpg,900,133,https://clevelandart.org/art/1996.348.a,,
125095,1946.75,Mantle Corner Fragment,"Peru, South Coast, Wari Culture, Middle Horizon, 8th-12th Century",Textile,cotton and camelid fiber; plain weave with supplementary weft (brocade),Textiles,c. 700–1100,700,1100,Overall: 47 x 45 cm (18 1/2 x 17 11/16 in.),CC0,https://openaccess-cdn.clevelandart.org/1946.75/1946.75_web.jpg,https://openaccess-cdn.clevelandart.org/1946.75/1946.75_print.jpg,858,893,https://clevelandart.org/art/1946.75,,
125339,1947.291,Four-Cornered Hat,"Peru, South Coast, Wari Culture, Tiwanaku Style, Middle Horizon, 8th-12th Century",Textile,needle network with and without cut pile: cotton and wool,Textiles,c. 700–1100 A.D.,700,1100,Average: 10.2 x 13.4 cm (4 x 5 1/4 in.),CC0,https://openaccess-cdn.clevelandart.org/1947.291/1947.291_web.jpg,https://openaccess-cdn.clevelandart.org/1947.291/1947.291_print.jpg,1047,893,https://clevelandart.org/art/1947.291,,
108044,1925.669,Textile Bag,"Peru, Central Coast, Chancay, Pachacamac, 12th-15th century",Textile,"tabby weave, warp patterned; wool",Textiles,c. 1100–1400,1100,1400,Average: 24.2 x 38.8 cm (9 1/2 x 15 1/4 in.),CC0,https://openaccess-cdn.clevelandart.org/1925.669/1925.669_web.jpg,https://openaccess-cdn.clevelandart.org/1925.669/1925.669_print.jpg,743,893,https://clevelandart.org/art/1925.669,,
102924,1921.1550,Fragment of a Border,"Peru, South Coast, Paracas, Late Period",Textile,cotton plain cloth embroidered in wool outline stitch,Textiles,300–100 BCE,-300,-100,Average: 41.3 x 12.7 cm (16 1/4 x 5 in.),CC0,https://openaccess-cdn.clevelandart.org/1921.1550/1921.1550_web.jpg,https://openaccess-cdn.clevelandart.org/1921.1550/1921.1550_print.jpg,303,893,https://clevelandart.org/art/1921.1550,,
108038,1925.665,Large Cloth,"Peru, North Coast, Chimú Culture, 12th-15th century",Textile,plain cloth with overlaid tapestry-like decoration; cotton and wool,Textiles,c. 1100–1400,1100,1400,Overall: 142.3 x 33 cm (56 x 13 in.),CC0,https://openaccess-cdn.clevelandart.org/1925.665/1925.665_web.jpg,https://openaccess-cdn.clevelandart.org/1925.665/1925.665_print.jpg,1263,333,https://clevelandart.org/art/1925.665,,
302272,2017.193,Sleeved Tunic,"Central Andes, central coast, Chancay people",Textile,"Cotton, camelid fiber",Textiles,1460s–1532,1460,1532,length back of neck to hem: 40.6 cm (16 in.); width across shoulders: 128.9 cm (50 3/4 in.),CC0,https://openaccess-cdn.clevelandart.org/2017.193/2017.193_web.jpg,https://openaccess-cdn.clevelandart.org/2017.193/2017.193_print.jpg,900,342,https://clevelandart.org/art/2017.193,,"The Chancay (<strong><em>chan</em></strong><em>-kai</em>) people of Peru’s central coast created one of the ancient Andes’s best-known textile legacies through artistically elaborate men’s tunics and loin cloths, women’s dresses and headcloths, and shawl-like mantles. Two traits indicate that this tunic is a high-prestige garment: its labor-intensive tapestry-woven technique and its substantial us"
108026,1925.654,Fragment,"Peru, Central Coast, Chancay, 12th-15th century",Textile,"tabby, brocaded; cotton",Textiles,c. 1100–1400,1100,1400,Average: 31.1 x 44.5 cm (12 1/4 x 17 1/2 in.),CC0,https://openaccess-cdn.clevelandart.org/1925.654/1925.654_web.jpg,https://openaccess-cdn.clevelandart.org/1925.654/1925.654_print.jpg,1160,893,https://clevelandart.org/art/1925.654,,
163781,2005.19,Fragment of a Mantle with Oculate Being,"Peru, South Coast, Paracas, Carhua?",Textile,cotton; double-cloth,Textiles,200–1 BCE,-200,1,Overall: 74.9 x 108 cm (29 1/2 x 42 1/2 in.),CC0,https://openaccess-cdn.clevelandart.org/2005.19/2005.19_web.jpg,https://openaccess-cdn.clevelandart.org/2005.19/2005.19_print.jpg,1254,893,https://clevelandart.org/art/2005.19,,
159632,1996.348,Fragments of a Belt,"Peru, South Andes, Tiwanaku style",Textile,camelid wool; tapestry,Textiles,c. 400,395,405,Average: 86.5 x 4.7 cm (34 1/16 x 1 7/8 in.),CC0,https://openaccess-cdn.clevelandart.org/1996.348/1996.348_web.jpg,https://openaccess-cdn.clevelandart.org/1996.348/1996.348_print.jpg,900,304,https://clevelandart.org/art/1996.348,,
159634,1996.348.b,Fragment of a Belt,"Peru, South Andes, Tiwanaku style",Textile,camelid wool; tapestry,Textiles,c. 400,395,405,Overall: 52.7 x 4.5 cm (20 3/4 x 1 3/4 in.),CC0,https://openaccess-cdn.clevelandart.org/1996.348.b/1996.348.b_web.jpg,https://openaccess-cdn.clevelandart.org/1996.348.b/1996.348.b_print.jpg,900,192,https://clevelandart.org/art/1996.348.b,,
128181,1951.173,"Medallion, beads, and spindle whorls","Central Andes, North Coast, Chimú (medallion)",Jewelry,"bronze, copper, silver",Art of the Americas,1000–1532 (medallion),1000,1532,Diameter: 6.4 x 0.8 cm (2 1/2 x 5/16 in.),CC0,https://openaccess-cdn.clevelandart.org/1951.173/1951.173_web.jpg,https://openaccess-cdn.clevelandart.org/1951.173/1951.173_print.jpg,900,827,https://clevelandart.org/art/1951.173,,"This medallion and dozens of smaller beads and spindle whorls arrived at the museum strung on modern cord. Pierced with a hole at the top, it could have been suspended from a necklace or attached to a backing, such as a textile. It comes from Peru’s north coast and was made in the late pre-Hispanic period; the dates of the smaller beads are less clear."
152819,1985.7,Two Tapestry-woven Panel Fragments,"Central Andes, North Coast, Chimú people",Tapestry,"camelid fiber and cotton, tapestry weave",Textiles,1000–1460s,1000,1469,Overall: 88 x 51 cm (34 5/8 x 20 1/16 in.); Mounted: 99.1 x 63.5 cm (39 x 25 in.),CC0,https://openaccess-cdn.clevelandart.org/1985.7/1985.7_web.jpg,https://openaccess-cdn.clevelandart.org/1985.7/1985.7_print.jpg,555,900,https://clevelandart.org/art/1985.7,,"These two fragments, mounted side-by-side, come from the Chimú (<em>chee-</em><strong><em>moo</em></strong>) Empire of Peru’s north coast. Each features horizontal rows containing four frontal figures. The rows alternate with wider registers, each with an H shape that represents a litter seen from above. A form of transport reserved for only the most esteemed members of society, the litter would h"
114132,1933.393,Tie-Dyed Fragment,"Peru, South Coast, Wari Culture, Middle Horizon, 8th-12th Century",Textile,"discontinuous warp and weft, tie-dyed; wool",Textiles,c. 700–1100 A.D.,700,1100,Average: 21.6 x 52.1 cm (8 1/2 x 20 1/2 in.),CC0,https://openaccess-cdn.clevelandart.org/1933.393/1933.393_web.jpg,https://openaccess-cdn.clevelandart.org/1933.393/1933.393_print.jpg,1263,548,https://clevelandart.org/art/1933.393,,
155505,1990.225,Textile Fragment,"Peru, North Coast, 9th-12th Century",Textile,"slit tapestry, cotton warp, camelid-fiber wefts",Textiles,800–1100,800,1100,Overall: 17.5 x 18 cm (6 7/8 x 7 1/16 in.),CC0,https://openaccess-cdn.clevelandart.org/1990.225/1990.225_web.jpg,https://openaccess-cdn.clevelandart.org/1990.225/1990.225_print.jpg,900,827,https://clevelandart.org/art/1990.225,,
104242,1922.395.a,Four Border Strips,"Peru, Central Coast, Chancay, 12th-15th century",Textile,plain compound cloth; cotton,Textiles,c. 1100–1400,1100,1400,Overall: 11.5 x 49 cm (4 1/2 x 19 5/16 in.),CC0,https://openaccess-cdn.clevelandart.org/1922.395.a/1922.395.a_web.jpg,https://openaccess-cdn.clevelandart.org/1922.395.a/1922.395.a_print.jpg,900,270,https://clevelandart.org/art/1922.395.a,,
104250,1922.397,Three Border Fragments,"Peru, Central Coast, Chancay, 12th-15th century",Textile,"tabby, brocaded; cotton and wool",Textiles,c. 1100–1400,1100,1400,Overall: 11.5 x 56 cm (4 1/2 x 22 1/16 in.),CC0,https://openaccess-cdn.clevelandart.org/1922.397/1922.397_web.jpg,https://openaccess-cdn.clevelandart.org/1922.397/1922.397_print.jpg,900,663,https://clevelandart.org/art/1922.397,,
156520,1992.231.2,Textile,"Peru, Central Coast, Chancay, 12th-15th century",Textile,double cloth,Textiles,c. 1100–1400,1100,1400,Overall: 34.5 x 16 cm (13 9/16 x 6 5/16 in.),CC0,https://openaccess-cdn.clevelandart.org/1992.231.2/1992.231.2_web.jpg,https://openaccess-cdn.clevelandart.org/1992.231.2/1992.231.2_print.jpg,900,417,https://clevelandart.org/art/1992.231.2,,
104240,1922.394,Border Strip,"Peru, Central Coast, Chancay, 12th-15th century",Textile,tabby weave with supplementary pattern weft; cotton,Textiles,c. 1100–1400,1100,1400,Average: 9.6 x 71.1 cm (3 3/4 x 28 in.),CC0,https://openaccess-cdn.clevelandart.org/1922.394/1922.394_web.jpg,https://openaccess-cdn.clevelandart.org/1922.394/1922.394_print.jpg,1263,270,https://clevelandart.org/art/1922.394,,
104253,1922.397.c,Three Border Fragments,"Peru, Central Coast, Chancay, 12th-15th century",Textile,"tabby, brocaded; cotton and wool",Textiles,c. 1100–1400,1100,1400,Overall: 9.3 x 40.5 cm (3 11/16 x 15 15/16 in.),CC0,https://openaccess-cdn.clevelandart.org/1922.397.c/1922.397.c_web.jpg,https://openaccess-cdn.clevelandart.org/1922.397.c/1922.397.c_print.jpg,900,272,https://clevelandart.org/art/1922.397.c,,
149062,1977.190,Fragment,"Peru, Central Coast, Chancay, 12th-15th century",Textile,tapestry: cotton and wool,Textiles,c. 1100–1400,1100,1400,Overall: 30 x 20 cm (11 13/16 x 7 7/8 in.),CC0,https://openaccess-cdn.clevelandart.org/1977.190/1977.190_web.jpg,https://openaccess-cdn.clevelandart.org/1977.190/1977.190_print.jpg,1263,892,https://clevelandart.org/art/1977.190,,
104244,1922.395.c,Four Border Strips,"Peru, Central Coast, Chancay, 12th-15th century",Textile,plain compound cloth; cotton,Textiles,c. 1100–1400,1100,1400,Overall: 11.5 x 48.2 cm (4 1/2 x 19 in.),CC0,https://openaccess-cdn.clevelandart.org/1922.395.c/1922.395.c_web.jpg,https://openaccess-cdn.clevelandart.org/1922.395.c/1922.395.c_print.jpg,900,292,https://clevelandart.org/art/1922.395.c,,
104246,1922.396,Three Fragments of a Border,"Peru, Central Coast, Chancay, 12th-15th century",Textile,"tabby with inset border of fancy twill, brocaded; cotton and wool",Textiles,c. 1100–1400,1100,1400,Part 1: 11.5 x 45.7 cm (4 1/2 x 18 in.),CC0,https://openaccess-cdn.clevelandart.org/1922.396/1922.396_web.jpg,https://openaccess-cdn.clevelandart.org/1922.396/1922.396_print.jpg,807,900,https://clevelandart.org/art/1922.396,,
104243,1922.395.b,Four Border Strips,"Peru, Central Coast, Chancay, 12th-15th century",Textile,plain compound cloth; cotton,Textiles,c. 1100–1400,1100,1400,Overall: 10.9 x 48 cm (4 5/16 x 18 7/8 in.),CC0,https://openaccess-cdn.clevelandart.org/1922.395.b/1922.395.b_web.jpg,https://openaccess-cdn.clevelandart.org/1922.395.b/1922.395.b_print.jpg,900,284,https://clevelandart.org/art/1922.395.b,,
163676,2005.15,Textile Fragment with Interlace Pattern,"Peru, South Coast, Paracas, Yauca Valley(?)",Textile,camelid fiber and cotton; brocaded plain-weave,Textiles,700–400 BCE,-700,-400,Overall: 51.8 x 21.3 cm (20 3/8 x 8 3/8 in.),CC0,https://openaccess-cdn.clevelandart.org/2005.15/2005.15_web.jpg,https://openaccess-cdn.clevelandart.org/2005.15/2005.15_print.jpg,1263,542,https://clevelandart.org/art/2005.15,,
104241,1922.395,Four Border Strips,"Peru, Central Coast, Chancay, 12th-15th century",Textile,plain compound cloth; cotton,Textiles,c. 1100–1400,1100,1400,Overall: 11.5 x 49 cm (4 1/2 x 19 5/16 in.),CC0,https://openaccess-cdn.clevelandart.org/1922.395/1922.395_web.jpg,https://openaccess-cdn.clevelandart.org/1922.395/1922.395_print.jpg,742,900,https://clevelandart.org/art/1922.395,,
104245,1922.395.d,Four Border Strips,"Peru, Central Coast, Chancay, 12th-15th century",Textile,plain compound cloth; cotton,Textiles,c. 1100–1400,1100,1400,Overall: 10.7 x 47.7 cm (4 3/16 x 18 3/4 in.),CC0,https://openaccess-cdn.clevelandart.org/1922.395.d/1922.395.d_web.jpg,https://openaccess-cdn.clevelandart.org/1922.395.d/1922.395.d_print.jpg,900,277,https://clevelandart.org/art/1922.395.d,,
104251,1922.397.a,Three Border Fragments,"Peru, Central Coast, Chancay, 12th-15th century",Textile,"tabby, brocaded; cotton and wool",Textiles,c. 1100–1400,1100,1400,Overall: 11.5 x 56 cm (4 1/2 x 22 1/16 in.),CC0,https://openaccess-cdn.clevelandart.org/1922.397.a/1922.397.a_web.jpg,https://openaccess-cdn.clevelandart.org/1922.397.a/1922.397.a_print.jpg,900,220,https://clevelandart.org/art/1922.397.a,,
156519,1992.231.1,Textile,"Peru, Central Coast, Chancay, 12th-15th century",Textile,tapestry weave,Textiles,c. 1100–1400,1100,1400,Overall: 11 x 26 cm (4 5/16 x 10 1/4 in.),CC0,https://openaccess-cdn.clevelandart.org/1992.231.1/1992.231.1_web.jpg,https://openaccess-cdn.clevelandart.org/1992.231.1/1992.231.1_print.jpg,900,376,https://clevelandart.org/art/1992.231.1,,
108033,1925.660,Unfinished Cloth,"Peru, Central Coast, Chancay, Pachacamac, 12th-15th century",Textile,tapestry weave; cotton and wool,Textiles,c. 1100–1400,1100,1400,Average: 58.4 x 43.2 cm (23 x 17 in.),CC0,https://openaccess-cdn.clevelandart.org/1925.660/1925.660_web.jpg,https://openaccess-cdn.clevelandart.org/1925.660/1925.660_print.jpg,682,893,https://clevelandart.org/art/1925.660,,
104234,1922.389,Fragment Composed of Two Fabrics Joined,"Peru, Central Coast, Chancay, 12th-15th century",Textile,plain compound twill and plain compound tabby; cotton,Textiles,c. 1100–1400,1100,1400,Overall: 28 x 35.5 cm (11 x 14 in.),CC0,https://openaccess-cdn.clevelandart.org/1922.389/1922.389_web.jpg,https://openaccess-cdn.clevelandart.org/1922.389/1922.389_print.jpg,1124,893,https://clevelandart.org/art/1922.389,,
104236,1922.390,Fragment formed of Four Separate Fabrics Joined,"Peru, Central Coast, Chancay, 12th-15th century",Textile,"two pieces plain cloth, two pieces compound twill; cotton",Textiles,c. 1100–1400,1100,1400,Average: 34.3 x 56 cm (13 1/2 x 22 1/16 in.),CC0,https://openaccess-cdn.clevelandart.org/1922.390/1922.390_web.jpg,https://openaccess-cdn.clevelandart.org/1922.390/1922.390_print.jpg,1263,829,https://clevelandart.org/art/1922.390,,
104249,1922.396.c,Three Fragments of a Border,"Peru, Central Coast, Chancay, 12th-15th century",Textile,"tabby with inset border of fancy twill, brocaded; cotton and wool",Textiles,c. 1100–1400,1100,1400,Part 3: 11.8 x 45 cm (4 5/8 x 17 11/16 in.),CC0,https://openaccess-cdn.clevelandart.org/1922.396.c/1922.396.c_web.jpg,https://openaccess-cdn.clevelandart.org/1922.396.c/1922.396.c_print.jpg,900,293,https://clevelandart.org/art/1922.396.c,,
163758,2005.18,Panel from the End of a Sash,"Peru, South Coast, Paracas, Carhua or Chucho?",Textile,cotton; camelid fiber; tapestry and plain-weave,Textiles,700–1 BCE,-700,1,Overall: 26 x 16.3 cm (10 1/4 x 6 7/16 in.),CC0,https://openaccess-cdn.clevelandart.org/2005.18/2005.18_web.jpg,https://openaccess-cdn.clevelandart.org/2005.18/2005.18_print.jpg,1263,822,https://clevelandart.org/art/2005.18,,
104247,1922.396.a,Three Fragments of a Border,"Peru, Central Coast, Chancay, 12th-15th century",Textile,"tabby with inset border of fancy twill, brocaded; cotton and wool",Textiles,c. 1100–1400,1100,1400,Part 1: 11.5 x 45.7 cm (4 1/2 x 18 in.),CC0,https://openaccess-cdn.clevelandart.org/1922.396.a/1922.396.a_web.jpg,https://openaccess-cdn.clevelandart.org/1922.396.a/1922.396.a_print.jpg,900,313,https://clevelandart.org/art/1922.396.a,,
169190,2011.111.2,Band,"Peru, Chimú or Chimú-Inka, 12th-16th century",Textile,white cotton; plain weave,Textiles,1100–1532,1100,1532,Overall: 5.1 cm (2 in.),CC0,https://openaccess-cdn.clevelandart.org/2011.111.2/2011.111.2_web.jpg,https://openaccess-cdn.clevelandart.org/2011.111.2/2011.111.2_print.jpg,415,900,https://clevelandart.org/art/2011.111.2,,
104252,1922.397.b,Three Border Fragments,"Peru, Central Coast, Chancay, 12th-15th century",Textile,"tabby, brocaded; cotton and wool",Textiles,c. 1100–1400,1100,1400,Overall: 10.5 x 39.1 cm (4 1/8 x 15 3/8 in.),CC0,https://openaccess-cdn.clevelandart.org/1922.397.b/1922.397.b_web.jpg,https://openaccess-cdn.clevelandart.org/1922.397.b/1922.397.b_print.jpg,900,271,https://clevelandart.org/art/1922.397.b,,
104238,1922.392,Fragment,"Peru, North Coast, Chimú Culture, 12th-15th century",Textile,"plain cloth, brocaded; cotton",Textiles,c. 1100–1400,1100,1400,Average: 50.8 x 34.3 cm (20 x 13 1/2 in.),CC0,https://openaccess-cdn.clevelandart.org/1922.392/1922.392_web.jpg,https://openaccess-cdn.clevelandart.org/1922.392/1922.392_print.jpg,437,893,https://clevelandart.org/art/1922.392,,
126795,1949.192,Four-Cornered Hat,"Peru, South Coast, Ica Valley, Inca Culture, 15th-16th century",Textile,camelid fiber,Textiles,c. 1400–1532,1400,1532,Overall: 7.5 x 14 x 14 cm (2 15/16 x 5 1/2 x 5 1/2 in.),CC0,https://openaccess-cdn.clevelandart.org/1949.192/1949.192_web.jpg,https://openaccess-cdn.clevelandart.org/1949.192/1949.192_print.jpg,900,757,https://clevelandart.org/art/1949.192,,
126276,1948.485,Spindle,"Peru, South Coast, Wari Culture, Tiwanaku Style, 7th-10th Century",Spindle Whorl,wood with carved clay whorl,Textiles,c. 600–1000,600,1000,Overall: 22.3 x 2.7 x 2.7 cm (8 3/4 x 1 1/16 x 1 1/16 in.),CC0,https://openaccess-cdn.clevelandart.org/1948.485/1948.485_web.jpg,https://openaccess-cdn.clevelandart.org/1948.485/1948.485_print.jpg,411,900,https://clevelandart.org/art/1948.485,,
166766,2008.58,Loincloth with Feather(?) Motifs,"Peru, Central Andes, Chimú or Chimú-Inka, 11th-16th century",Textile,"plain weave, tapestry weave; cotton, camelid fiber",Textiles,1000–1532,1000,1532,Overall: 204.5 x 91.4 cm (80 1/2 x 36 in.),CC0,https://openaccess-cdn.clevelandart.org/2008.58/2008.58_web.jpg,https://openaccess-cdn.clevelandart.org/2008.58/2008.58_print.jpg,768,893,https://clevelandart.org/art/2008.58,,
104390,1922.517,Fragment from a Mantle,"Peru, North Coast, Chimú Culture, 12th-15th century",Textile,"tabby, brocaded; border: single-face pattern weave (fancy twill); cotton and wool",Textiles,c. 1100–1400,1100,1400,Average: 52.1 x 64.8 cm (20 1/2 x 25 1/2 in.),CC0,https://openaccess-cdn.clevelandart.org/1922.517/1922.517_web.jpg,https://openaccess-cdn.clevelandart.org/1922.517/1922.517_print.jpg,1083,893,https://clevelandart.org/art/1922.517,,
160692,1998.53,Trapezoidal Bag,"Peru, South Coast, Arica culture, or Chile, North Coast, 13th-15th century",Textile,alpaca wool,Textiles,1200–1400,1200,1400,Overall: 52.2 x 35 cm (20 9/16 x 13 3/4 in.),CC0,https://openaccess-cdn.clevelandart.org/1998.53/1998.53_web.jpg,https://openaccess-cdn.clevelandart.org/1998.53/1998.53_print.jpg,768,893,https://clevelandart.org/art/1998.53,,
160691,1998.52,Trapezoidal Bag,"Peru, South Coast, Arica culture, or Chile, North Coast, 13th-15th century",Textile,alpaca wool,Textiles,1200–1400,1200,1400,Overall: 52.5 x 39 cm (20 11/16 x 15 3/8 in.),CC0,https://openaccess-cdn.clevelandart.org/1998.52/1998.52_web.jpg,https://openaccess-cdn.clevelandart.org/1998.52/1998.52_print.jpg,706,893,https://clevelandart.org/art/1998.52,,
119693,1940.530,Cloth with Procession of Figures,"Central Andes, South Coast, Nasca people",Textile,cotton and pigment (field); camelid fiber (borders and fringe),Textiles,"170 BCE–70 CE (radiocarbon date, 95% probability)",-170,70,Overall: 69.8 x 280.7 cm (27 1/2 x 110 1/2 in.); Mounted: 78.7 x 290.2 cm (31 x 114 1/4 in.),CC0,https://openaccess-cdn.clevelandart.org/1940.530/1940.530_web.jpg,https://openaccess-cdn.clevelandart.org/1940.530/1940.530_print.jpg,1263,344,https://clevelandart.org/art/1940.530,,"Experts agree that this cloth is one of the greatest paintings to survive from Andean antiquity due to the realism, complexity, large size, and refined execution of its figures. All but one of the figures wear the whiskered mouth mask of Nasca supernatural beings and several carry or wear severed human heads, which the Nasca linked to nature’s fruitfulness. Thus, the figures seem to represent supe"
165256,2007.193,Sacrificer Container,"Central Andes, Wari style (600-1000)",Wood,wood and cinnabar,Art of the Americas,"770–890 (radiocarbon date, 95% probability)",770,890,Overall: 10.8 x 7 x 7.5 cm (4 1/4 x 2 3/4 x 2 15/16 in.),CC0,https://openaccess-cdn.clevelandart.org/2007.193/2007.193_web.jpg,https://openaccess-cdn.clevelandart.org/2007.193/2007.193_print.jpg,838,900,https://clevelandart.org/art/2007.193,,"This container assumes the shape of a magnificent, feline-headed, supernatural sacrificer who draws a knife across the throat of the human it holds in its lap. Severed human heads hang from the feline's belt and dangle by the trachea at the back of its headdress. Sacrifice had a place in Wari religious practice, probably as an unusual and exceptionally precious offering made to entice the benevole"
129799,1952.233,Backrest of a Litter,"Central Andes, North Coast, Chimú people, late Intermediate period",Sculpture,"mixed media:  wood, gold alloy, pigment, shell inlay",Art of the Americas,"1185–1275 (radiocarbon date, 95.4% probability)",1185,1275,Overall: 60.4 x 95 cm (23 3/4 x 37 3/8 in.),CC0,https://openaccess-cdn.clevelandart.org/1952.233/1952.233_web.jpg,https://openaccess-cdn.clevelandart.org/1952.233/1952.233_print.jpg,1263,797,https://clevelandart.org/art/1952.233,,"This rare, dramatic object served as the back support of a litter carried by human porters, a mode of transport reserved for honored members of many societies without draft animals or wheeled vehicles. The simple, bold figures—perhaps a Chimú lord and four officials—all wear wide collars, tunics, and crescent headdresses that are either brightly painted or covered with golden but now-corroded shee"
123779,1944.291,Ornament with Figure,"Central Andes, Wari style",Jewelry,"shell, stone, and metal (silver?)",Art of the Americas,600–1000,600,1000,Overall: 6.6 x 3.6 cm (2 5/8 x 1 7/16 in.),CC0,https://openaccess-cdn.clevelandart.org/1944.291/1944.291_web.jpg,https://openaccess-cdn.clevelandart.org/1944.291/1944.291_print.jpg,809,893,https://clevelandart.org/art/1944.291,,"Affixed to a section of white shell is the image of a Wari dignitary, assembled of carefully carved mosaic elements. The purple and pink shapes are made of shell, while the green is serpentine. The spots on the figure's tunic are probably pyrite, which was originally smooth and reflective."
159722,1997.1,Figure in a Litter,"Wari (Pachacamac) style, Middle Horizon, Epoch 2",Ceramic,earthenware with colored slips,Art of the Americas,"500–900 (Thermoluminescence date, 590–1090)",500,900,Overall: 26.3 x 21.6 x 24.8 cm (10 3/8 x 8 1/2 x 9 3/4 in.),CC0,https://openaccess-cdn.clevelandart.org/1997.1/1997.1_web.jpg,https://openaccess-cdn.clevelandart.org/1997.1/1997.1_print.jpg,836,893,https://clevelandart.org/art/1997.1,,"Whether a deity, ancestral mummy, or masked human, this figure signals power. The divided eyes and fangs are traits of supernatural beings. The hands are cupped around holes that once perhaps held staffs, symbols of human and divine authority. And the litter was a mode of travel reserved for those of high station; the knobs refer to poles that rested on the shoulders of human bearers."
361651,2019.169,Cup with Four Faces,"Central Andes, Wari people",Stone,Stone with shell inlay,Art of the Americas,600–1000,600,1000,Overall: 9.5 x 9.2 cm (3 3/4 x 3 5/8 in.),CC0,https://openaccess-cdn.clevelandart.org/2019.169/2019.169_web.jpg,https://openaccess-cdn.clevelandart.org/2019.169/2019.169_print.jpg,900,847,https://clevelandart.org/art/2019.169,,"The identity of the four, wide-eyed faces on this cup is unknown. Equally mysterious is the cup’s function. It seems too small to be used for drinking beer at the feasts the Wari sponsored to put others in their debt. The size may suggest the cup was used in more intimate circumstances, perhaps to make libations to sacred forces that animated the ancient landscape."
169191,2011.112,Double-chambered Vessel with Figures and Camelid,"Andes, Chimú-Inka, late 15th - mid 16th century",Ceramic,ceramic,Art of the Americas,"1470–1532 (Thermoluminescence date, 1310–1610)",1470,1532,Overall: 20.4 x 22.9 cm (8 1/16 x 9 in.),CC0,https://openaccess-cdn.clevelandart.org/2011.112/2011.112_web.jpg,https://openaccess-cdn.clevelandart.org/2011.112/2011.112_print.jpg,1121,893,https://clevelandart.org/art/2011.112,,"Under the Chimú, ceramic seems to have been a less important artistic medium than for earlier north coast cultures. Accordingly, ceramics were mass-produced with molds and, rather than bearing painted scenes, often have an overall dark surface achieved by firing in a smoky atmosphere. The double-chambered vessel was made after the Inka conquered the Chimú in the 1460s."
169534,2011.36,Vessel with Litter Group,"Central Andes, central highlands, reportedly Wari Wilka, Wari style, 6th-10th century",Ceramic,ceramic and slip,Art of the Americas,600–1000,600,1000,Overall: 28 x 16 x 14 cm (11 x 6 5/16 x 5 1/2 in.),CC0,https://openaccess-cdn.clevelandart.org/2011.36/2011.36_web.jpg,https://openaccess-cdn.clevelandart.org/2011.36/2011.36_print.jpg,661,893,https://clevelandart.org/art/2011.36,,"The sculptural scene atop this vessel's chamber depicts four porters who carry a dignitary in a litter, a high-status mode of transport. Reportedly found at Wari Wilka, a highland water shrine, the vessel empties via a long channel that passes through the body of the dignitary."
367864,2019.166,Disk,"Central Andes, Lambayeque or Chimú people",Silver,Silver,Art of the Americas,850–1460,850,1460,Diameter: 34.4 cm (13 9/16 in.),CC0,https://openaccess-cdn.clevelandart.org/2019.166/2019.166_web.jpg,https://openaccess-cdn.clevelandart.org/2019.166/2019.166_print.jpg,900,878,https://clevelandart.org/art/2019.166,,"This disk belongs to a group of more than 20 similar disks pierced for attachment to a backing. The disks fall into four groups based on imagery. Here, each band features two alternating motifs: a human and a bird; a human and a zoomorphic creature; two geometric motifs, one filled with animals and the other with tiny birds; and two birds."
171590,2014.375,Sea Lion Pup Vessel,"Central Andes, North Coast, Moche people",Ceramic,ceramic and slip,Art of the Americas,200–850 CE,200,850,Overall: 19.7 x 15.5 x 16 cm (7 3/4 x 6 1/8 x 6 5/16 in.),CC0,https://openaccess-cdn.clevelandart.org/2014.375/2014.375_web.jpg,https://openaccess-cdn.clevelandart.org/2014.375/2014.375_print.jpg,811,900,https://clevelandart.org/art/2014.375,,"Sea lions commonly appear in Moche art as effigy vessels, like this appealing pup, or in complex scenes that often show them as the targets of human hunters. They may have been prized in part for the beach pebbles found in their stomachs; modern Peruvian folk healers consider such pebbles to have powerful medicinal qualities. Also, colonial-period natives believed that sea lions carried the dead t"
441847,2021.130,Square Bowl with Pampas Cats,"Central Andes, South Coast, Paracas",Ceramic,"Ceramic, post-fire paint",Art of the Americas,500–400 BCE,-500,-400,Overall: 9 x 18 x 17.5 cm (3 9/16 x 7 1/16 x 6 7/8 in.),CC0,https://openaccess-cdn.clevelandart.org/2021.130/2021.130_web.jpg,https://openaccess-cdn.clevelandart.org/2021.130/2021.130_print.jpg,900,602,https://clevelandart.org/art/2021.130,,"The Paracas often decorated their ceramics with geometricized representations of the native Pampas cat, a small, reclusive, wild feline that lives on the margins of agricultural fields, where it preys on the rodents and other pests that are a farmer’s bane. Thus, the ancients seem to have linked it to nature’s fertility and, by extension, human prosperity and continuity."
139699,1963.476,Kero (Waisted Cup),"Bolivia, Cochabamba(?), Tiwanaku style, 400-1000",Ceramic,earthenware with colored slips,Art of the Americas,400–1000,400,1000,Overall: 22.3 x 17 cm (8 3/4 x 6 11/16 in.),CC0,https://openaccess-cdn.clevelandart.org/1963.476/1963.476_web.jpg,https://openaccess-cdn.clevelandart.org/1963.476/1963.476_print.jpg,833,893,https://clevelandart.org/art/1963.476,,"The kero is a distinctive Tiwanaku vessel form, imitated by the later Inka, who used the cups in political and religious ceremonies. It is assumed that the same was true at Tiwanaku, where impressive stone figures, perhaps rulers, hold keros as though they are emblems of authority. Perhaps, like the Inka, the Tiwanaku used keros to drink chicha, a corn beer shared to cement bonds of mutual obligat"
168438,2010.210,Mother-and-Child? Vessel,"Central Andes, North Highlands, Recuay people",Sculpture,"ceramic, slip, pigment",Art of the Americas,1–700 CE,1,700,Overall: 20.4 x 15.3 x 15.3 cm (8 1/16 x 6 x 6 in.),CC0,https://openaccess-cdn.clevelandart.org/2010.210/2010.210_web.jpg,https://openaccess-cdn.clevelandart.org/2010.210/2010.210_print.jpg,806,893,https://clevelandart.org/art/2010.210,,"Well-dressed, important women like this one are depicted fairly often in Recuay art. These women hold a variety of things, ranging from cups that may refer to feasts held on important political occasions to small figures commonly interpreted as children, as here. These and other representations have led scholars to suggest that Recuay women held authority independent of their male partners; their "
456979,2022.37,Painted Drum,"Central Andes, Middle Horizon, North Coast?",Musical Instrument,"Animal hide, gesso, wooden slats, pigment",Art of the Americas,500–1000,500,1000,Overall: 27 x 28 x 12 cm (10 5/8 x 11 x 4 3/4 in.),CC0,https://openaccess-cdn.clevelandart.org/2022.37/2022.37_web.jpg,https://openaccess-cdn.clevelandart.org/2022.37/2022.37_print.jpg,900,767,https://clevelandart.org/art/2022.37,,"In the 1600s, music was so important to Indigenous Andean ceremonial life that Spaniards destroyed thousands of musical instruments to hasten Natives’ conversion to Christianity. The number of surviving, older instruments suggests that music had similar import in earlier periods. This rare example is painted with a figure wearing a crescent headdress, an emblem of status; it may have been played b"
294033,2017.55,Vessel with Reclining Figure and Birds,"Andes, north coast, Cupisnique style",Ceramic,"Ceramic, pigment (cinnabar?)",Art of the Americas,2200–200 BCE,-2200,-200,Overall: 14.3 x 14.9 cm (5 5/8 x 5 7/8 in.),CC0,https://openaccess-cdn.clevelandart.org/2017.55/2017.55_web.jpg,https://openaccess-cdn.clevelandart.org/2017.55/2017.55_print.jpg,893,900,https://clevelandart.org/art/2017.55,,This ceramic vessel features a supine human being pecked by two birds that perch on the vessel’s doughnut-shaped chamber. The identity of the apparently mythical creature modeled in low relief on the sides of the stirrup-shaped spout is unknown. Little can be said about meaning beyond pointing out an obvious reference to death.
441848,2021.131,Plate with Supernatural Being,"Central Andes, north coast, probably Jequetepeque Valley, Cupisnique people",Ceramic,stone (probably steatite [soapstone]),Art of the Americas,900–600 BCE,-900,-600,Overall: 4 x 16.4 cm (1 9/16 x 6 7/16 in.),CC0,https://openaccess-cdn.clevelandart.org/2021.131/2021.131_web.jpg,https://openaccess-cdn.clevelandart.org/2021.131/2021.131_print.jpg,900,845,https://clevelandart.org/art/2021.131,,"This plate is carved with a feline supernatural sacrificer who holds a severed human head in its clawed paws. The diagonal clusters of plant foliage at the figure’s shoulders and hips imply that death is tied to the earth’s fertility, one being a precondition for the other. The figure, therefore, may be an apotheosis of the life-death cycle."
168203,2009.9,Feline Vessel,"Central Andes, North Highlands, Recuay people",Ceramic,"ceramic, red and white slips, black pigment",Art of the Americas,1–700 CE,1,700,Overall: 20.3 x 10.1 x 15.2 cm (8 x 4 x 6 in.),CC0,https://openaccess-cdn.clevelandart.org/2009.9/2009.9_web.jpg,https://openaccess-cdn.clevelandart.org/2009.9/2009.9_print.jpg,779,893,https://clevelandart.org/art/2009.9,,"Recuay art is under-studied and it is difficult to know the meaning of the wonderfully stylized feline on whose head perches a small passenger that may be a coatimundi, a nosy, busy, racoon-like animal. Elsewhere in Recuay art, felines are shown as virile predators, making it likely that in general they were symbols of leadership. The feline is painted with white and red slips; after firing, a res"
108042,1925.667,Tapestry-woven Yoke from a Tunic,"Central Andes, North Central Coast, Moche-Wari Style",Textile,"camelid fiber and cotton, tapestry weave",Textiles,800–1200?,800,1200,Overall: 64.8 x 102.8 cm (25 1/2 x 40 1/2 in.); Mounted: 69.2 x 108 cm (27 1/4 x 42 1/2 in.),CC0,https://openaccess-cdn.clevelandart.org/1925.667/1925.667_web.jpg,https://openaccess-cdn.clevelandart.org/1925.667/1925.667_print.jpg,900,575,https://clevelandart.org/art/1925.667,,"This fragment comes from the upper area of a tunic, with thick embroidery defining remnants of the neck opening. In the rectangular area on the chest are two similar long-tailed creatures rendered in a highly geometric style. Each is rotated 90 degrees, so their tails are parallel to the bottom edge. The cloven hooves on their upper legs may identify the creatures as deer or Andean camelids, such "
165697,2008.1,Deer-Headed Figure Vessel,"Central Andes, North Coast, Moche people",Vessels,"ceramic, slip",Art of the Americas,200–850 CE,200,850,Overall: 26.5 x 14 x 25.5 cm (10 7/16 x 5 1/2 x 10 1/16 in.),CC0,https://openaccess-cdn.clevelandart.org/2008.1/2008.1_web.jpg,https://openaccess-cdn.clevelandart.org/2008.1/2008.1_print.jpg,627,893,https://clevelandart.org/art/2008.1,,"Moche imagery includes an intriguing world of creatures that mingle traits from different realms: beans sprout human legs and race up a spout, jars leap with human feet to pour themselves, and animals wield weapons in two hands. This figure, with a stag’s head but a human’s body, is an example. He is engaged in a coca-leaf chewing ritual and thus holds a bag for the leaves along with a container
"
169523,2011.35,Bag with Human Face,"Andes, Wari, Middle Horizon, 6th-10th century",Mixed Media,"alpaca or llama hide, human hair, pigment, cotton; coca leaf contents",Art of the Americas,600–1000,600,1000,Overall: 26.7 x 23.2 cm (10 1/2 x 9 1/8 in.); Bag: 26 cm (10 1/4 in.),CC0,https://openaccess-cdn.clevelandart.org/2011.35/2011.35_web.jpg,https://openaccess-cdn.clevelandart.org/2011.35/2011.35_print.jpg,637,893,https://clevelandart.org/art/2011.35,,"The face on this bag is decorated with geometric designs that also appear on Wari warrior representations; the circles on the panel beneath the face may refer to an elite tunic made of tie-dyed cloth. The bag was used to carry coca leaves, which in the past and today have important practical and religious purposes in the Andes. Chewing the leaves during physical exertion improves stamina; when use"
119653,1940.495,Feathered Panel,"Andes, 7th-15th century",Textile,"feather ""mosaic"": feathers sewed on coarse cotton cloth",Textiles,600–1500,600,1500,Average: 40.7 x 122 cm (16 x 48 1/16 in.),CC0,https://openaccess-cdn.clevelandart.org/1940.495/1940.495_web.jpg,https://openaccess-cdn.clevelandart.org/1940.495/1940.495_print.jpg,1263,447,https://clevelandart.org/art/1940.495,,
155861,1991.164,Plaque,"Argentina, La Aguada",Metalwork,bronze,Art of the Americas,600–900,600,900,Overall: 12.8 x 14 cm (5 1/16 x 5 1/2 in.),CC0,https://openaccess-cdn.clevelandart.org/1991.164/1991.164_web.jpg,https://openaccess-cdn.clevelandart.org/1991.164/1991.164_print.jpg,1002,893,https://clevelandart.org/art/1991.164,,"In the center of this plaque is a frontal human figure, wearing a cross-hatched shirt; a geometrically patterned robe; and a tall, conical helmet. He is flanked by spotted felines with long, curling tails, positioned above fields of patterning. The plaque belongs to a group of about ten closely similar pieces that constitutes the artistic high point of metallurgy in the southern Andes."
108043,1925.668,Tunic (Shirt) with Tapestry-woven Yoke,"Central Andes, Northern Central Coast",Textile,"camelid fiber and cotton; tapestry-weave yoke and chest plaque, plain-weave body",Textiles,650–850,650,850,Overall: 71.1 x 100 cm (28 x 39 3/8 in.); Mounted: 86.4 x 116.8 cm (34 x 46 in.),CC0,https://openaccess-cdn.clevelandart.org/1925.668/1925.668_web.jpg,https://openaccess-cdn.clevelandart.org/1925.668/1925.668_print.jpg,1251,893,https://clevelandart.org/art/1925.668,,"Likely an item of men’s wear, this tunic exhibits a variety of motifs. The upper panels feature an especially pronounced triangular pattern. The rectangle at the center of the chest displays a repeated frontal figure that stands out for its relatively large size and more rounded style. The surrounding elements are more right-angled, including the small figures in flanking positions and the birds i"
173180,1915.684,The Monastery of San Pedro (Our Lady of the Snows),America,Painting,oil on canvas,American Painting and Sculpture,1879,1879,1879,Unframed: 118.8 x 183.2 cm (46 3/4 x 72 1/8 in.),CC0,https://openaccess-cdn.clevelandart.org/1915.684/1915.684_web.jpg,https://openaccess-cdn.clevelandart.org/1915.684/1915.684_print.jpg,1263,812,https://clevelandart.org/art/1915.684,"Frederic Edwin Church (American, 1826–1900)","Although the location that inspired the painting has been subject to scholarly debate, many believe it derives from Church’s travels through the Ecuadorean Andes nearly a quarter century earlier. The composition reads as an allegory of spiritual salvation: perched atop a dramatic cliff, a brilliantly backlit monastery overlooks a shadowed foreground where a solitary figure navigates a rugged path."
171611,2014.389,Band (Headband?),"Central Andes, Moche-Wari Style, mid-7th to mid-9th century",Textile,Camelid fiber (alpaca; weft) and cotton (warp); tapestry weave,Textiles,c. 650–850,650,850,Overall: 59.4 x 10.8 x 8.3 cm (23 3/8 x 4 1/4 x 3 1/4 in.),CC0,https://openaccess-cdn.clevelandart.org/2014.389/2014.389_web.jpg,https://openaccess-cdn.clevelandart.org/2014.389/2014.389_print.jpg,900,428,https://clevelandart.org/art/2014.389,,"This jewel-like textile, perhaps the only one of its kind, is made from a single band accordion-folded to form tabs, each edged with lush red tassels. Repeated in different colors down its length is the image of a warrior who holds an axe in one hand and a jagged, club-like object in the other. The reversed orientation of several of the warriors may be the result of the weaving method."
292530,2016.267,Tunic with Frontal Figures,"Central Andes, Central Coast, Ychsma (Pachacamac) people",Textile,Cotton; slit tapestry weave,Textiles,1400–1532,1400,1532,neck edge to hem: 46.7 cm (18 3/8 in.); width across shoulders: 81.9 cm (32 1/4 in.),CC0,https://openaccess-cdn.clevelandart.org/2016.267/2016.267_web.jpg,https://openaccess-cdn.clevelandart.org/2016.267/2016.267_print.jpg,900,592,https://clevelandart.org/art/2016.267,,"This tunic was made by weavers of the Ychsma (<strong><em>yeach</em></strong><em>-mah</em>) people, who were affiliated with Pachacamac, a vast religious center that housed an oracle. The figures repeated across its composition may represent important ancestors or high-ranking members of society. The tunic likely dates to the period after the Inka Empire conquered Ychsma coastal territory, eventua"
160142,1998.1,Animal-Headed Figure Pendant,"Panama, Veraguas or Parita style, c. 1000-1550",Metalwork,cast gold,Art of the Americas,c. 1000–1550,1000,1550,Overall: 10.5 x 9.8 x 2 cm (4 1/8 x 3 7/8 x 13/16 in.),CC0,https://openaccess-cdn.clevelandart.org/1998.1/1998.1_web.jpg,https://openaccess-cdn.clevelandart.org/1998.1/1998.1_print.jpg,719,893,https://clevelandart.org/art/1998.1,,"The culture area that extends from southern Central America to northern South America is generally referred to as the Intermediate Region because of its location between the two high culture zones of Mesoamerica and the central Andes. Research to date indicates that the pre-Columbian peoples of the Intermediate Region were organized into small, competitive chiefdoms, rather than large-scale states"
164429,2005.53.a,Half of a Sleeved Tunic,"Central Andes, Middle Horizon, Wari, 6th-11th century",Textile,single-interlocked tapestry; cotton warp; camelid fiber weft,Textiles,c. 500–1000,500,1000,Overall: 88.6 x 101.9 cm (34 7/8 x 40 1/8 in.),CC0,https://openaccess-cdn.clevelandart.org/2005.53.a/2005.53.a_web.jpg,https://openaccess-cdn.clevelandart.org/2005.53.a/2005.53.a_print.jpg,539,900,https://clevelandart.org/art/2005.53.a,,"The bird-headed creature in profile that repeats in each of this tunic's design fields gazes upward, holds a staff of authority in front of its body, and wears an ornate headdress behind which a three-feathered wing can be seen. The extremely high technical quality of such tunics suggests that the Wari reserved bird imagery for their most exalted rulers. Here, the original incorporated more than t"
135408,1958.412,Feathered Tabard or Tunic,"Andes, 7th-15th century",Textile,feather mosaic on cotton,Textiles,600–1500,600,1500,Average: 102.9 x 101.6 cm (40 1/2 x 40 in.),CC0,https://openaccess-cdn.clevelandart.org/1958.412/1958.412_web.jpg,https://openaccess-cdn.clevelandart.org/1958.412/1958.412_print.jpg,873,893,https://clevelandart.org/art/1958.412,,
164428,2005.53,Tunic Fragments with Bird-Headed Creature,"Central Andes, Middle Horizon, Wari, 6th-11th century",Textile,"Camelid fiber, cotton; tapestry weave",Textiles,600–1000,600,1000,Overall: 88.6 x 101.9 cm (34 7/8 x 40 1/8 in.),CC0,https://openaccess-cdn.clevelandart.org/2005.53/2005.53_web.jpg,https://openaccess-cdn.clevelandart.org/2005.53/2005.53_print.jpg,900,750,https://clevelandart.org/art/2005.53,,"The bird-headed creature in profile that repeats in each of this tunic's design fields gazes upward, holds a staff of authority in front of its body, and wears an ornate headdress behind which a three-feathered wing can be seen. The extremely high technical quality of such tunics suggests that the Wari reserved bird imagery for their most exalted rulers. Here, the original incorporated more than t"
156248,1992.104,Feathered Tabard or Tunic,"Andes, 7th-15th century",Textile,black and white feathers sewn to cotton tabby ground,Textiles,600–1500,600,1500,Overall: 94.3 x 63.7 cm (37 1/8 x 25 1/16 in.),CC0,https://openaccess-cdn.clevelandart.org/1992.104/1992.104_web.jpg,https://openaccess-cdn.clevelandart.org/1992.104/1992.104_print.jpg,1263,855,https://clevelandart.org/art/1992.104,,
164430,2005.53.b,Half of a Sleeved Tunic,"Central Andes, Middle Horizon, Wari, 6th-11th century",Textile,single-interlocked tapestry; cotton warp; camelid fiber weft,Textiles,c. 500–1000,500,1000,Overall: 88.6 x 101.9 cm (34 7/8 x 40 1/8 in.),CC0,https://openaccess-cdn.clevelandart.org/2005.53.b/2005.53.b_web.jpg,https://openaccess-cdn.clevelandart.org/2005.53.b/2005.53.b_print.jpg,543,900,https://clevelandart.org/art/2005.53.b,,"The bird-headed creature in profile that repeats in each of this tunic's design fields gazes upward, holds a staff of authority in front of its body, and wears an ornate headdress behind which a three-feathered wing can be seen. The extremely high technical quality of such tunics suggests that the Wari reserved bird imagery for their most exalted rulers. Here, the original incorporated more than t"
156260,1992.105,Feathered Tabard or Tunic,"Andes, 7th-15th century",Textile,polychrome feathers sewn to cotton tabby ground,Textiles,600–1500,600,1500,Overall: 98 x 53 cm (38 9/16 x 20 7/8 in.),CC0,https://openaccess-cdn.clevelandart.org/1992.105/1992.105_web.jpg,https://openaccess-cdn.clevelandart.org/1992.105/1992.105_print.jpg,1263,688,https://clevelandart.org/art/1992.105,,
119654,1940.496,Band,"Peru, Central Coast?, Lima?, Early Horizon?",Textile,warp-faced weave: llama wool,Textiles,c. 600–400 BCE,-600,-400,Average: 451.9 x 3.2 cm (177 15/16 x 1 1/4 in.),CC0,https://openaccess-cdn.clevelandart.org/1940.496/1940.496_web.jpg,https://openaccess-cdn.clevelandart.org/1940.496/1940.496_print.jpg,398,900,https://clevelandart.org/art/1940.496,,
132125,1954.68,Lower Border of a Garment,"Central Andes, North Coast, Chimú or Lambayeque (Sican) People",Textile,tapestry; wool and cotton,Textiles,1000–1470s,1000,1479,Overall: 9.2 x 135.9 cm (3 5/8 x 53 1/2 in.),CC0,https://openaccess-cdn.clevelandart.org/1954.68/1954.68_web.jpg,https://openaccess-cdn.clevelandart.org/1954.68/1954.68_print.jpg,900,94,https://clevelandart.org/art/1954.68,,
125228,1947.191,Pouch (Bolsa),"Bolivia, Choclla, early 20th century",Textile,wool,Textiles,c. 1900,1895,1905,Overall: 26.7 x 31.2 cm (10 1/2 x 12 5/16 in.),CC0,https://openaccess-cdn.clevelandart.org/1947.191/1947.191_web.jpg,https://openaccess-cdn.clevelandart.org/1947.191/1947.191_print.jpg,613,893,https://clevelandart.org/art/1947.191,,
125227,1947.190,Pouch (Bolsa),"Bolivia, Haurina, late 19th century",Textile,wool with glass beads and sequins,Textiles,late 1800s,1890,1899,Overall: 25.5 x 36.3 cm (10 1/16 x 14 5/16 in.),CC0,https://openaccess-cdn.clevelandart.org/1947.190/1947.190_web.jpg,https://openaccess-cdn.clevelandart.org/1947.190/1947.190_print.jpg,692,893,https://clevelandart.org/art/1947.190,,
125225,1947.189,Warp Patterned Cloth,"Bolivia, Salinas, late 19th century",Textile,wool,Textiles,late 1800s,1890,1899,Overall: 110.5 x 101.6 cm (43 1/2 x 40 in.),CC0,https://openaccess-cdn.clevelandart.org/1947.189/1947.189_web.jpg,https://openaccess-cdn.clevelandart.org/1947.189/1947.189_print.jpg,843,900,https://clevelandart.org/art/1947.189,,
104248,1922.396.b,Three Fragments of a Border,"Peru, Central Coast, Chancay, 12th-15th century",Textile,"tabby with inset border of fancy twill, brocaded; cotton and wool",Textiles,c. 1100–1400,1100,1400,Part 2: 11.8 x 45.4 cm (4 5/8 x 17 7/8 in.),CC0,https://openaccess-cdn.clevelandart.org/1922.396.b/1922.396.b_web.jpg,https://openaccess-cdn.clevelandart.org/1922.396.b/1922.396.b_print.jpg,900,336,https://clevelandart.org/art/1922.396.b,,
128454,1951.393,Half Tunic,"Peru, South Coast, Inca Culture, Colonial Period, 16th century",Textile,interlocked tapestry; cotton and wool,Textiles,16th century,1500,1599,Overall: 92.7 x 72.1 cm (36 1/2 x 28 3/8 in.),CC0,https://openaccess-cdn.clevelandart.org/1951.393/1951.393_web.jpg,https://openaccess-cdn.clevelandart.org/1951.393/1951.393_print.jpg,725,893,https://clevelandart.org/art/1951.393,,"The ""t'oqapu"" waistband and the deep V-yoke were standard decorations of Inca tunics. However, the fantastic animals represented in the yoke and the floral motifs in the main field identify this tunic as dating after the Spanish Conquest in 1532."
294034,2017.56,Textile Fragment with Cotton Goddess,"Andes, south coast, Ica Valley?, Chavín style",Textile,"Cotton, pigments",Textiles,800–500 BCE,-800,-500,Overall: 34.3 x 36.2 cm (13 1/2 x 14 1/4 in.); Mounted: 39.1 x 41.3 cm (15 3/8 x 16 1/4 in.),CC0,https://openaccess-cdn.clevelandart.org/2017.56/2017.56_web.jpg,https://openaccess-cdn.clevelandart.org/2017.56/2017.56_print.jpg,900,831,https://clevelandart.org/art/2017.56,,"The figure painted on this fragment represents a female deity with a large, fanged mouth. Further fanged heads occur on the chest, legs, feet, waist, and staffs of authority she holds. Edging both the staffs and the top of the head are white cotton bolls that have caused the deity to be dubbed the Cotton Goddess and associated with nature’s fertility."
