source,source_id,file,title,object_type,medium,culture,horizon,horizon_begin,horizon_end,region,attribution_uncertain,provenance_raw,date_raw,date_begin,date_end,width,height,megapixels,bytes,license,url
met,17704,data/raw/met/images/met_17704.jpg,Belt fragment,"Belt, fragment",woven,no determinada,no determinado,,,no determinada,False,Peruvian Peru,17th century,1600,1700,2000,648,1.3,450294,CC0 (dominio publico),https://www.metmuseum.org/art/collection/search/17704
met,21676,data/raw/met/images/met_21676.jpg,Shawl,Shawl,"Silk, cotton",no determinada,no determinado,,,no determinada,False,Peruvian Peru Chiclayo,18th century,1700,1800,4000,1753,7.01,2765925,CC0 (dominio publico),https://www.metmuseum.org/art/collection/search/21676
met,21677,data/raw/met/images/met_21677.jpg,Shawl (fragment),Shawl,Cotton,no determinada,no determinado,,,no determinada,False,Peruvian Peru Chiclayo,18th century,1700,1799,1898,2000,3.8,3309743,CC0 (dominio publico),https://www.metmuseum.org/art/collection/search/21677
met,21678,data/raw/met/images/met_21678.jpg,Shawl (fragment),Shawl,Cotton,no determinada,no determinado,,,no determinada,False,Peru Chiclayo,18th century,1700,1800,1068,2000,2.14,1959081,CC0 (dominio publico),https://www.metmuseum.org/art/collection/search/21678
met,90286,data/raw/met/images/met_90286.jpg,Mantle pin (ttipqui),Metal-Ornaments,"Silver, paste",no determinada,no determinado,,,no determinada,False,Peruvian Peru,19th century,1800,1899,242,728,0.18,35885,CC0 (dominio publico),https://www.metmuseum.org/art/collection/search/90286
met,126662,data/raw/met/images/met_126662.jpg,Ensemble,Ensemble,"silk, cotton, rayon (probably)",no determinada,no determinado,,,no determinada,False,Peruvian,1830–40,1830,1840,1920,1814,3.48,280418,CC0 (dominio publico),https://www.metmuseum.org/art/collection/search/126662
met,126673,data/raw/met/images/met_126673.jpg,Pin (ttipqui),Metal-Ornaments,"Silver, glass",no determinada,no determinado,,,no determinada,False,Peruvian Peru,19th century,1800,1899,1737,4000,6.95,984054,CC0 (dominio publico),https://www.metmuseum.org/art/collection/search/126673
met,141764,data/raw/met/images/met_141764.jpg,Necklace,Necklace,"gold, cotton",chimu,Intermedio Tardio,900,1470,no determinada,False,Indigenous American (Chimu peoples),800–1400 CE,800,1400,696,625,0.43,53622,CC0 (dominio publico),https://www.metmuseum.org/art/collection/search/141764
met,141765,data/raw/met/images/met_141765.jpg,Necklace,Necklace,"metal, cotton",chimu,Intermedio Tardio,900,1470,no determinada,False,Indigenous American (Chimu peoples),800–1400 CE,800,1400,576,728,0.42,46044,CC0 (dominio publico),https://www.metmuseum.org/art/collection/search/141765
met,214310,data/raw/met/images/met_214310.jpg,Woman's wedding mantle (lliclla) with interlace and tocapu design,Mantle,"Tapestry weave, cotton warp and camelid weft",no determinada,no determinado,,,no determinada,False,Peruvian Peru,late 16th–early 17th century,1585,1615,1953,1744,3.41,3165185,CC0 (dominio publico),https://www.metmuseum.org/art/collection/search/214310
met,215296,data/raw/met/images/met_215296.jpg,Band,Band,Drawnwork,no determinada,no determinado,,,no determinada,False,Peruvian Peru,18th century,1700,1799,680,190,0.13,56819,CC0 (dominio publico),https://www.metmuseum.org/art/collection/search/215296
met,217394,data/raw/met/images/met_217394.jpg,Piece,Textiles-Woven,Linen and wool,no determinada,no determinado,,,no determinada,False,,16th–17th century,1500,1699,1433,2961,4.24,1766049,CC0 (dominio publico),https://www.metmuseum.org/art/collection/search/217394
met,219915,data/raw/met/images/met_219915.jpg,Cover with Unicorns,Textiles-Woven,Cotton and bast fibers,no determinada,no determinado,,,no determinada,False,,16th century,1500,1599,784,1964,1.54,1656521,CC0 (dominio publico),https://www.metmuseum.org/art/collection/search/219915
met,219973,data/raw/met/images/met_219973.jpg,Cover,Textiles-Woven,Linen and cotton,no determinada,no determinado,,,no determinada,False,,15th–16th century,1400,1524,4000,1064,4.26,1876331,CC0 (dominio publico),https://www.metmuseum.org/art/collection/search/219973
met,221572,data/raw/met/images/met_221572.jpg,Towel,Textiles-Woven,Linen,no determinada,no determinado,,,no determinada,False,,19th century,1800,1899,2137,2889,6.17,2818122,CC0 (dominio publico),https://www.metmuseum.org/art/collection/search/221572
met,222602,data/raw/met/images/met_222602.jpg,Cover,Textiles-Woven,Linen and cotton,no determinada,no determinado,,,no determinada,False,,15th century,1400,1499,2513,3865,9.71,3487407,CC0 (dominio publico),https://www.metmuseum.org/art/collection/search/222602
met,227918,data/raw/met/images/met_227918.jpg,Tapestry with figurative scenes,Tapestry,"Tapestry weave, cotton warp and camelid weft; ca. 27 ribs to one inch",no determinada,no determinado,,,no determinada,False,Peruvian Peru,17th century,1600,1699,1857,2000,3.71,4105778,CC0 (dominio publico),https://www.metmuseum.org/art/collection/search/227918
met,228931,data/raw/met/images/met_228931.jpg,Square,Square,Silk and wool (ca. 27 ribs to one inch),no determinada,no determinado,,,no determinada,False,Peruvian Peru,16th century,1500,1599,2273,2297,5.22,2391913,CC0 (dominio publico),https://www.metmuseum.org/art/collection/search/228931
met,229454,data/raw/met/images/met_229454.jpg,Towel,Textiles-Woven,Linen and cotton,no determinada,no determinado,,,no determinada,False,,15th–16th century,1400,1599,1137,2937,3.34,1524776,CC0 (dominio publico),https://www.metmuseum.org/art/collection/search/229454
met,229455,data/raw/met/images/met_229455.jpg,Towels,Textiles-Woven,Linen and cotton,no determinada,no determinado,,,no determinada,False,,15th–16th century,1400,1599,1913,2705,5.17,2183322,CC0 (dominio publico),https://www.metmuseum.org/art/collection/search/229455
met,229456,data/raw/met/images/met_229456.jpg,Towel,Textiles-Woven,Linen and cotton,no determinada,no determinado,,,no determinada,False,,15th–16th century,1400,1599,1105,2904,3.21,1393402,CC0 (dominio publico),https://www.metmuseum.org/art/collection/search/229456
met,230938,data/raw/met/images/met_230938.jpg,Seat cover,Upholstery panel,"Tapestry weave, cotton warp and camelid hair, silver gilt, and silk weft",no determinada,no determinado,,,no determinada,True,Peruvian Peru,late 17th–early 18th century (?),1685,1715,1866,2000,3.73,3631892,CC0 (dominio publico),https://www.metmuseum.org/art/collection/search/230938
met,307447,data/raw/met/images/met_307447.jpg,Border Fragment,Textiles-Woven,"Camelid hair, cotton",no determinada,no determinado,,,costa central,True,Peruvian; central coast (?) Peru,10th–15th century,900,1500,673,555,0.37,99249,CC0 (dominio publico),https://www.metmuseum.org/art/collection/search/307447
met,307448,data/raw/met/images/met_307448.jpg,Tunic,Textiles-Woven,"Camelid hair, cotton",chimu,Intermedio Tardio,900,1470,no determinada,False,Chimú Peru,12th–15th century,1100,1500,1845,1312,2.42,822936,CC0 (dominio publico),https://www.metmuseum.org/art/collection/search/307448
met,307449,data/raw/met/images/met_307449.jpg,Bag,Textiles-Woven,Cotton,inca,Horizonte Tardio,1400,1533,no determinada,False,Inca Peru,15th–16th century,1400,1600,2885,4000,11.54,3137432,CC0 (dominio publico),https://www.metmuseum.org/art/collection/search/307449
met,307450,data/raw/met/images/met_307450.jpg,"Textile Fragment, Figure",Textiles-Woven,"Cotton, camelid hair",sican,Intermedio Tardio,800,1350,costa norte,False,Lambayeque (Sicán) Peru,9th–13th century,800,1300,2649,4000,10.6,5927327,CC0 (dominio publico),https://www.metmuseum.org/art/collection/search/307450
met,307451,data/raw/met/images/met_307451.jpg,"Textile Fragment, Figures",Textiles-Woven,"Camelid hair, cotton",no determinada,no determinado,,,costa central,True,Peruvian; central coast (?) Peru,10th–15th century,900,1500,3917,3190,12.5,3731408,CC0 (dominio publico),https://www.metmuseum.org/art/collection/search/307451
met,307452,data/raw/met/images/met_307452.jpg,"Textile Fragment, Figure",Textiles-Woven,"Camelid hair, cotton",sican,Intermedio Tardio,800,1350,costa norte,False,Lambayeque (Sicán) Peru,9th–13th century,800,1300,2649,4000,10.6,6505259,CC0 (dominio publico),https://www.metmuseum.org/art/collection/search/307452
met,307454,data/raw/met/images/met_307454.jpg,Band Fragment,Textiles-Woven,Camelid hair,chimu,Intermedio Tardio,900,1470,no determinada,True,Chimú (?) Peru,10th–15th century,900,1500,1872,405,0.76,123468,CC0 (dominio publico),https://www.metmuseum.org/art/collection/search/307454
met,307455,data/raw/met/images/met_307455.jpg,Border Fragment,Textiles-Woven,"Camelid hair, cotton",no determinada,no determinado,,,costa central,True,Peruvian; central coast (?) Peru,10th–15th century,900,1500,1926,1449,2.79,736504,CC0 (dominio publico),https://www.metmuseum.org/art/collection/search/307455
met,307456,data/raw/met/images/met_307456.jpg,Border Fragment,Textiles-Woven,"Camelid hair, cotton
",no determinada,no determinado,,,costa central,True,Peruvian; central coast (?) Peru,10th–15th century,900,1500,1980,846,1.68,274305,CC0 (dominio publico),https://www.metmuseum.org/art/collection/search/307456
met,307457,data/raw/met/images/met_307457.jpg,Border Fragment,Textiles-Woven,"Camelid hair, cotton",no determinada,no determinado,,,costa central,True,Peruvian; central coast (?) Peru,10th–15th century,900,1500,1962,621,1.22,306570,CC0 (dominio publico),https://www.metmuseum.org/art/collection/search/307457
met,307458,data/raw/met/images/met_307458.jpg,Band Fragment,Textiles-Woven,Camelid hair,no determinada,no determinado,,,costa central,True,Peruvian; central coast (?) Peru,10th–15th century,900,1500,486,1890,0.92,276038,CC0 (dominio publico),https://www.metmuseum.org/art/collection/search/307458
met,307459,data/raw/met/images/met_307459.jpg,Panel,Textiles-Woven,Cotton,no determinada,no determinado,,,costa central,True,Peruvian; central coast (?) Peru,10th–15th century,900,1500,2943,4000,11.77,4292907,CC0 (dominio publico),https://www.metmuseum.org/art/collection/search/307459
met,307460,data/raw/met/images/met_307460.jpg,Border Fragment,Textiles-Woven,"Camelid hair, cotton",no determinada,no determinado,,,costa central,True,Peruvian; central coast (?) Peru,10th–15th century,900,1500,1854,1134,2.1,578644,CC0 (dominio publico),https://www.metmuseum.org/art/collection/search/307460
met,307461,data/raw/met/images/met_307461.jpg,Textile ornament,Metal-Ornaments,Gold,ica,Intermedio Tardio,1000,1470,no determinada,False,Ica Peru,11th–15th century,1000,1500,1146,1370,1.57,236664,CC0 (dominio publico),https://www.metmuseum.org/art/collection/search/307461
met,307462,data/raw/met/images/met_307462.jpg,Textile ornament,Metal-Ornaments,Gold,ica,Intermedio Tardio,1000,1470,no determinada,False,Ica Peru,11th–15th century,1000,1500,1146,1370,1.57,210023,CC0 (dominio publico),https://www.metmuseum.org/art/collection/search/307462
met,307463,data/raw/met/images/met_307463.jpg,Textile ornament,Metal-Ornaments,Gold,ica,Intermedio Tardio,1000,1470,no determinada,False,Ica Peru,11th–15th century,1000,1500,1146,1370,1.57,210023,CC0 (dominio publico),https://www.metmuseum.org/art/collection/search/307463
met,307464,data/raw/met/images/met_307464.jpg,Textile ornament,Metal-Ornaments,Gold,ica,Intermedio Tardio,1000,1470,no determinada,False,Ica Peru,11th–15th century,1000,1500,1146,1370,1.57,210023,CC0 (dominio publico),https://www.metmuseum.org/art/collection/search/307464
met,307465,data/raw/met/images/met_307465.jpg,"Textile ornaments, Corn Plants",Metal-Ornaments,Gold,ica,Intermedio Tardio,1000,1470,no determinada,False,Ica Peru,11th–15th century,1000,1500,1146,1370,1.57,210023,CC0 (dominio publico),https://www.metmuseum.org/art/collection/search/307465
met,307471,data/raw/met/images/met_307471.jpg,Border Fragment,Textiles-Woven,"Camelid hair, cotton",chimu,Intermedio Tardio,900,1470,no determinada,True,Chimú (?) Peru,10th–15th century,900,1500,1791,1593,2.85,889844,CC0 (dominio publico),https://www.metmuseum.org/art/collection/search/307471
met,307623,data/raw/met/images/met_307623.JPG,Textile Ornament,Metal-Ornaments,Silver,chimu,Intermedio Tardio,900,1470,no determinada,False,Chimú Peru,14th–15th century,1300,1500,2316,2264,5.24,517308,CC0 (dominio publico),https://www.metmuseum.org/art/collection/search/307623
met,307624,data/raw/met/images/met_307624.JPG,Textile Ornament,Metal-Ornaments,Silver,chimu,Intermedio Tardio,900,1470,no determinada,True,Chimú (?) Peru,14th–15th century,1300,1500,2552,2020,5.16,478225,CC0 (dominio publico),https://www.metmuseum.org/art/collection/search/307624
met,307674,data/raw/met/images/met_307674.jpg,Panel with Face,Textiles-Woven,"Cotton, camelid hair",wari,Horizonte Medio,600,1000,no determinada,False,Wari Peru,7th–12th century,600,1200,1008,963,0.97,277239,CC0 (dominio publico),https://www.metmuseum.org/art/collection/search/307674
met,307675,data/raw/met/images/met_307675.jpg,Panel,Textiles-Woven,"Cotton, camelid hair",wari,Horizonte Medio,600,1000,no determinada,False,Wari Peru,7th–12th century,600,1200,1008,900,0.91,272397,CC0 (dominio publico),https://www.metmuseum.org/art/collection/search/307675
met,307676,data/raw/met/images/met_307676.jpg,Border Fragment,Textiles-Trimmings,"Camelid hair, cotton",paracas,Horizonte Temprano,-800,100,costa sur,False,Paracas Peru,1st century BCE–2nd century CE,-100,200,804,4000,3.22,1301448,CC0 (dominio publico),https://www.metmuseum.org/art/collection/search/307676
met,307677,data/raw/met/images/met_307677.jpg,Embroidered Mantle Fragment,Textiles-Woven,Camelid hair,paracas,Horizonte Temprano,-800,100,costa sur,False,Paracas Peru,5th–2nd century BCE,-500,-100,1557,1989,3.1,1086856,CC0 (dominio publico),https://www.metmuseum.org/art/collection/search/307677
met,307678,data/raw/met/images/met_307678.jpg,Embroidered Mantle Fragment,Textiles-Woven,"Camelid hair, cotton",paracas,Horizonte Temprano,-800,100,costa sur,False,Paracas Peru,3rd–2nd century BCE,-300,-100,1656,1782,2.95,982591,CC0 (dominio publico),https://www.metmuseum.org/art/collection/search/307678
met,307679,data/raw/met/images/met_307679.jpg,Embroidered Mantle Fragment,Textiles-Woven,Camelid hair,paracas,Horizonte Temprano,-800,100,costa sur,False,Paracas Peru,5th–2nd century BCE,-500,-100,1557,1989,3.1,1142529,CC0 (dominio publico),https://www.metmuseum.org/art/collection/search/307679
met,307680,data/raw/met/images/met_307680.jpg,Embroidered Mantle Fragment,Textiles-Woven,"Camelid hair, cotton",paracas,Horizonte Temprano,-800,100,costa sur,False,Paracas Peru,3rd–2nd century BCE,-300,-100,1737,1782,3.1,1069722,CC0 (dominio publico),https://www.metmuseum.org/art/collection/search/307680
met,307681,data/raw/met/images/met_307681.jpg,Tunic Fragment,Textiles-Woven,"Cotton, camelid hair",wari,Horizonte Medio,600,1000,no determinada,False,Wari Peru,7th–9th century,600,900,680,324,0.22,54922,CC0 (dominio publico),https://www.metmuseum.org/art/collection/search/307681
met,307682,data/raw/met/images/met_307682.jpg,Embroidered Border Fragment,Textiles-Woven,Camelid hair,paracas,Horizonte Temprano,-800,100,costa sur,False,Paracas Peru,5th–2nd century BCE,-500,-100,835,4000,3.34,1421598,CC0 (dominio publico),https://www.metmuseum.org/art/collection/search/307682
met,307683,data/raw/met/images/met_307683.jpg,Embroidered Mantle Fragment,Textiles-Woven,Camelid hair,paracas,Horizonte Temprano,-800,100,costa sur,False,Paracas Peru,5th–2nd century BCE,-500,-100,2272,1704,3.87,781729,CC0 (dominio publico),https://www.metmuseum.org/art/collection/search/307683
met,307684,data/raw/met/images/met_307684.jpg,Tapestry Fragment,Textiles-Woven,"Camelid hair, cotton",chimu,Intermedio Tardio,900,1470,no determinada,False,Chimú Peru,12th–15th century,1100,1500,2857,2193,6.27,2533945,CC0 (dominio publico),https://www.metmuseum.org/art/collection/search/307684
met,307685,data/raw/met/images/met_307685.jpg,Tapestry Fragment,Textiles-Woven,Camelid hair,no determinada,no determinado,,,costa central,True,Peru; central coast (?) Peru,10th–15th century,900,1500,1905,2929,5.58,2143115,CC0 (dominio publico),https://www.metmuseum.org/art/collection/search/307685
met,307798,data/raw/met/images/met_307798.jpg,Band Fragment,Textiles-Woven,"Camelid hair, cotton",no determinada,no determinado,,,costa central,True,Peruvian; central coast (?) Peru,10th–15th century,900,1500,1899,704,1.34,303457,CC0 (dominio publico),https://www.metmuseum.org/art/collection/search/307798
met,307799,data/raw/met/images/met_307799.jpg,Band Fragment,Textiles-Woven,"Camelid hair, cotton",no determinada,no determinado,,,costa central,True,Peru; central coast (?) Peru,10th–15th century,900,1500,297,1935,0.57,139496,CC0 (dominio publico),https://www.metmuseum.org/art/collection/search/307799
met,307800,data/raw/met/images/met_307800.jpg,Border Fragment,Textiles-Woven,Camelid hair,chimu,Intermedio Tardio,900,1470,no determinada,True,Chimú (?) Peru,10th–15th century,900,1500,764,575,0.44,148907,CC0 (dominio publico),https://www.metmuseum.org/art/collection/search/307800
met,307801,data/raw/met/images/met_307801.jpg,Band Fragment,Textiles-Woven,"Camelid hair, cotton",no determinada,no determinado,,,costa central,True,Peru; central coast (?) Peru,10th–15th century,900,1500,350,829,0.29,67288,CC0 (dominio publico),https://www.metmuseum.org/art/collection/search/307801
met,307802,data/raw/met/images/met_307802.jpg,Tapestry Fragment,Textiles-Woven,"Camelid hair, cotton",no determinada,no determinado,,,costa central,True,Peru; central coast (?) Peru,10th–15th century,900,1500,420,600,0.25,61731,CC0 (dominio publico),https://www.metmuseum.org/art/collection/search/307802
met,307803,data/raw/met/images/met_307803.jpg,Tapestry Band Fragment,Textiles-Woven,"Camelid hair, cotton
",no determinada,no determinado,,,costa central,True,Peru; central coast (?) Peru,10th–15th century,900,1500,294,600,0.18,47459,CC0 (dominio publico),https://www.metmuseum.org/art/collection/search/307803
met,307804,data/raw/met/images/met_307804.jpg,Tapestry Fragment,Textiles-Woven,"Camelid hair, cotton",no determinada,no determinado,,,costa sur,False,Peru; south coast Peru,10th–15th century,900,1500,1458,1714,2.5,770691,CC0 (dominio publico),https://www.metmuseum.org/art/collection/search/307804
met,307805,data/raw/met/images/met_307805.jpg,Bag,Textiles-Woven,"Camelid hair, cotton",no determinada,no determinado,,,costa central,True,Peru; central coast (?) Peru,10th–15th century,900,1500,1260,1890,2.38,728732,CC0 (dominio publico),https://www.metmuseum.org/art/collection/search/307805
met,307806,data/raw/met/images/met_307806.jpg,Tapestry Border Fragment with Tab Fringes,Textiles-Woven,"Camelid hair, cotton",chancay,Intermedio Tardio,1000,1470,no determinada,False,Chancay Peru,12th–14th century,1100,1400,826,804,0.66,275507,CC0 (dominio publico),https://www.metmuseum.org/art/collection/search/307806
met,307807,data/raw/met/images/met_307807.jpg,Tapestry Fragment with Fringe,Textiles-Woven,"Camelid hair, cotton",no determinada,no determinado,,,costa central,True,Peru; central coast (?) Peru,10th–15th century,900,1500,1836,612,1.12,301528,CC0 (dominio publico),https://www.metmuseum.org/art/collection/search/307807
met,307808,data/raw/met/images/met_307808.jpg,Braided Head Cord or Fillet,Textiles-Woven,Cotton,no determinada,no determinado,,,costa central,True,Peru; central coast (?) Peru,10th–14th century,900,1400,810,1863,1.51,270629,CC0 (dominio publico),https://www.metmuseum.org/art/collection/search/307808
met,307809,data/raw/met/images/met_307809.jpg,Gauze Panel,Textiles-Woven,Cotton gauze,no determinada,no determinado,,,costa central,True,Peru; central coast (?) Peru,10th–15th century,900,1500,1274,1355,1.73,619422,CC0 (dominio publico),https://www.metmuseum.org/art/collection/search/307809
met,307811,data/raw/met/images/met_307811.jpg,Cloth Fragment,Textiles-Woven,Cotton,no determinada,no determinado,,,costa central,True,Peru; central coast (?) Peru,14th–15th century,1300,1500,1764,1260,2.22,620356,CC0 (dominio publico),https://www.metmuseum.org/art/collection/search/307811
met,307812,data/raw/met/images/met_307812.jpg,Woven Fragment,Textiles-Woven,"Camelid hair, cotton",no determinada,no determinado,,,costa central,True,Peru; central coast (?) Peru,14th–15th century,1300,1500,999,1899,1.9,606619,CC0 (dominio publico),https://www.metmuseum.org/art/collection/search/307812
met,307813,data/raw/met/images/met_307813.jpg,Tapestry Fragment,Textiles-Woven,"Camelid hair, cotton",no determinada,no determinado,,,costa sur,False,Peru; south coast Peru,10th–15th century,900,1500,1849,746,1.38,465136,CC0 (dominio publico),https://www.metmuseum.org/art/collection/search/307813
met,307814,data/raw/met/images/met_307814.jpg,Tapestry Fragment,Textiles-Woven,"Camelid hair, cotton",no determinada,no determinado,,,costa central,True,Peru; central coast (?) Peru,10th–15th century,900,1500,396,1809,0.72,187240,CC0 (dominio publico),https://www.metmuseum.org/art/collection/search/307814
met,307815,data/raw/met/images/met_307815.jpg,Tapestry Fragment,Textiles-Woven,"Camelid hair, cotton",no determinada,no determinado,,,costa sur,False,Peru; south coast Peru,10th–15th century,900,1500,1488,1455,2.17,676205,CC0 (dominio publico),https://www.metmuseum.org/art/collection/search/307815
met,307816,data/raw/met/images/met_307816.jpg,Tapestry Fragment,Textiles-Woven,"Camelid hair, cotton",no determinada,no determinado,,,costa central,True,Peru; central coast (?) Peru,10th–15th century,900,1500,331,515,0.17,40448,CC0 (dominio publico),https://www.metmuseum.org/art/collection/search/307816
met,307817,data/raw/met/images/met_307817.jpg,Tapestry Fragment,Textiles-Woven,"Camelid hair, cotton",no determinada,no determinado,,,costa central,True,Peru; central coast (?) Peru,10th–15th century,900,1500,519,456,0.24,91205,CC0 (dominio publico),https://www.metmuseum.org/art/collection/search/307817
met,307818,data/raw/met/images/met_307818.jpg,Tapestry Fragment,Textiles-Woven,"Camelid hair, cotton",no determinada,no determinado,,,costa central,True,Peru; central coast (?) Peru,10th–15th century,900,1500,596,394,0.23,82472,CC0 (dominio publico),https://www.metmuseum.org/art/collection/search/307818
met,307819,data/raw/met/images/met_307819.jpg,Tapestry Fragment,Textiles-Woven,"Camelid hair, cotton",no determinada,no determinado,,,costa central,True,Peru; central coast (?) Peru,10th–15th century,900,1500,1638,1872,3.07,768788,CC0 (dominio publico),https://www.metmuseum.org/art/collection/search/307819
met,307820,data/raw/met/images/met_307820.jpg,Tapestry Fragment,Textiles-Woven,Camelid hair,chimu,Intermedio Tardio,900,1470,no determinada,False,Chimú Peru,12th–15th century,1100,1500,4000,2649,10.6,6804489,CC0 (dominio publico),https://www.metmuseum.org/art/collection/search/307820
met,307821,data/raw/met/images/met_307821.jpg,Tapestry Fragment,Textiles-Woven,Camelid hair,no determinada,no determinado,,,costa central,True,Peru; central coast (?) Peru,10th–15th century,900,1500,977,432,0.42,149967,CC0 (dominio publico),https://www.metmuseum.org/art/collection/search/307821
met,307822,data/raw/met/images/met_307822.jpg,Braided and Knotted Head Cord or Fillet,Textiles-Woven,Camelid hair,no determinada,no determinado,,,costa central,True,Peru; central coast (?) Peru,10th–15th century,900,1500,1836,1773,3.26,671656,CC0 (dominio publico),https://www.metmuseum.org/art/collection/search/307822
met,307823,data/raw/met/images/met_307823.jpg,Cap (fragment),Textiles-Woven,Camelid hair,no determinada,no determinado,,,costa central,True,Peru; central coast (?) Peru,before 1530,1400,1530,630,1899,1.2,226540,CC0 (dominio publico),https://www.metmuseum.org/art/collection/search/307823
met,307824,data/raw/met/images/met_307824.jpg,Woven Panel,Textiles-Woven,Cotton,no determinada,no determinado,,,costa central,True,Peru; central coast (?) Peru,10th–15th century,900,1500,1208,1680,2.03,764948,CC0 (dominio publico),https://www.metmuseum.org/art/collection/search/307824
met,307836,data/raw/met/images/met_307836.jpg,Bag,Textiles-Woven,Camelid hair,no determinada,no determinado,,,no determinada,False,Peruvian Peru,19th century,1800,1900,1899,1818,3.45,909413,CC0 (dominio publico),https://www.metmuseum.org/art/collection/search/307836
met,307841,data/raw/met/images/met_307841.jpg,Fringed Bag,Textiles-Woven,Camelid hair,nasca,Intermedio Temprano,-100,800,no determinada,False,Nasca Peru,7th century,600,700,864,1926,1.66,491661,CC0 (dominio publico),https://www.metmuseum.org/art/collection/search/307841
met,307842,data/raw/met/images/met_307842.jpg,Bag,Textiles-Woven,Camelid hair,no determinada,no determinado,,,no determinada,False,Peruvian Peru,10th–15th century,900,1500,335,700,0.23,72165,CC0 (dominio publico),https://www.metmuseum.org/art/collection/search/307842
met,307843,data/raw/met/images/met_307843.jpg,Tapestry Bag with Fringes,Textiles-Woven,Camelid hair,nasca,Intermedio Temprano,-100,800,no determinada,False,Nasca Peru,8th–9th century,700,900,1251,1926,2.41,512181,CC0 (dominio publico),https://www.metmuseum.org/art/collection/search/307843
met,307844,data/raw/met/images/met_307844.jpg,Fringed Bag,Textiles-Woven,Camelid hair,nasca,Intermedio Temprano,-100,800,no determinada,False,Nasca Peru,7th century,600,700,1197,1719,2.06,574518,CC0 (dominio publico),https://www.metmuseum.org/art/collection/search/307844
met,307845,data/raw/met/images/met_307845.jpg,Tapestry Bag,Textiles-Woven,Camelid hair,nasca,Intermedio Temprano,-100,800,no determinada,False,Nasca Peru,7th century,600,700,1062,1179,1.25,360237,CC0 (dominio publico),https://www.metmuseum.org/art/collection/search/307845
met,307846,data/raw/met/images/met_307846.jpg,Panel with Birds,Textiles-Woven,Camelid hair,inca,Horizonte Tardio,1400,1533,no determinada,False,Inca Peru,15th–16th century,1400,1600,2385,2220,5.29,2231364,CC0 (dominio publico),https://www.metmuseum.org/art/collection/search/307846
met,307847,data/raw/met/images/met_307847.jpg,Tapestry Panel Fragment,Textiles-Woven,Camelid hair,no determinada,no determinado,,,costa central,True,Peru; central coast (?) Peru,10th–15th century,900,1500,2137,2937,6.28,2418672,CC0 (dominio publico),https://www.metmuseum.org/art/collection/search/307847
met,307848,data/raw/met/images/met_307848.jpg,Embroidered Panel Fragment,Textiles-Woven,"Cotton, camelid hair",no determinada,no determinado,,,costa norte,True,Peru; north coast (?) Peru,10th–15th century,900,1500,2897,2190,6.34,2264049,CC0 (dominio publico),https://www.metmuseum.org/art/collection/search/307848
met,307849,data/raw/met/images/met_307849.jpg,Gauze and Brocade Mantle Fragment,Textiles-Woven,"Cotton gauze, camelid hair",chimu,Intermedio Tardio,900,1470,no determinada,False,Chimú Peru,12th–15th century,1100,1500,4000,2844,11.38,4110729,CC0 (dominio publico),https://www.metmuseum.org/art/collection/search/307849
met,307850,data/raw/met/images/met_307850.jpg,Mantle Fragment,Textiles-Woven,"Camelid hair, cotton",paracas,Horizonte Temprano,-800,100,costa sur,False,Paracas Peru,5th–3rd century BCE,-500,-200,754,700,0.53,255020,CC0 (dominio publico),https://www.metmuseum.org/art/collection/search/307850
met,307851,data/raw/met/images/met_307851.jpg,Embroidered Mantle Fragment,Textiles-Woven,Camelid hair,paracas,Horizonte Temprano,-800,100,costa sur,False,Paracas Peru,3rd–2nd century BCE,-300,-100,1377,1755,2.42,798941,CC0 (dominio publico),https://www.metmuseum.org/art/collection/search/307851
met,307852,data/raw/met/images/met_307852.jpg,Embroidered Mantle Fragment,Textiles-Woven,Camelid hair,paracas,Horizonte Temprano,-800,100,costa sur,False,Paracas Peru,5th–2nd century BCE,-500,-100,1395,1755,2.45,942648,CC0 (dominio publico),https://www.metmuseum.org/art/collection/search/307852
met,307853,data/raw/met/images/met_307853.jpg,Embroidered Fragment,Textiles-Woven,Camelid hair,paracas,Horizonte Temprano,-800,100,costa sur,False,Paracas Peru,5th–2nd century BCE,-500,-100,680,523,0.36,88202,CC0 (dominio publico),https://www.metmuseum.org/art/collection/search/307853
met,307854,data/raw/met/images/met_307854.jpg,Embroidered Mantle Fragment,Textiles-Woven,"Camelid hair, cotton",paracas,Horizonte Temprano,-800,100,costa sur,False,Paracas Peru,3rd–2nd century BCE,-300,-100,1350,1962,2.65,954249,CC0 (dominio publico),https://www.metmuseum.org/art/collection/search/307854
met,307855,data/raw/met/images/met_307855.jpg,Embroidered Mantle Fragment,Textiles-Woven,"Camelid hair, cotton",paracas,Horizonte Temprano,-800,100,costa sur,False,Paracas Peru,3rd–2nd century BCE,-300,-100,1350,1899,2.56,924459,CC0 (dominio publico),https://www.metmuseum.org/art/collection/search/307855
met,307886,data/raw/met/images/met_307886.jpg,Gauze Fragment,Textiles-Woven,Cotton gauze,no determinada,no determinado,,,costa central,True,Peru; central coast (?) Peru,10th–15th century,900,1500,1035,1917,1.98,500845,CC0 (dominio publico),https://www.metmuseum.org/art/collection/search/307886
met,307887,data/raw/met/images/met_307887.jpg,Sash,Textiles-Woven,"Camelid hair, cotton",chimu,Intermedio Tardio,900,1470,no determinada,False,Chimú Peru,12th–15th century,1100,1500,4000,1025,4.1,750813,CC0 (dominio publico),https://www.metmuseum.org/art/collection/search/307887
met,307901,data/raw/met/images/met_307901.jpg,Headband,Textiles-Woven,"Cotton, camelid hair",wari,Horizonte Medio,600,1000,no determinada,False,Wari Peru,9th–10th century,800,1000,486,1962,0.95,260925,CC0 (dominio publico),https://www.metmuseum.org/art/collection/search/307901
met,307907,data/raw/met/images/met_307907.jpg,Tapestry Loincloth Fragment,Textiles-Woven,"Camelid hair, cotton",no determinada,no determinado,,,costa central,True,Peru; central coast (?) Peru,10th–15th century,900,1500,1217,2897,3.53,962777,CC0 (dominio publico),https://www.metmuseum.org/art/collection/search/307907
met,307908,data/raw/met/images/met_307908.jpg,Tapestry Sleeveless Tunic,Textiles-Woven,"Camelid hair, cotton",no determinada,no determinado,,,costa central,True,Peru; central coast (?) Peru,10th–15th century,900,1500,2873,2250,6.46,2316272,CC0 (dominio publico),https://www.metmuseum.org/art/collection/search/307908
met,307909,data/raw/met/images/met_307909.jpg,Tapestry Panel with Spotted Cat,Textiles-Woven,"Camelid hair, cotton",chimu,Intermedio Tardio,900,1470,no determinada,False,Chimú Peru,12th–15th century,1100,1500,3288,3000,9.86,1968322,CC0 (dominio publico),https://www.metmuseum.org/art/collection/search/307909
met,307910,data/raw/met/images/met_307910.jpg,Band Fragment with Tufts,Textiles-Woven,"Camelid hair, cotton",sican,Intermedio Tardio,800,1350,costa norte,False,Lambayeque (Sicán) Peru,9th–13th century,800,1300,2649,4000,10.6,5178562,CC0 (dominio publico),https://www.metmuseum.org/art/collection/search/307910
met,307911,data/raw/met/images/met_307911.jpg,Tapestry Fragment,Textiles-Woven,Camelid hair,chimu,Intermedio Tardio,900,1470,no determinada,True,Chimú (?) Peru,10th–15th century,900,1500,2649,4000,10.6,6690318,CC0 (dominio publico),https://www.metmuseum.org/art/collection/search/307911
met,307912,data/raw/met/images/met_307912.jpg,Tapestry Fragment,Textiles-Woven,"Camelid hair, cotton",no determinada,no determinado,,,costa central,True,Peru; central coast (?) Peru,10th–15th century,900,1500,1001,2905,2.91,1071196,CC0 (dominio publico),https://www.metmuseum.org/art/collection/search/307912
met,307913,data/raw/met/images/met_307913.jpg,Tapestry Fragment,Textiles-Woven,"Camelid hair, cotton",no determinada,no determinado,,,costa central,True,Peru; central coast (?) Peru,10th–15th century,900,1500,2905,1905,5.53,2046679,CC0 (dominio publico),https://www.metmuseum.org/art/collection/search/307913
met,307914,data/raw/met/images/met_307914.jpg,Tapestry Panel with Birds,Textiles-Woven,Cotton,no determinada,no determinado,,,costa central,False,Central Coast Peru,12th–15th century,1100,1500,4000,2649,10.6,6475266,CC0 (dominio publico),https://www.metmuseum.org/art/collection/search/307914
met,307915,data/raw/met/images/met_307915.jpg,Tapestry Fragment with Figures,Textiles-Woven,"Camelid hair, cotton",chimu,Intermedio Tardio,900,1470,no determinada,False,Chimú Peru,12th–15th century,1100,1500,2649,4000,10.6,2952318,CC0 (dominio publico),https://www.metmuseum.org/art/collection/search/307915
met,307916,data/raw/met/images/met_307916.jpg,Tapestry Fragment,Textiles-Woven,Camelid hair,no determinada,no determinado,,,costa central,True,Peru; central coast (?) Peru,10th–15th century,900,1500,1041,2913,3.03,1304298,CC0 (dominio publico),https://www.metmuseum.org/art/collection/search/307916
met,307917,data/raw/met/images/met_307917.jpg,Tapestry Fragment,Textiles-Woven,Camelid hair,no determinada,no determinado,,,costa central,True,Peru; central coast (?) Peru,10th–15th century,900,1500,889,2897,2.58,997455,CC0 (dominio publico),https://www.metmuseum.org/art/collection/search/307917
met,307918,data/raw/met/images/met_307918.jpg,Tapestry Fragment with Plumed Figure,Textiles-Woven,Camelid hair,no determinada,no determinado,,,costa central,True,Peru; central coast (?) Peru,10th–15th century,900,1500,2697,2310,6.23,2280800,CC0 (dominio publico),https://www.metmuseum.org/art/collection/search/307918
met,307919,data/raw/met/images/met_307919.jpg,Tapestry Fragment with Plumed Figure,Textiles-Woven,"Camelid hair, cotton",sican,Intermedio Tardio,800,1350,costa norte,False,Lambayeque (Sicán) Peru,9th–13th century,800,1300,2649,4000,10.6,5817408,CC0 (dominio publico),https://www.metmuseum.org/art/collection/search/307919
met,307920,data/raw/met/images/met_307920.jpg,Tapestry Fragment,Textiles-Woven,"Camelid hair, cotton",sican,Intermedio Tardio,800,1350,costa norte,False,Lambayeque (Sicán) Peru,9th–13th century,800,1300,2649,4000,10.6,6371604,CC0 (dominio publico),https://www.metmuseum.org/art/collection/search/307920
met,307921,data/raw/met/images/met_307921.jpg,Tapestry Fragment with Plumed Figure,Textiles-Woven,"Camelid hair, cotton",chimu,Intermedio Tardio,900,1470,no determinada,False,Chimú Peru,12th–15th century,1100,1500,2649,4000,10.6,6318947,CC0 (dominio publico),https://www.metmuseum.org/art/collection/search/307921
met,307922,data/raw/met/images/met_307922.jpg,Tapestry Fragment with Plumed Figure,Textiles-Woven,"Camelid hair, cotton",sican,Intermedio Tardio,800,1350,costa norte,False,Lambayeque (Sicán) Peru,9th–13th century,800,1300,2649,4000,10.6,6318666,CC0 (dominio publico),https://www.metmuseum.org/art/collection/search/307922
met,307923,data/raw/met/images/met_307923.jpg,Woven Fragment,Textiles-Woven,"Camelid hair, cotton",sican,Intermedio Tardio,800,1350,costa norte,False,Lambayeque (Sicán) Peru,9th–13th century,800,1300,2649,4000,10.6,6126636,CC0 (dominio publico),https://www.metmuseum.org/art/collection/search/307923
met,307924,data/raw/met/images/met_307924.jpg,Tapestry Fragment with Plumed Figure,Textiles-Woven,"Cotton, camelid hair",sican,Intermedio Tardio,800,1350,costa norte,False,Lambayeque (Sicán) Peru,9th–13th century,800,1300,2649,4000,10.6,6093364,CC0 (dominio publico),https://www.metmuseum.org/art/collection/search/307924
met,307925,data/raw/met/images/met_307925.jpg,Tapestry Fragment with Plumed Figure,Textiles-Woven,"Camelid hair, cotton",sican,Intermedio Tardio,800,1350,costa norte,False,Lambayeque (Sicán) Peru,9th–13th century,800,1300,2748,3004,8.25,1516355,CC0 (dominio publico),https://www.metmuseum.org/art/collection/search/307925
met,307926,data/raw/met/images/met_307926.jpg,Brocade Fragment,Textiles-Woven,"Camelid hair, cotton",chimu,Intermedio Tardio,900,1470,no determinada,False,Chimú Peru,12th–15th century,1100,1500,2785,1817,5.06,2047833,CC0 (dominio publico),https://www.metmuseum.org/art/collection/search/307926
met,307927,data/raw/met/images/met_307927.jpg,Tapestry Panel Fragment,Textiles-Woven,Camelid hair,no determinada,no determinado,,,costa central,True,Peru; central coast (?) Peru,10th–15th century,900,1500,639,1926,1.23,299510,CC0 (dominio publico),https://www.metmuseum.org/art/collection/search/307927
met,307928,data/raw/met/images/met_307928.jpg,Tapestry Band Fragment with Grotesque Heads,Textiles-Woven,Camelid hair,no determinada,no determinado,,,costa central,True,Peru; central coast (?) Peru,10th–15th century,900,1500,4000,2649,10.6,5305801,CC0 (dominio publico),https://www.metmuseum.org/art/collection/search/307928
met,307929,data/raw/met/images/met_307929.jpg,Tapestry Fragment with Figure,Textiles-Woven,Cotton,no determinada,no determinado,,,costa central,False,Central Coast Peru,12th–15th century,1100,1500,2649,4000,10.6,5367059,CC0 (dominio publico),https://www.metmuseum.org/art/collection/search/307929
met,307930,data/raw/met/images/met_307930.jpg,Tapestry Fragment with Plumed Figure,Textiles-Woven,Camelid hair,chimu,Intermedio Tardio,900,1470,no determinada,False,Chimú Peru,12th–15th century,1100,1500,3344,3185,10.65,1886485,CC0 (dominio publico),https://www.metmuseum.org/art/collection/search/307930
met,307931,data/raw/met/images/met_307931.jpg,Brocade Fragment with Plumed Figure,Textiles-Woven,"Camelid hair, cotton",chimu,Intermedio Tardio,900,1470,no determinada,False,Chimú Peru,15th–16th century,1400,1600,2113,2945,6.22,2442995,CC0 (dominio publico),https://www.metmuseum.org/art/collection/search/307931
met,307932,data/raw/met/images/met_307932.jpg,Tapestry Fragment,Textiles-Woven,"Camelid hair, cotton",sican,Intermedio Tardio,800,1350,costa norte,False,Lambayeque (Sicán) Peru,9th–13th century,800,1300,4000,2649,10.6,6019433,CC0 (dominio publico),https://www.metmuseum.org/art/collection/search/307932
met,307933,data/raw/met/images/met_307933.jpg,Tapestry Fragment with Figures,Textiles-Woven,"Camelid hair, cotton",nasca,Intermedio Temprano,-100,800,no determinada,True,Nasca (?) Peru,10th–15th century,900,1500,4000,2649,10.6,6609919,CC0 (dominio publico),https://www.metmuseum.org/art/collection/search/307933
met,307934,data/raw/met/images/met_307934.jpg,Tapestry Fragment with Plumed Figure,Textiles-Woven,Camelid hair,chimu,Intermedio Tardio,900,1470,no determinada,False,Chimú Peru,12th–15th century,1100,1500,2649,4000,10.6,7472815,CC0 (dominio publico),https://www.metmuseum.org/art/collection/search/307934
met,307935,data/raw/met/images/met_307935.jpg,Tapestry Fragment with Figure,Textiles-Woven,Camelid hair,chimu,Intermedio Tardio,900,1470,no determinada,False,Chimú Peru,12th–15th century,1100,1500,2917,2836,8.27,1829035,CC0 (dominio publico),https://www.metmuseum.org/art/collection/search/307935
met,307936,data/raw/met/images/met_307936.jpg,Doublecloth Scarf,Textiles-Woven,Camelid hair,no determinada,no determinado,,,costa central,True,Peru; central coast (?) Peru,10th–15th century,900,1500,1537,2937,4.51,1518940,CC0 (dominio publico),https://www.metmuseum.org/art/collection/search/307936
met,307938,data/raw/met/images/met_307938.jpg,Tapestry Band Fragment,Textiles-Woven,Camelid hair,no determinada,no determinado,,,costa central,True,Peru; central coast (?) Peru,10th–15th century,900,1500,459,1917,0.88,241370,CC0 (dominio publico),https://www.metmuseum.org/art/collection/search/307938
met,307939,data/raw/met/images/met_307939.jpg,Tapestry Band Fragment,Textiles-Woven,"Camelid hair, cotton",sican,Intermedio Tardio,800,1350,costa norte,False,Lambayeque (Sicán) Peru,9th–13th century,800,1300,913,2793,2.55,1308181,CC0 (dominio publico),https://www.metmuseum.org/art/collection/search/307939
met,307940,data/raw/met/images/met_307940.jpg,Fragment,Textiles-Woven,"Camelid hair, cotton",chancay,Intermedio Tardio,1000,1470,no determinada,False,Chancay Peru,12th–14th century,1100,1400,2209,2849,6.29,3558373,CC0 (dominio publico),https://www.metmuseum.org/art/collection/search/307940
met,307941,data/raw/met/images/met_307941.jpg,Bag Tassel,Textiles-Woven,"Camelid hair, cotton",inca,Horizonte Tardio,1400,1533,no determinada,False,Inca Peru,15th–16th century,1400,1600,1116,1863,2.08,605322,CC0 (dominio publico),https://www.metmuseum.org/art/collection/search/307941
met,307942,data/raw/met/images/met_307942.jpg,Tapestry Panel Fragment,Textiles-Woven,"Camelid hair, cotton",chimu,Intermedio Tardio,900,1470,no determinada,False,Chimú Peru,12th–15th century,1100,1500,2653,3094,8.21,2056180,CC0 (dominio publico),https://www.metmuseum.org/art/collection/search/307942
met,307943,data/raw/met/images/met_307943.jpg,Fragment,Textiles-Woven,"Camelid hair, cotton",chancay,Intermedio Tardio,1000,1470,no determinada,False,Chancay Peru,12th–14th century,1100,1400,1233,1908,2.35,582767,CC0 (dominio publico),https://www.metmuseum.org/art/collection/search/307943
met,307944,data/raw/met/images/met_307944.jpg,Sash,Textiles-Woven,Camelid hair,chimu,Intermedio Tardio,900,1470,no determinada,False,Chimú Peru,10th–15th century,900,1500,4000,2649,10.6,3656901,CC0 (dominio publico),https://www.metmuseum.org/art/collection/search/307944
met,307945,data/raw/met/images/met_307945.jpg,Band Fragments,Textiles-Woven,"Camelid hair, cotton",chimu,Intermedio Tardio,900,1470,no determinada,False,Chimú Peru,12th–15th century,1100,1500,2983,4000,11.93,3155808,CC0 (dominio publico),https://www.metmuseum.org/art/collection/search/307945
met,307946,data/raw/met/images/met_307946.jpg,Mantle,Textiles-Woven,"Camelid hair, cotton",no determinada,no determinado,,,costa central,True,Peru; central coast (?) Peru,10th–15th century,900,1500,2201,2881,6.34,3089765,CC0 (dominio publico),https://www.metmuseum.org/art/collection/search/307946
met,307947,data/raw/met/images/met_307947.jpg,Panel Fragments,Textiles-Woven,"Cotton, camelid hair",no determinada,no determinado,,,costa central,True,Peru; central coast (?) Peru,10th–15th century,900,1500,1154,1826,2.11,919909,CC0 (dominio publico),https://www.metmuseum.org/art/collection/search/307947
met,307948,data/raw/met/images/met_307948.jpg,Panel Fragment,Textiles-Woven,"Camelid hair, cotton",no determinada,no determinado,,,costa central,True,Peru; central coast (?) Peru,10th–15th century,900,1500,508,730,0.37,162375,CC0 (dominio publico),https://www.metmuseum.org/art/collection/search/307948
met,307949,data/raw/met/images/met_307949.jpg,Panel Fragment,Textiles-Woven,"Camelid hair, cotton",no determinada,no determinado,,,costa central,True,Peru; central coast (?) Peru,10th–15th century,900,1500,1845,1332,2.46,619083,CC0 (dominio publico),https://www.metmuseum.org/art/collection/search/307949
met,307950,data/raw/met/images/met_307950.jpg,Tunic,Textiles-Woven,Camelid hair,nasca,Intermedio Temprano,-100,800,no determinada,False,Nasca Peru,7th century,600,700,4000,3159,12.64,3626515,CC0 (dominio publico),https://www.metmuseum.org/art/collection/search/307950
met,307952,data/raw/met/images/met_307952.jpg,Tunic Fragment,Textiles-Woven,Camelid hair,nasca,Intermedio Temprano,-100,800,no determinada,True,Nasca (?) Peru,8th–9th century,700,900,1926,1773,3.41,712719,CC0 (dominio publico),https://www.metmuseum.org/art/collection/search/307952
met,307953,data/raw/met/images/met_307953.jpg,Fragmentary Band,Textiles-Woven,"Camelid hair, cotton",nasca,Intermedio Temprano,-100,800,no determinada,False,Nasca Peru,2nd century BCE,-200,-100,2007,603,1.21,306800,CC0 (dominio publico),https://www.metmuseum.org/art/collection/search/307953
met,307954,data/raw/met/images/met_307954.jpg,Tunic Fragment,Textiles-Woven,"Camelid hair, cotton",wari,Horizonte Medio,600,1000,no determinada,False,Wari Peru,7th–9th century,600,900,1890,1917,3.62,924951,CC0 (dominio publico),https://www.metmuseum.org/art/collection/search/307954
met,307955,data/raw/met/images/met_307955.jpg,Band Fragment,Textiles-Woven,"Camelid hair, cotton",no determinada,no determinado,,,costa central,True,Peru; central coast (?) Peru,10th–15th century,900,1500,1908,864,1.65,490874,CC0 (dominio publico),https://www.metmuseum.org/art/collection/search/307955
met,307956,data/raw/met/images/met_307956.jpg,Band Fragment,Textiles-Woven,Camelid hair,recuay,Intermedio Temprano,100,700,no determinada,False,Recuay Peru,4th–6th century,300,600,4000,951,3.8,983201,CC0 (dominio publico),https://www.metmuseum.org/art/collection/search/307956
met,307957,data/raw/met/images/met_307957.jpg,Sash or Headband,Textiles-Woven,"Camelid hair, cotton",nasca,Intermedio Temprano,-100,800,no determinada,False,Nasca Peru,7th century,600,700,2270,366,0.83,210152,CC0 (dominio publico),https://www.metmuseum.org/art/collection/search/307957
met,307958,data/raw/met/images/met_307958.jpg,Sash or Headband,Textiles-Woven,"Camelid hair, cotton",nasca,Intermedio Temprano,-100,800,no determinada,False,Nasca Peru,8th–9th century,700,900,2272,459,1.04,306704,CC0 (dominio publico),https://www.metmuseum.org/art/collection/search/307958
met,307959,data/raw/met/images/met_307959.jpg,Sash or Headband,Textiles-Woven,Camelid hair,nasca,Intermedio Temprano,-100,800,no determinada,False,Nasca Peru,7th century,600,700,2270,378,0.86,197987,CC0 (dominio publico),https://www.metmuseum.org/art/collection/search/307959
met,307960,data/raw/met/images/met_307960.jpg,Band Fragment,Textiles-Woven,Camelid hair,nasca,Intermedio Temprano,-100,800,no determinada,False,Nasca Peru,7th century,600,700,2151,615,1.32,397327,CC0 (dominio publico),https://www.metmuseum.org/art/collection/search/307960
met,307961,data/raw/met/images/met_307961.jpg,Band Fragment,Textiles-Woven,"Camelid hair, cotton",nasca,Intermedio Temprano,-100,800,no determinada,False,Nasca Peru,7th century,600,700,1369,2905,3.98,1363691,CC0 (dominio publico),https://www.metmuseum.org/art/collection/search/307961
met,307962,data/raw/met/images/met_307962.jpg,Bag Fragment,Textiles-Woven,"Camelid hair, cotton",nasca,Intermedio Temprano,-100,800,no determinada,False,Nasca Peru,7th century,600,700,1710,1581,2.7,837501,CC0 (dominio publico),https://www.metmuseum.org/art/collection/search/307962
met,307963,data/raw/met/images/met_307963.jpg,Bag,Textiles-Woven,Camelid hair,nasca,Intermedio Temprano,-100,800,no determinada,False,Nasca Peru,8th–9th century,700,900,1242,1791,2.22,533963,CC0 (dominio publico),https://www.metmuseum.org/art/collection/search/307963
met,307964,data/raw/met/images/met_307964.jpg,Band Fragment,Textiles-Woven,Camelid hair,nasca,Intermedio Temprano,-100,800,no determinada,False,Nasca Peru,7th century,600,700,1935,414,0.8,134321,CC0 (dominio publico),https://www.metmuseum.org/art/collection/search/307964
met,307965,data/raw/met/images/met_307965.jpg,Band Fragment,Textiles-Woven,Camelid hair,nasca,Intermedio Temprano,-100,800,no determinada,False,Nasca Peru,7th century,600,700,1935,414,0.8,125086,CC0 (dominio publico),https://www.metmuseum.org/art/collection/search/307965
met,307966,data/raw/met/images/met_307966.jpg,Band Fragment,Textiles-Woven,Camelid hair,nasca,Intermedio Temprano,-100,800,no determinada,False,Nasca Peru,7th century,600,700,2253,636,1.43,320808,CC0 (dominio publico),https://www.metmuseum.org/art/collection/search/307966
met,307967,data/raw/met/images/met_307967.jpg,Band Fragment,Textiles-Woven,Camelid hair,nasca,Intermedio Temprano,-100,800,no determinada,False,Nasca Peru,7th century,600,700,2253,636,1.43,313271,CC0 (dominio publico),https://www.metmuseum.org/art/collection/search/307967
met,307968,data/raw/met/images/met_307968.jpg,Band Fragment,Textiles-Woven,Camelid hair,nasca,Intermedio Temprano,-100,800,no determinada,False,Nasca Peru,7th century,600,700,2267,495,1.12,324222,CC0 (dominio publico),https://www.metmuseum.org/art/collection/search/307968
met,307969,data/raw/met/images/met_307969.jpg,Border Fragment,Textiles-Woven,"Camelid hair, cotton",nasca,Intermedio Temprano,-100,800,no determinada,False,Nasca Peru,2nd century BCE,-200,-100,680,93,0.06,25318,CC0 (dominio publico),https://www.metmuseum.org/art/collection/search/307969
met,307970,data/raw/met/images/met_307970.jpg,Border Fragment,Textiles-Woven,Camelid hair,nasca,Intermedio Temprano,-100,800,no determinada,False,Nasca Peru,2nd century BCE,-199,-100,4000,2109,8.44,1878933,CC0 (dominio publico),https://www.metmuseum.org/art/collection/search/307970
met,307971,data/raw/met/images/met_307971.jpg,Border Fragments,Textiles-Woven,Camelid hair,nasca,Intermedio Temprano,-100,800,no determinada,False,Nasca Peru,2nd century BCE,-200,-100,1800,603,1.09,210482,CC0 (dominio publico),https://www.metmuseum.org/art/collection/search/307971
met,307972,data/raw/met/images/met_307972.jpg,Band Fragment,Textiles-Woven,Camelid hair,nasca,Intermedio Temprano,-100,800,no determinada,False,Nasca Peru,7th century,600,700,603,1917,1.16,416636,CC0 (dominio publico),https://www.metmuseum.org/art/collection/search/307972
met,307973,data/raw/met/images/met_307973.jpg,Band Fragment,Textiles-Woven,Camelid hair,nasca,Intermedio Temprano,-100,800,no determinada,False,Nasca Peru,1st century BCE–7th century CE,-100,700,137,700,0.1,23145,CC0 (dominio publico),https://www.metmuseum.org/art/collection/search/307973
met,307974,data/raw/met/images/met_307974.jpg,Mantle Fragment (?),Textiles-Woven,Camelid hair,no determinada,no determinado,,,costa central,True,Peru; central coast (?) Peru,10th–15th century,900,1500,1971,900,1.77,428706,CC0 (dominio publico),https://www.metmuseum.org/art/collection/search/307974
met,307975,data/raw/met/images/met_307975.jpg,Tunic with Confronting Catfish,Textiles-Woven,"Camelid hair, tapestry-weave",nasca,Intermedio Temprano,-100,800,no determinada,False,Nasca-Wari Peru,800–850 CE,800,850,1905,961,1.83,1675824,CC0 (dominio publico),https://www.metmuseum.org/art/collection/search/307975
met,307976,data/raw/met/images/met_307976.jpg,Tunic Panel,Textiles-Woven,Camelid hair,no determinada,no determinado,,,costa central,True,Peru; central coast (?) Peru,10th–15th century,900,1500,540,666,0.36,128442,CC0 (dominio publico),https://www.metmuseum.org/art/collection/search/307976
met,307977,data/raw/met/images/met_307977.jpg,Feathered Tunic,Feathers-Costumes,"Cotton, feathers",chimu,Intermedio Tardio,900,1470,no determinada,False,Chimú Peru,1200 – 1400 CE,1200,1400,3255,4000,13.02,3685829,CC0 (dominio publico),https://www.metmuseum.org/art/collection/search/307977
met,307988,data/raw/met/images/met_307988.jpg,Tunic Fragment,Textiles-Woven,"Camelid hair, cotton",wari,Horizonte Medio,600,1000,no determinada,False,Wari Peru,7th–9th century,600,900,1187,4000,4.75,1641691,CC0 (dominio publico),https://www.metmuseum.org/art/collection/search/307988
met,307989,data/raw/met/images/met_307989.jpg,Tunic Fragment,Textiles-Woven,"Cotton, camelid hair",wari,Horizonte Medio,600,1000,no determinada,False,Wari Peru,7th–9th century,600,900,2409,2265,5.46,3005650,CC0 (dominio publico),https://www.metmuseum.org/art/collection/search/307989
met,307990,data/raw/met/images/met_307990.jpg,Tunic Fragment,Textiles-Woven,"Camelid hair, cotton",wari,Horizonte Medio,600,1000,no determinada,False,Wari Peru,7th–9th century,600,900,1100,653,0.72,253645,CC0 (dominio publico),https://www.metmuseum.org/art/collection/search/307990
met,307991,data/raw/met/images/met_307991.jpg,Tunic fragment,Textiles-Woven,"Camelid hair, cotton",wari,Horizonte Medio,600,1000,no determinada,False,Wari Peru,650–1000 CE,600,900,2145,2929,6.28,2260671,CC0 (dominio publico),https://www.metmuseum.org/art/collection/search/307991
met,307992,data/raw/met/images/met_307992.jpg,Tunic Fragment,Textiles-Woven,"Cotton, camelid hair",wari,Horizonte Medio,600,1000,no determinada,False,Wari Peru,7th–9th century,600,900,2817,1865,5.25,2690552,CC0 (dominio publico),https://www.metmuseum.org/art/collection/search/307992
met,307993,data/raw/met/images/met_307993.jpg,Tapestry Panel Fragment,Textiles-Woven,Camelid hair,no determinada,no determinado,,,costa central,True,Peru; central coast (?) Peru,10th–15th century,900,1500,2145,2945,6.32,2322266,CC0 (dominio publico),https://www.metmuseum.org/art/collection/search/307993
met,307994,data/raw/met/images/met_307994.jpg,Textile Fragment,Textiles-Woven,Camelid hair,recuay,Intermedio Temprano,100,700,no determinada,False,Recuay Peru,4th–6th century,300,600,1824,4000,7.3,2725863,CC0 (dominio publico),https://www.metmuseum.org/art/collection/search/307994
met,307995,data/raw/met/images/met_307995.jpg,Panel,Textiles-Woven,"Cotton, camelid hair",wari,Horizonte Medio,600,1000,no determinada,False,Wari Peru,10th–12th century,900,1200,1890,1908,3.61,982048,CC0 (dominio publico),https://www.metmuseum.org/art/collection/search/307995
met,307996,data/raw/met/images/met_307996.jpg,Mantle Fragment,Textiles-Woven,"Camelid hair, cotton",wari,Horizonte Medio,600,1000,no determinada,False,Wari Peru,9th–10th century,800,1000,1719,1935,3.33,1131010,CC0 (dominio publico),https://www.metmuseum.org/art/collection/search/307996
met,307997,data/raw/met/images/met_307997.jpg,Tunic Fragment,Textiles-Woven,"Camelid hair, cotton",wari,Horizonte Medio,600,1000,no determinada,False,Wari Peru,7th–9th century,600,900,1177,2713,3.19,1631813,CC0 (dominio publico),https://www.metmuseum.org/art/collection/search/307997
met,307998,data/raw/met/images/met_307998.jpg,Fragment,Textiles-Woven,"Cotton, camelid hair",no determinada,no determinado,,,costa sur,True,Peru; south coast (?) Peru,15th–16th century,1400,1600,1001,2913,2.92,1188872,CC0 (dominio publico),https://www.metmuseum.org/art/collection/search/307998
met,307999,data/raw/met/images/met_307999.jpg,Band Fragment,Textiles-Woven,"Cotton, camelid hair",no determinada,no determinado,,,costa sur,True,Peru; south coast (?) Peru,9th–10th century,800,1000,710,228,0.16,54310,CC0 (dominio publico),https://www.metmuseum.org/art/collection/search/307999
met,308012,data/raw/met/images/met_308012.jpg,Border Fragment,Textiles-Woven,"Camelid hair, cotton",nasca,Intermedio Temprano,-100,800,no determinada,False,Nasca Peru,2nd century BCE,-200,-100,1585,2833,4.49,1458471,CC0 (dominio publico),https://www.metmuseum.org/art/collection/search/308012
met,308013,data/raw/met/images/met_308013.jpg,Border Fragment,Textiles-Woven,"Camelid hair, cotton",nasca,Intermedio Temprano,-100,800,no determinada,False,Nasca Peru,2nd century BCE,-200,-100,1989,504,1.0,222949,CC0 (dominio publico),https://www.metmuseum.org/art/collection/search/308013
met,308014,data/raw/met/images/met_308014.jpg,Tunic Fragment,Textiles-Woven,"Camelid hair, cotton",wari,Horizonte Medio,600,1000,no determinada,False,Wari Peru,7th–9th century,600,900,2193,1464,3.21,769247,CC0 (dominio publico),https://www.metmuseum.org/art/collection/search/308014
met,308015,data/raw/met/images/met_308015.jpg,Tapestry Panel,Textiles-Woven,"Camelid hair, cotton",nasca,Intermedio Temprano,-100,800,no determinada,False,Nasca Peru,7th century,600,700,1485,1863,2.77,788657,CC0 (dominio publico),https://www.metmuseum.org/art/collection/search/308015
met,308016,data/raw/met/images/met_308016.jpg,Fragment with Figures,Textiles-Woven,Camelid hair,nasca,Intermedio Temprano,-100,800,no determinada,False,Nasca Peru,7th century,600,700,1404,1881,2.64,999707,CC0 (dominio publico),https://www.metmuseum.org/art/collection/search/308016
met,308017,data/raw/met/images/met_308017.jpg,Embroidered Fragment,Textiles-Woven,Camelid hair,nasca,Intermedio Temprano,-100,800,no determinada,False,Nasca Peru,7th century,600,700,1683,1863,3.14,1004283,CC0 (dominio publico),https://www.metmuseum.org/art/collection/search/308017
met,308018,data/raw/met/images/met_308018.jpg,Sash Fragment,Textiles-Woven,Camelid hair,nasca,Intermedio Temprano,-100,800,no determinada,False,Nasca Peru,7th century,600,700,819,1962,1.61,319725,CC0 (dominio publico),https://www.metmuseum.org/art/collection/search/308018
met,308019,data/raw/met/images/met_308019.jpg,Sash Fragment,Textiles-Woven,Camelid hair,nasca,Intermedio Temprano,-100,800,no determinada,False,Nasca Peru,7th century,600,700,702,1962,1.38,300580,CC0 (dominio publico),https://www.metmuseum.org/art/collection/search/308019
met,308020,data/raw/met/images/met_308020.jpg,Sash Fragment,Textiles-Woven,Camelid hair,nasca,Intermedio Temprano,-100,800,no determinada,False,Nasca Peru,7th century,600,700,900,1962,1.77,387950,CC0 (dominio publico),https://www.metmuseum.org/art/collection/search/308020
met,308021,data/raw/met/images/met_308021.jpg,Bag,Textiles-Woven,Camelid hair,nasca,Intermedio Temprano,-100,800,no determinada,False,Nasca Peru,7th century,600,700,882,1710,1.51,422608,CC0 (dominio publico),https://www.metmuseum.org/art/collection/search/308021
met,308022,data/raw/met/images/met_308022.jpg,Embroidered bag with fringe,Textiles-Woven,Camelid hair,nasca,Intermedio Temprano,-100,800,no determinada,False,Nasca Peru,7th century,600,700,3031,4000,12.12,2927269,CC0 (dominio publico),https://www.metmuseum.org/art/collection/search/308022
met,308023,data/raw/met/images/met_308023.jpg,Bag,Textiles-Woven,Camelid hair,nasca,Intermedio Temprano,-100,800,no determinada,False,Nasca Peru,7th century,600,700,1071,1953,2.09,597680,CC0 (dominio publico),https://www.metmuseum.org/art/collection/search/308023
met,308024,data/raw/met/images/met_308024.jpg,Embroidered bag with fringe,Textiles-Woven,Camelid hair,nasca,Intermedio Temprano,-100,800,no determinada,False,Nasca Peru,7th century,600,700,2658,4000,10.63,3371867,CC0 (dominio publico),https://www.metmuseum.org/art/collection/search/308024
met,308025,data/raw/met/images/met_308025.jpg,Bag,Textiles-Woven,Camelid hair,nasca,Intermedio Temprano,-100,800,no determinada,False,Nasca Peru,7th century,600,700,729,1719,1.25,422388,CC0 (dominio publico),https://www.metmuseum.org/art/collection/search/308025
met,308026,data/raw/met/images/met_308026.jpg,Fringed Bag,Textiles-Woven,Camelid hair,nasca,Intermedio Temprano,-100,800,no determinada,False,Nasca Peru,7th century,600,700,936,1953,1.83,520858,CC0 (dominio publico),https://www.metmuseum.org/art/collection/search/308026
met,308027,data/raw/met/images/met_308027.jpg,Fringed Bag,Textiles-Woven,Camelid hair,nasca,Intermedio Temprano,-100,800,no determinada,False,Nasca Peru,7th century,600,700,900,1854,1.67,493878,CC0 (dominio publico),https://www.metmuseum.org/art/collection/search/308027
met,308028,data/raw/met/images/met_308028.jpg,Bag,Textiles-Woven,Camelid hair,nasca,Intermedio Temprano,-100,800,no determinada,False,Nasca Peru,7th century,600,700,1206,1683,2.03,610929,CC0 (dominio publico),https://www.metmuseum.org/art/collection/search/308028
met,308029,data/raw/met/images/met_308029.jpg,Fringed Bag,Textiles-Woven,Camelid hair,nasca,Intermedio Temprano,-100,800,no determinada,False,Nasca Peru,7th century,600,700,990,1899,1.88,617742,CC0 (dominio publico),https://www.metmuseum.org/art/collection/search/308029
met,308030,data/raw/met/images/met_308030.jpg,Tunic Fragment,Textiles-Woven,"Cotton, camelid hair",wari,Horizonte Medio,600,1000,no determinada,False,Wari Peru,7th–9th century,600,900,2145,2929,6.28,2549812,CC0 (dominio publico),https://www.metmuseum.org/art/collection/search/308030
met,308031,data/raw/met/images/met_308031.jpg,Embroidered Fragment with Figures,Textiles-Woven,"Camelid hair, cotton",paracas,Horizonte Temprano,-800,100,costa sur,False,Paracas Peru,3rd–2nd century BCE,-300,-100,2264,756,1.71,710135,CC0 (dominio publico),https://www.metmuseum.org/art/collection/search/308031
met,308034,data/raw/met/images/met_308034.jpg,Embroidered Mantle Fragment,Textiles-Woven,Camelid hair,paracas,Horizonte Temprano,-800,100,costa sur,False,Paracas Peru,5th–2nd century BCE,-500,-100,680,432,0.29,80323,CC0 (dominio publico),https://www.metmuseum.org/art/collection/search/308034
met,308035,data/raw/met/images/met_308035.jpg,Embroidered Mantle Fragment,Textiles-Woven,Camelid hair,paracas,Horizonte Temprano,-800,100,costa sur,False,Paracas Peru,5th–2nd century BCE,-500,-100,275,700,0.19,65568,CC0 (dominio publico),https://www.metmuseum.org/art/collection/search/308035
met,308036,data/raw/met/images/met_308036.jpg,Embroidered Mantle Fragment,Textiles-Woven,Camelid hair,paracas,Horizonte Temprano,-800,100,costa sur,False,Paracas Peru,5th–2nd century BCE,-500,-100,2258,1608,3.63,582762,CC0 (dominio publico),https://www.metmuseum.org/art/collection/search/308036
met,308037,data/raw/met/images/met_308037.jpg,Embroidered Border Fragment,Textiles-Woven,Camelid hair,paracas,Horizonte Temprano,-800,100,costa sur,False,Paracas Peru,4th–2nd century BCE,-400,-100,122,700,0.09,28176,CC0 (dominio publico),https://www.metmuseum.org/art/collection/search/308037
met,308038,data/raw/met/images/met_308038.jpg,Border Fragment,Textiles-Woven,"Camelid hair, cotton",nasca,Intermedio Temprano,-100,800,no determinada,False,Nasca Peru,2nd century BCE,-200,-100,1989,855,1.7,425887,CC0 (dominio publico),https://www.metmuseum.org/art/collection/search/308038
met,308039,data/raw/met/images/met_308039.jpg,Embroidered Mantle Fragment,Textiles-Woven,Camelid hair,paracas,Horizonte Temprano,-800,100,costa sur,False,Paracas Peru,3rd–2nd century BCE,-300,-100,2016,1755,3.54,1301559,CC0 (dominio publico),https://www.metmuseum.org/art/collection/search/308039
met,308040,data/raw/met/images/met_308040.jpg,Embroidered Mantle Fragment,Textiles-Woven,Camelid hair,paracas,Horizonte Temprano,-800,100,costa sur,False,Paracas Peru,3rd–2nd century BCE,-300,-100,2016,1755,3.54,1276657,CC0 (dominio publico),https://www.metmuseum.org/art/collection/search/308040
met,308041,data/raw/met/images/met_308041.jpg,Border Fragment,Textiles-Woven,"Camelid hair, cotton",nasca,Intermedio Temprano,-100,800,no determinada,False,Nasca Peru,2nd century BCE,-200,-100,1971,396,0.78,152995,CC0 (dominio publico),https://www.metmuseum.org/art/collection/search/308041
met,308042,data/raw/met/images/met_308042.jpg,Embroidered Border Fragment,Textiles-Woven,Camelid hair,paracas,Horizonte Temprano,-800,100,costa sur,False,Paracas Peru,5th–3rd century BCE,-500,-200,2000,1279,2.56,2851520,CC0 (dominio publico),https://www.metmuseum.org/art/collection/search/308042
met,308043,data/raw/met/images/met_308043.jpg,Embroidered Border Fragment,Textiles-Woven,"Camelid hair, cotton",paracas,Horizonte Temprano,-800,100,costa sur,False,Paracas Peru,5th–2nd century BCE,-500,-100,479,700,0.34,114084,CC0 (dominio publico),https://www.metmuseum.org/art/collection/search/308043
met,308044,data/raw/met/images/met_308044.jpg,Embroidered Border Fragment,Textiles-Woven,Camelid hair,paracas,Horizonte Temprano,-800,100,costa sur,False,Paracas Peru,5th–4th century BCE,-500,-300,150,700,0.1,36665,CC0 (dominio publico),https://www.metmuseum.org/art/collection/search/308044
met,308045,data/raw/met/images/met_308045.jpg,Embroidered Border Fragment,Textiles-Woven,Camelid hair,nasca,Intermedio Temprano,-100,800,no determinada,False,Nasca Peru,3rd–2nd century BCE,-300,-100,304,700,0.21,70164,CC0 (dominio publico),https://www.metmuseum.org/art/collection/search/308045
met,308046,data/raw/met/images/met_308046.jpg,Embroidered Border Fragment,Textiles-Velvets,Camelid hair,paracas,Horizonte Temprano,-800,100,costa sur,False,Paracas Peru,5th–2nd century BCE,-500,-100,1585,700,1.11,547245,CC0 (dominio publico),https://www.metmuseum.org/art/collection/search/308046
met,308047,data/raw/met/images/met_308047.jpg,Embroidered Border Fragment,Textiles-Woven,"Camelid hair, cotton",paracas,Horizonte Temprano,-800,100,costa sur,False,Paracas Peru,5th–2nd century BCE,-500,-100,293,700,0.21,64867,CC0 (dominio publico),https://www.metmuseum.org/art/collection/search/308047
met,308048,data/raw/met/images/met_308048.jpg,Embroidered Fragment with Figures,Textiles-Woven,Camelid hair,paracas,Horizonte Temprano,-800,100,costa sur,False,Paracas Peru,5th–2nd century BCE,-500,-100,385,700,0.27,95210,CC0 (dominio publico),https://www.metmuseum.org/art/collection/search/308048
met,308049,data/raw/met/images/met_308049.jpg,Embroidered Border Fragment,Textiles-Woven,"Camelid hair, cotton",paracas,Horizonte Temprano,-800,100,costa sur,False,Paracas Peru,4th–2nd century BCE,-400,-100,415,700,0.29,72079,CC0 (dominio publico),https://www.metmuseum.org/art/collection/search/308049
met,308050,data/raw/met/images/met_308050.jpg,Embroidered Border Fragment,Textiles-Woven,"Camelid hair, cotton",paracas,Horizonte Temprano,-800,100,costa sur,False,Paracas Peru,4th–3rd century BCE,-400,-200,287,700,0.2,52349,CC0 (dominio publico),https://www.metmuseum.org/art/collection/search/308050
met,308051,data/raw/met/images/met_308051.jpg,Embroidered Border Fragment,Textiles-Woven,"Camelid hair, cotton",paracas,Horizonte Temprano,-800,100,costa sur,False,Paracas Peru,5th–2nd century BCE,-500,-100,182,700,0.13,42153,CC0 (dominio publico),https://www.metmuseum.org/art/collection/search/308051
met,308052,data/raw/met/images/met_308052.jpg,Embroidered Border Fragment,Textiles-Woven,"Camelid hair, cotton",paracas,Horizonte Temprano,-800,100,costa sur,False,Paracas Peru,5th–2nd century BCE,-500,-100,426,700,0.3,86652,CC0 (dominio publico),https://www.metmuseum.org/art/collection/search/308052
met,308053,data/raw/met/images/met_308053.jpg,Embroidered Border Fragment,Textiles-Woven,Camelid hair,paracas,Horizonte Temprano,-800,100,costa sur,False,Paracas Peru,5th–3rd century BCE,-500,-200,466,700,0.33,111559,CC0 (dominio publico),https://www.metmuseum.org/art/collection/search/308053
met,308054,data/raw/met/images/met_308054.jpg,Embroidered Border Fragment,Textiles-Woven,"Camelid hair, cotton",paracas,Horizonte Temprano,-800,100,costa sur,False,Paracas Peru,4th–3rd century BCE,-400,-200,178,700,0.12,39774,CC0 (dominio publico),https://www.metmuseum.org/art/collection/search/308054
met,308055,data/raw/met/images/met_308055.jpg,Embroidered Neck Border,Textiles-Woven,"Camelid hair, cotton",paracas,Horizonte Temprano,-800,100,costa sur,False,Paracas Peru,4th–3rd century BCE,-400,-200,232,700,0.16,36782,CC0 (dominio publico),https://www.metmuseum.org/art/collection/search/308055
met,308056,data/raw/met/images/met_308056.jpg,Embroidered Fragment,Textiles-Woven,Camelid hair,paracas,Horizonte Temprano,-800,100,costa sur,False,Paracas Peru,5th–2nd century BCE,-500,-100,496,700,0.35,114327,CC0 (dominio publico),https://www.metmuseum.org/art/collection/search/308056
met,308057,data/raw/met/images/met_308057.jpg,Embroidered Fragment with Figures,Textiles-Woven,Camelid hair,paracas,Horizonte Temprano,-800,100,costa sur,False,Paracas Peru,5th–2nd century BCE,-500,-100,496,700,0.35,114168,CC0 (dominio publico),https://www.metmuseum.org/art/collection/search/308057
met,308058,data/raw/met/images/met_308058.jpg,Embroidered Border Fragment,Textiles-Woven,Camelid hair,paracas,Horizonte Temprano,-800,100,costa sur,False,Paracas Peru,4th–3rd century BCE,-400,-200,680,445,0.3,82695,CC0 (dominio publico),https://www.metmuseum.org/art/collection/search/308058
met,308059,data/raw/met/images/met_308059.jpg,Embroidered Border Fragment,Textiles-Woven,"Camelid hair, cotton",paracas,Horizonte Temprano,-800,100,costa sur,False,Paracas Peru,4th century BCE,-400,-300,680,643,0.44,103896,CC0 (dominio publico),https://www.metmuseum.org/art/collection/search/308059
met,308060,data/raw/met/images/met_308060.jpg,Embroidered Border Fragment,Textiles-Woven,Camelid hair,paracas,Horizonte Temprano,-800,100,costa sur,False,Paracas Peru,5th–4th century BCE,-500,-300,275,700,0.19,58280,CC0 (dominio publico),https://www.metmuseum.org/art/collection/search/308060
met,308061,data/raw/met/images/met_308061.JPG,Embroidered Border Fragment,Textiles-Woven,"Camelid hair, cotton",paracas,Horizonte Temprano,-800,100,costa sur,False,Paracas Peru,4th–3rd century BCE,-400,-200,330,700,0.23,68933,CC0 (dominio publico),https://www.metmuseum.org/art/collection/search/308061
met,308062,data/raw/met/images/met_308062.jpg,Embroidered Border Fragment,Textiles-Woven,"Camelid hair, cotton",paracas,Horizonte Temprano,-800,100,costa sur,False,Paracas Peru,5th–3rd century BCE,-500,-200,425,700,0.3,88375,CC0 (dominio publico),https://www.metmuseum.org/art/collection/search/308062
met,308063,data/raw/met/images/met_308063.jpg,Embroidered Border Fragment,Textiles-Woven,"Camelid hair, cotton",paracas,Horizonte Temprano,-800,100,costa sur,False,Paracas Peru,4th–3rd century BCE,-400,-200,680,205,0.14,46597,CC0 (dominio publico),https://www.metmuseum.org/art/collection/search/308063
met,308064,data/raw/met/images/met_308064.jpg,Embroidered Border Fragment,Textiles-Woven,"Camelid hair, cotton",paracas,Horizonte Temprano,-800,100,costa sur,False,Paracas Peru,5th–2nd century BCE,-500,-100,120,700,0.08,29172,CC0 (dominio publico),https://www.metmuseum.org/art/collection/search/308064
met,308065,data/raw/met/images/met_308065.jpg,Embroidered Border Fragment,Textiles-Woven,"Camelid hair, cotton",paracas,Horizonte Temprano,-800,100,costa sur,False,Paracas Peru,5th–2nd century BCE,-500,-100,680,204,0.14,37006,CC0 (dominio publico),https://www.metmuseum.org/art/collection/search/308065
met,308066,data/raw/met/images/met_308066.jpg,Embroidered Border Fragment,Textiles-Woven,"Camelid hair, cotton",paracas,Horizonte Temprano,-800,100,costa sur,False,Paracas Peru,5th–2nd century BCE,-500,-100,361,700,0.25,69964,CC0 (dominio publico),https://www.metmuseum.org/art/collection/search/308066
met,308067,data/raw/met/images/met_308067.jpg,Embroidered Border Fragment,Textiles-Woven,"Camelid hair, cotton",paracas,Horizonte Temprano,-800,100,costa sur,False,Paracas Peru,4th–3rd century BCE,-400,-200,155,700,0.11,28068,CC0 (dominio publico),https://www.metmuseum.org/art/collection/search/308067
met,308068,data/raw/met/images/met_308068.jpg,Embroidered Mantle Fragment,Textiles-Woven,Camelid hair,paracas,Horizonte Temprano,-800,100,costa sur,False,Paracas Peru,5th–2nd century BCE,-500,-100,246,700,0.17,56437,CC0 (dominio publico),https://www.metmuseum.org/art/collection/search/308068
met,308069,data/raw/met/images/met_308069.jpg,Embroidered Border Fragment,Textiles-Woven,"Camelid hair, cotton",paracas,Horizonte Temprano,-800,100,costa sur,False,Paracas Peru,4th–3rd century BCE,-400,-200,167,700,0.12,30830,CC0 (dominio publico),https://www.metmuseum.org/art/collection/search/308069
met,308070,data/raw/met/images/met_308070.jpg,Embroidered Mantle Fragment,Textiles-Woven,Camelid hair,paracas,Horizonte Temprano,-800,100,costa sur,False,Paracas Peru,3rd–2nd century BCE,-300,-100,492,700,0.34,93743,CC0 (dominio publico),https://www.metmuseum.org/art/collection/search/308070
met,308071,data/raw/met/images/met_308071.jpg,Embroidered Border Fragment,Textiles-Woven,"Camelid hair, cotton",paracas,Horizonte Temprano,-800,100,costa sur,False,Paracas Peru,4th–2nd century BCE,-400,-100,120,700,0.08,21459,CC0 (dominio publico),https://www.metmuseum.org/art/collection/search/308071
met,308072,data/raw/met/images/met_308072.jpg,Embroidered Mantle Fragment,Textiles-Woven,Camelid hair,paracas,Horizonte Temprano,-800,100,costa sur,False,Paracas Peru,3rd–2nd century BCE,-300,-100,492,700,0.34,99496,CC0 (dominio publico),https://www.metmuseum.org/art/collection/search/308072
met,308073,data/raw/met/images/met_308073.jpg,Embroidered Border Fragment,Textiles-Woven,"Camelid hair, cotton",paracas,Horizonte Temprano,-800,100,costa sur,False,Paracas Peru,4th–3rd century BCE,-400,-200,111,700,0.08,22641,CC0 (dominio publico),https://www.metmuseum.org/art/collection/search/308073
met,308074,data/raw/met/images/met_308074.jpg,Embroidered Border Fragment,Textiles-Woven,"Camelid hair, cotton",paracas,Horizonte Temprano,-800,100,costa sur,False,Paracas Peru,5th–3rd century BCE,-500,-200,529,700,0.37,123686,CC0 (dominio publico),https://www.metmuseum.org/art/collection/search/308074
met,308075,data/raw/met/images/met_308075.jpg,Border Fragment,Textiles-Woven,"Camelid hair, cotton",paracas,Horizonte Temprano,-800,100,costa sur,False,Paracas Peru,4th–3rd century BCE,-400,-200,1179,1521,1.79,539365,CC0 (dominio publico),https://www.metmuseum.org/art/collection/search/308075
met,308076,data/raw/met/images/met_308076.jpg,Embroidered Mantle Fragment,Textiles-Woven,Camelid hair,paracas,Horizonte Temprano,-800,100,costa sur,False,Paracas Peru,3rd–2nd century BCE,-300,-100,2272,1704,3.87,1071328,CC0 (dominio publico),https://www.metmuseum.org/art/collection/search/308076
met,308077,data/raw/met/images/met_308077.jpg,Embroidered Mantle Fragment,Textiles-Woven,Camelid hair,paracas,Horizonte Temprano,-800,100,costa sur,False,Paracas Peru,3rd–2nd century BCE,-300,-100,1647,1881,3.1,1139882,CC0 (dominio publico),https://www.metmuseum.org/art/collection/search/308077
met,308078,data/raw/met/images/met_308078.jpg,"Border fragment, figures with staves",Textiles-Woven,Camelid hair,paracas,Horizonte Temprano,-800,100,costa sur,False,Paracas Peru,4th–3rd century BCE,-400,-200,1063,4000,4.25,2338959,CC0 (dominio publico),https://www.metmuseum.org/art/collection/search/308078
met,308079,data/raw/met/images/met_308079.jpg,Tapestry Panel with Stars,Textiles-Woven,"Camelid hair, cotton",inca,Horizonte Tardio,1400,1533,no determinada,False,Inca Peru,15th–16th century,1400,1600,1296,1827,2.37,669851,CC0 (dominio publico),https://www.metmuseum.org/art/collection/search/308079
met,308080,data/raw/met/images/met_308080.jpg,Tapestry Band Fragment,Textiles-Woven,"Camelid hair, cotton",sican,Intermedio Tardio,800,1350,costa norte,False,Lambayeque (Sicán) Peru,9th–13th century,800,1300,865,2825,2.44,891191,CC0 (dominio publico),https://www.metmuseum.org/art/collection/search/308080
met,308081,data/raw/met/images/met_308081.jpg,Tunic Fragment,Textiles-Woven,Camelid hair,wari,Horizonte Medio,600,1000,no determinada,False,Wari Peru,7th–9th century,600,900,276,700,0.19,56486,CC0 (dominio publico),https://www.metmuseum.org/art/collection/search/308081
met,308082,data/raw/met/images/met_308082.jpg,Cloth Fragment with Birds,Textiles-Woven,"Cotton, camelid hair",no determinada,no determinado,,,costa norte,True,Peru; north coast (?) Peru,10th–15th century,900,1500,1890,1710,3.23,761911,CC0 (dominio publico),https://www.metmuseum.org/art/collection/search/308082
met,308083,data/raw/met/images/met_308083.jpg,Tapestry Fragment,Textiles-Woven,Camelid hair,inca,Horizonte Tardio,1400,1533,no determinada,True,Inca (?) Peru,15th–16th century,1400,1600,1755,1341,2.35,628690,CC0 (dominio publico),https://www.metmuseum.org/art/collection/search/308083
met,308084,data/raw/met/images/met_308084.jpg,Tapestry Border Fragment,Textiles-Woven,Camelid hair,no determinada,no determinado,,,no determinada,False,Peruvian Peru,10th–14th century,900,1400,170,728,0.12,42580,CC0 (dominio publico),https://www.metmuseum.org/art/collection/search/308084
met,308085,data/raw/met/images/met_308085.jpg,Joined Tapestry Fragments with Fringe,Textiles-Woven,Camelid hair,no determinada,no determinado,,,costa central,True,Peru; central coast (?) Peru,10th–15th century,900,1500,918,1881,1.73,510663,CC0 (dominio publico),https://www.metmuseum.org/art/collection/search/308085
met,308086,data/raw/met/images/met_308086.jpg,Tapestry Fragment,Textiles-Woven,Camelid hair,no determinada,no determinado,,,costa central,True,Peru; central coast (?) Peru,10th–15th century,900,1500,612,1899,1.16,295536,CC0 (dominio publico),https://www.metmuseum.org/art/collection/search/308086
met,308087,data/raw/met/images/met_308087.jpg,Tapestry Fragment,Textiles-Woven,Camelid hair,no determinada,no determinado,,,costa central,True,Peru; central coast (?) Peru,10th–15th century,900,1500,302,728,0.22,69522,CC0 (dominio publico),https://www.metmuseum.org/art/collection/search/308087
met,308088,data/raw/met/images/met_308088.jpg,Tunic Fragment,Textiles-Woven,"Cotton, camelid hair",wari,Horizonte Medio,600,1000,no determinada,False,Wari Peru,7th–9th century,600,900,2052,1230,2.52,634519,CC0 (dominio publico),https://www.metmuseum.org/art/collection/search/308088
met,308089,data/raw/met/images/met_308089.jpg,Border Fragment,Textiles-Woven,"Camelid hair, cotton",no determinada,no determinado,,,costa central,True,Peru; central coast (?) Peru,10th–15th century,900,1500,2793,2073,5.79,2156132,CC0 (dominio publico),https://www.metmuseum.org/art/collection/search/308089
met,308090,data/raw/met/images/met_308090.jpg,Tunic Fragment,Textiles-Woven,"Cotton, camelid hair",wari,Horizonte Medio,600,1000,no determinada,False,Wari Peru,7th–9th century,600,900,927,1944,1.8,502931,CC0 (dominio publico),https://www.metmuseum.org/art/collection/search/308090
met,308091,data/raw/met/images/met_308091.jpg,Border Fragment,Textiles-Woven,"Camelid hair, cotton",chimu,Intermedio Tardio,900,1470,no determinada,False,Chimú Peru,12th–14th century,1100,1400,4000,2649,10.6,7657023,CC0 (dominio publico),https://www.metmuseum.org/art/collection/search/308091
met,308092,data/raw/met/images/met_308092.jpg,Tunic Fragment,Textiles-Woven,"Camelid hair, cotton",wari,Horizonte Medio,600,1000,no determinada,False,Wari Peru,7th–9th century,600,900,1530,1944,2.97,803000,CC0 (dominio publico),https://www.metmuseum.org/art/collection/search/308092
met,308093,data/raw/met/images/met_308093.jpg,Fragment with Hook Pattern,Textiles-Woven,"Camelid hair, cotton",ica,Intermedio Tardio,1000,1470,no determinada,False,Ica Peru,10th–15th century,900,1500,2929,1489,4.36,1723966,CC0 (dominio publico),https://www.metmuseum.org/art/collection/search/308093
met,308094,data/raw/met/images/met_308094.jpg,Tunic Fragment,Textiles-Woven,"Camelid hair, cotton",wari,Horizonte Medio,600,1000,no determinada,False,Wari Peru,7th–9th century,600,900,1368,1899,2.6,786404,CC0 (dominio publico),https://www.metmuseum.org/art/collection/search/308094
met,308095,data/raw/met/images/met_308095.jpg,Embroidered Fragment,Textiles-Woven,"Cotton, camelid hair",no determinada,no determinado,,,costa norte,True,Peru; north coast (?) Peru,10th–15th century,900,1500,1314,1863,2.45,769182,CC0 (dominio publico),https://www.metmuseum.org/art/collection/search/308095
met,308096,data/raw/met/images/met_308096.jpg,Embroidered Fragment,Textiles-Woven,"Cotton, camelid hair",no determinada,no determinado,,,costa norte,True,Peru; north coast (?) Peru,10th–15th century,900,1500,1647,1908,3.14,863402,CC0 (dominio publico),https://www.metmuseum.org/art/collection/search/308096
met,308097,data/raw/met/images/met_308097.jpg,Embroidered Mantle Fragment,Textiles-Woven,"Camelid hair, cotton",paracas,Horizonte Temprano,-800,100,costa sur,False,Paracas Peru,3rd–2nd century BCE,-300,-100,1440,1746,2.51,906836,CC0 (dominio publico),https://www.metmuseum.org/art/collection/search/308097
met,308098,data/raw/met/images/met_308098.jpg,Embroidered Mantle Fragment,Textiles-Woven,Camelid hair,paracas,Horizonte Temprano,-800,100,costa sur,False,Paracas Peru,3rd–2nd century BCE,-300,-100,1377,1647,2.27,727505,CC0 (dominio publico),https://www.metmuseum.org/art/collection/search/308098
met,308099,data/raw/met/images/met_308099.jpg,Mantle Fragment,Textiles-Woven,"Camelid hair, cotton",paracas,Horizonte Temprano,-800,100,costa sur,False,Paracas Peru,3rd–2nd century BCE,-300,-100,1719,1791,3.08,1105617,CC0 (dominio publico),https://www.metmuseum.org/art/collection/search/308099
met,308100,data/raw/met/images/met_308100.jpg,Embroidered Fragment,Textiles-Woven,Camelid hair,paracas,Horizonte Temprano,-800,100,costa sur,False,Paracas Peru,5th–2nd century BCE,-500,-100,747,792,0.59,262544,CC0 (dominio publico),https://www.metmuseum.org/art/collection/search/308100
met,308101,data/raw/met/images/met_308101.jpg,Embroidered Mantle Fragment,Textiles-Woven,Camelid hair,paracas,Horizonte Temprano,-800,100,costa sur,False,Paracas Peru,5th–2nd century BCE,-500,-100,1557,1989,3.1,1136002,CC0 (dominio publico),https://www.metmuseum.org/art/collection/search/308101
met,308102,data/raw/met/images/met_308102.jpg,Embroidered Mantle Fragment,Textiles-Woven,"Camelid hair, cotton",paracas,Horizonte Temprano,-800,100,costa sur,False,Paracas Peru,3rd–2nd century BCE,-300,-100,555,700,0.39,120890,CC0 (dominio publico),https://www.metmuseum.org/art/collection/search/308102
met,308103,data/raw/met/images/met_308103.jpg,Mantle Fragment,Textiles-Woven,"Camelid hair, cotton",paracas,Horizonte Temprano,-800,100,costa sur,False,Paracas Peru,3rd–2nd century BCE,-300,-100,1683,1791,3.01,1056606,CC0 (dominio publico),https://www.metmuseum.org/art/collection/search/308103
met,308104,data/raw/met/images/met_308104.jpg,Embroidered Mantle Fragment,Textiles-Woven,"Camelid hair, cotton",paracas,Horizonte Temprano,-800,100,costa sur,False,Paracas Peru,3rd–2nd century BCE,-300,-100,1404,1908,2.68,939883,CC0 (dominio publico),https://www.metmuseum.org/art/collection/search/308104
met,308105,data/raw/met/images/met_308105.jpg,Embroidered Mantle Fragment,Textiles-Woven,Camelid hair,paracas,Horizonte Temprano,-800,100,costa sur,False,Paracas Peru,5th–2nd century BCE,-500,-100,1440,1746,2.51,966459,CC0 (dominio publico),https://www.metmuseum.org/art/collection/search/308105
met,308106,data/raw/met/images/met_308106.jpg,Embroidered Fragment,Textiles-Woven,Camelid hair,paracas,Horizonte Temprano,-800,100,costa sur,False,Paracas Peru,5th–2nd century BCE,-500,-100,2258,1608,3.63,569635,CC0 (dominio publico),https://www.metmuseum.org/art/collection/search/308106
met,308107,data/raw/met/images/met_308107.jpg,Embroidered Mantle Fragment,Textiles-Woven,"Camelid hair, cotton",paracas,Horizonte Temprano,-800,100,costa sur,False,Paracas Peru,3rd–2nd century BCE,-300,-100,1350,1872,2.53,867303,CC0 (dominio publico),https://www.metmuseum.org/art/collection/search/308107
met,308108,data/raw/met/images/met_308108.jpg,Embroidered Mantle Fragment,Textiles-Woven,"Camelid hair, cotton",paracas,Horizonte Temprano,-800,100,costa sur,False,Paracas Peru,3rd–2nd century BCE,-300,-100,1431,1854,2.65,942824,CC0 (dominio publico),https://www.metmuseum.org/art/collection/search/308108
met,308109,data/raw/met/images/met_308109.jpg,Embroidered Fragment,Textiles-Woven,Camelid hair,paracas,Horizonte Temprano,-800,100,costa sur,False,Paracas Peru,5th–2nd century BCE,-500,-100,1368,1224,1.67,368780,CC0 (dominio publico),https://www.metmuseum.org/art/collection/search/308109
met,308110,data/raw/met/images/met_308110.jpg,Embroidered Fragment,Textiles-Woven,"Camelid hair, cotton",paracas,Horizonte Temprano,-800,100,costa sur,False,Paracas Peru,4th–3rd century BCE,-400,-200,1575,1926,3.03,801950,CC0 (dominio publico),https://www.metmuseum.org/art/collection/search/308110
met,308111,data/raw/met/images/met_308111.jpg,Embroidered Fragment,Textiles-Woven,"Camelid hair, cotton",paracas,Horizonte Temprano,-800,100,costa sur,False,Paracas Peru,3rd–2nd century BCE,-300,-100,410,700,0.29,87472,CC0 (dominio publico),https://www.metmuseum.org/art/collection/search/308111
met,308112,data/raw/met/images/met_308112.jpg,Embroidered Fragment,Textiles-Woven,"Camelid hair, cotton",paracas,Horizonte Temprano,-800,100,costa sur,False,Paracas Peru,4th–3rd century BCE,-400,-200,1161,1350,1.57,419156,CC0 (dominio publico),https://www.metmuseum.org/art/collection/search/308112
met,308113,data/raw/met/images/met_308113.jpg,Embroidered Fragment with Figure,Textiles-Woven,Camelid hair,paracas,Horizonte Temprano,-800,100,costa sur,False,Paracas Peru,3rd–2nd century BCE,-300,-100,519,700,0.36,105542,CC0 (dominio publico),https://www.metmuseum.org/art/collection/search/308113
met,308114,data/raw/met/images/met_308114.jpg,Embroidered Border Fragment,Textiles-Woven,"Camelid hair, cotton",nasca,Intermedio Temprano,-100,800,no determinada,False,Nasca Peru,3rd–2nd century BCE,-300,-100,167,700,0.12,37148,CC0 (dominio publico),https://www.metmuseum.org/art/collection/search/308114
met,308115,data/raw/met/images/met_308115.jpg,Panel with Face,Textiles-Woven,"Cotton, camelid hair",wari,Horizonte Medio,600,1000,no determinada,False,Wari Peru,7th–12th century,600,1200,1431,1422,2.03,570555,CC0 (dominio publico),https://www.metmuseum.org/art/collection/search/308115
met,308116,data/raw/met/images/met_308116.jpg,Panel,Textiles-Woven,"Cotton, camelid hair",wari,Horizonte Medio,600,1000,no determinada,False,Wari Peru,7th–12th century,600,1200,1008,972,0.98,271792,CC0 (dominio publico),https://www.metmuseum.org/art/collection/search/308116
met,308117,data/raw/met/images/met_308117.jpg,Tapestry Border Fragment,Textiles-Woven,"Camelid hair, cotton",no determinada,no determinado,,,costa central,True,Peru; central coast (?) Peru,10th–15th century,900,1500,2913,1289,3.75,1198452,CC0 (dominio publico),https://www.metmuseum.org/art/collection/search/308117
met,308118,data/raw/met/images/met_308118.jpg,Tapestry Border Fragment,Textiles-Woven,"Camelid hair, cotton",no determinada,no determinado,,,costa central,True,Peru; central coast (?) Peru,10th–15th century,900,1500,495,1935,0.96,250624,CC0 (dominio publico),https://www.metmuseum.org/art/collection/search/308118
met,308119,data/raw/met/images/met_308119.jpg,Mantle Fragment,Textiles-Woven,"Cotton, camelid hair",chimu,Intermedio Tardio,900,1470,no determinada,False,Chimú Peru,12th–15th century,1100,1500,2121,2505,5.31,2319572,CC0 (dominio publico),https://www.metmuseum.org/art/collection/search/308119
met,308120,data/raw/met/images/met_308120.jpg,Tunic,Textiles-Woven,"Camelid hair, cotton",inca,Horizonte Tardio,1400,1533,no determinada,False,Inca Peru,1460–1540,1460,1540,3452,4000,13.81,6928311,CC0 (dominio publico),https://www.metmuseum.org/art/collection/search/308120
met,308121,data/raw/met/images/met_308121.jpg,Four-Cornered Hat,Textiles-Woven,"Camelid hair, cotton",wari,Horizonte Medio,600,1000,no determinada,False,Wari Peru,7th–9th century,600,900,3797,4000,15.19,4234392,CC0 (dominio publico),https://www.metmuseum.org/art/collection/search/308121
met,308122,data/raw/met/images/met_308122.jpg,Embroidered Band Fragment,Textiles-Woven,"Camelid hair, cotton",paracas,Horizonte Temprano,-800,100,costa sur,False,Paracas Peru,4th–3rd century BCE,-400,-200,120,700,0.08,21572,CC0 (dominio publico),https://www.metmuseum.org/art/collection/search/308122
met,308124,data/raw/met/images/met_308124.jpg,Skein of Camelid Hair,Textiles,Camelid hair,no determinada,no determinado,,,no determinada,True,Peruvian Peru,10th–16th century (?),900,1600,2137,2529,5.4,1778113,CC0 (dominio publico),https://www.metmuseum.org/art/collection/search/308124
met,308125,data/raw/met/images/met_308125.jpg,Skein of Camelid Hair,Textiles,Camelid hair,no determinada,no determinado,,,no determinada,True,Peruvian Peru,10th–16th century (?),900,1600,2137,2529,5.4,1750541,CC0 (dominio publico),https://www.metmuseum.org/art/collection/search/308125
met,308126,data/raw/met/images/met_308126.jpg,Skein of Camelid Hair,Textiles,Camelid hair,no determinada,no determinado,,,no determinada,True,Peruvian Peru,10th–16th century (?),900,1600,2137,2529,5.4,1750541,CC0 (dominio publico),https://www.metmuseum.org/art/collection/search/308126
met,308127,data/raw/met/images/met_308127.jpg,Skein of Camelid Hair,Textiles,Camelid hair,no determinada,no determinado,,,no determinada,True,Peruvian Peru,10th–16th century (?),900,1600,2137,2529,5.4,1750541,CC0 (dominio publico),https://www.metmuseum.org/art/collection/search/308127
met,308128,data/raw/met/images/met_308128.jpg,Skein of Camelid Hair,Textiles,Camelid hair,no determinada,no determinado,,,no determinada,True,Peruvian Peru,10th–16th century (?),900,1600,2137,2529,5.4,1750541,CC0 (dominio publico),https://www.metmuseum.org/art/collection/search/308128
met,308129,data/raw/met/images/met_308129.jpg,Skein of Camelid Hair,Textiles,Camelid hair,no determinada,no determinado,,,no determinada,True,Peruvian Peru,10th–16th century (?),900,1600,2137,2529,5.4,1750541,CC0 (dominio publico),https://www.metmuseum.org/art/collection/search/308129
met,308130,data/raw/met/images/met_308130.jpg,Skein of Camelid Hair,Textiles,Camelid hair,no determinada,no determinado,,,no determinada,True,Peruvian Peru,10th–16th century (?),900,1600,2137,2529,5.4,1750541,CC0 (dominio publico),https://www.metmuseum.org/art/collection/search/308130
met,308131,data/raw/met/images/met_308131.jpg,Skein of Camelid Hair,Textiles,Camelid hair,no determinada,no determinado,,,no determinada,True,Peruvian Peru,10th–16th century (?),900,1600,2137,2529,5.4,1750541,CC0 (dominio publico),https://www.metmuseum.org/art/collection/search/308131
met,308132,data/raw/met/images/met_308132.jpg,Skein of Camelid Hair,Textiles,Camelid hair,no determinada,no determinado,,,no determinada,True,Peruvian Peru,10th–16th century (?),900,1600,2137,2529,5.4,1750541,CC0 (dominio publico),https://www.metmuseum.org/art/collection/search/308132
met,308133,data/raw/met/images/met_308133.jpg,Skein of Camelid Hair,Textiles,Camelid hair,no determinada,no determinado,,,no determinada,True,Peruvian Peru,10th–16th century (?),900,1600,2137,2529,5.4,1750541,CC0 (dominio publico),https://www.metmuseum.org/art/collection/search/308133
met,308134,data/raw/met/images/met_308134.jpg,Skein of Camelid Hair,Textiles,Camelid hair,no determinada,no determinado,,,no determinada,True,Peruvian Peru,10th–16th century (?),900,1600,2137,2529,5.4,1750541,CC0 (dominio publico),https://www.metmuseum.org/art/collection/search/308134
met,308135,data/raw/met/images/met_308135.jpg,Wooden Spindle,Textiles-Implements,"Wood, camelid hair",no determinada,no determinado,,,no determinada,True,Peruvian Peru,10th–16th century (?),900,1600,1885,2328,4.39,818205,CC0 (dominio publico),https://www.metmuseum.org/art/collection/search/308135
met,308136,data/raw/met/images/met_308136.jpg,Wooden Spindle,Textiles-Implements,"Wood, camelid hair",no determinada,no determinado,,,no determinada,True,Peruvian Peru,10th–16th century (?),900,1600,1885,2328,4.39,782810,CC0 (dominio publico),https://www.metmuseum.org/art/collection/search/308136
met,308137,data/raw/met/images/met_308137.jpg,Wooden Spindle,Textiles-Implements,"Wood, camelid hair",no determinada,no determinado,,,no determinada,True,Peruvian Peru,10th–16th century (?),900,1600,1885,2328,4.39,782810,CC0 (dominio publico),https://www.metmuseum.org/art/collection/search/308137
met,308138,data/raw/met/images/met_308138.jpg,Wooden Spindle,Textiles-Implements,"Wood, camelid hair",no determinada,no determinado,,,no determinada,True,Peruvian Peru,10th–16th century (?),900,1600,1885,2328,4.39,782810,CC0 (dominio publico),https://www.metmuseum.org/art/collection/search/308138
met,308139,data/raw/met/images/met_308139.jpg,Wooden Spindle,Textiles-Implements,"Wood, camelid hair",no determinada,no determinado,,,no determinada,True,Peruvian Peru,10th–16th century (?),900,1600,1885,2328,4.39,782810,CC0 (dominio publico),https://www.metmuseum.org/art/collection/search/308139
met,308140,data/raw/met/images/met_308140.jpg,Wooden Spindle,Textiles-Implements,"Wood, camelid hair",no determinada,no determinado,,,no determinada,True,Peruvian Peru,10th–16th century (?),900,1600,1885,2328,4.39,782810,CC0 (dominio publico),https://www.metmuseum.org/art/collection/search/308140
met,308141,data/raw/met/images/met_308141.jpg,Wooden Spindle,Textiles-Implements,"Wood, camelid hair",no determinada,no determinado,,,no determinada,True,Peruvian Peru,10th–16th century (?),900,1600,1885,2328,4.39,782810,CC0 (dominio publico),https://www.metmuseum.org/art/collection/search/308141
met,308142,data/raw/met/images/met_308142.jpg,Wooden Spindle,Textiles-Implements,"Wood, camelid hair",no determinada,no determinado,,,no determinada,True,Peruvian Peru,10th–16th century (?),900,1600,1885,2328,4.39,782810,CC0 (dominio publico),https://www.metmuseum.org/art/collection/search/308142
met,308143,data/raw/met/images/met_308143.jpg,Wooden Spindle,Textiles-Implements,"Wood, camelid hair",no determinada,no determinado,,,no determinada,True,Peruvian Peru,10th–16th century (?),900,1600,1885,2328,4.39,782810,CC0 (dominio publico),https://www.metmuseum.org/art/collection/search/308143
met,308144,data/raw/met/images/met_308144.jpg,Wooden Spindle,Textiles-Implements,"Wood, camelid hair",no determinada,no determinado,,,no determinada,True,Peruvian Peru,10th–16th century (?),900,1600,1885,2328,4.39,782810,CC0 (dominio publico),https://www.metmuseum.org/art/collection/search/308144
met,308145,data/raw/met/images/met_308145.jpg,Wooden Spindle,Textiles-Implements,"Wood, camelid hair",no determinada,no determinado,,,no determinada,True,Peruvian Peru,10th–16th century (?),900,1600,1885,2328,4.39,782810,CC0 (dominio publico),https://www.metmuseum.org/art/collection/search/308145
met,308146,data/raw/met/images/met_308146.jpg,Wooden Spindle,Textiles-Implements,"Wood, camelid hair",no determinada,no determinado,,,no determinada,True,Peruvian Peru,10th–16th century (?),900,1600,1885,2328,4.39,782810,CC0 (dominio publico),https://www.metmuseum.org/art/collection/search/308146
met,308147,data/raw/met/images/met_308147.jpg,Wooden Spindle,Textiles-Implements,"Wood, camelid hair",no determinada,no determinado,,,no determinada,True,Peruvian Peru,10th–16th century (?),900,1600,1885,2328,4.39,782810,CC0 (dominio publico),https://www.metmuseum.org/art/collection/search/308147
met,308148,data/raw/met/images/met_308148.jpg,Wooden Spindle,Textiles-Implements,"Wood, camelid hair",no determinada,no determinado,,,no determinada,True,Peruvian Peru,10th–16th century (?),900,1600,1885,2328,4.39,782810,CC0 (dominio publico),https://www.metmuseum.org/art/collection/search/308148
met,308149,data/raw/met/images/met_308149.jpg,Wooden Spindle,Textiles-Implements,"Wood, camelid hair",no determinada,no determinado,,,no determinada,True,Peruvian Peru,10th–16th century (?),900,1600,1885,2328,4.39,782810,CC0 (dominio publico),https://www.metmuseum.org/art/collection/search/308149
met,308150,data/raw/met/images/met_308150.jpg,Wooden Spindle,Textiles-Implements,"Wood, camelid hair",no determinada,no determinado,,,no determinada,True,Peruvian Peru,10th–16th century (?),900,1600,1885,2328,4.39,782810,CC0 (dominio publico),https://www.metmuseum.org/art/collection/search/308150
met,308151,data/raw/met/images/met_308151.jpg,Wooden Spindle,Textiles-Implements,"Wood, camelid hair",no determinada,no determinado,,,no determinada,True,Peruvian Peru,10th–16th century (?),900,1600,1524,1336,2.04,279427,CC0 (dominio publico),https://www.metmuseum.org/art/collection/search/308151
met,308152,data/raw/met/images/met_308152.jpg,Wooden Spindle,Textiles-Implements,"Wood, camelid hair",no determinada,no determinado,,,no determinada,True,Peruvian Peru,10th–16th century (?),900,1600,1524,1336,2.04,264000,CC0 (dominio publico),https://www.metmuseum.org/art/collection/search/308152
met,308153,data/raw/met/images/met_308153.jpg,Wooden Spindle,Textiles-Implements,"Wood, camelid hair",no determinada,no determinado,,,no determinada,True,Peruvian Peru,10th–16th century (?),900,1600,1524,1336,2.04,264000,CC0 (dominio publico),https://www.metmuseum.org/art/collection/search/308153
met,308154,data/raw/met/images/met_308154.jpg,Wooden Spindle,Textiles-Implements,"Wood, camelid hair",no determinada,no determinado,,,no determinada,True,Peruvian Peru,10th–16th century (?),900,1600,1524,1336,2.04,264000,CC0 (dominio publico),https://www.metmuseum.org/art/collection/search/308154
met,308155,data/raw/met/images/met_308155.jpg,Wooden Spindle,Textiles-Implements,"Wood, camelid hair",no determinada,no determinado,,,no determinada,True,Peruvian Peru,10th–16th century (?),900,1600,1524,1336,2.04,264000,CC0 (dominio publico),https://www.metmuseum.org/art/collection/search/308155
met,308156,data/raw/met/images/met_308156.jpg,Wooden Spindle,Textiles-Implements,"Wood, camelid hair",no determinada,no determinado,,,no determinada,True,Peruvian Peru,10th–16th century (?),900,1600,1524,1336,2.04,264000,CC0 (dominio publico),https://www.metmuseum.org/art/collection/search/308156
met,308157,data/raw/met/images/met_308157.jpg,Wooden Spindle,Textiles-Implements,"Wood, camelid hair",no determinada,no determinado,,,no determinada,True,Peruvian Peru,10th–16th century (?),900,1600,1524,1336,2.04,264000,CC0 (dominio publico),https://www.metmuseum.org/art/collection/search/308157
met,308158,data/raw/met/images/met_308158.jpg,Wooden Spindle,Textiles-Implements,"Wood, camelid hair",no determinada,no determinado,,,no determinada,True,Peruvian Peru,10th–16th century (?),900,1600,1524,1336,2.04,264000,CC0 (dominio publico),https://www.metmuseum.org/art/collection/search/308158
met,308159,data/raw/met/images/met_308159.jpg,Wooden Spindle,Textiles-Implements,"Wood, camelid hair",no determinada,no determinado,,,no determinada,True,Peruvian Peru,10th–16th century (?),900,1600,1524,1336,2.04,264000,CC0 (dominio publico),https://www.metmuseum.org/art/collection/search/308159
met,308160,data/raw/met/images/met_308160.jpg,Wooden Spindle,Textiles-Implements,"Wood, camelid hair",no determinada,no determinado,,,no determinada,True,Peruvian Peru,10th–16th century (?),900,1600,1524,1336,2.04,264000,CC0 (dominio publico),https://www.metmuseum.org/art/collection/search/308160
met,308161,data/raw/met/images/met_308161.jpg,Wooden Spindle,Textiles-Implements,"Wood, camelid hair",no determinada,no determinado,,,no determinada,True,Peruvian Peru,10th–16th century (?),900,1600,1524,1336,2.04,264000,CC0 (dominio publico),https://www.metmuseum.org/art/collection/search/308161
met,308162,data/raw/met/images/met_308162.jpg,Wooden Spindle,Textiles-Implements,"Wood, camelid hair",no determinada,no determinado,,,no determinada,True,Peruvian Peru,10th–16th century (?),900,1600,1524,1336,2.04,264000,CC0 (dominio publico),https://www.metmuseum.org/art/collection/search/308162
met,308163,data/raw/met/images/met_308163.jpg,Spindle,Textiles-Implements,"Wood, camelid hair",no determinada,no determinado,,,no determinada,True,Peruvian Peru,10th–16th century (?),900,1600,1524,1336,2.04,264000,CC0 (dominio publico),https://www.metmuseum.org/art/collection/search/308163
met,308164,data/raw/met/images/met_308164.jpg,Spindle,Textiles-Implements,"Wood, camelid hair",no determinada,no determinado,,,no determinada,True,Peruvian Peru,10th–16th century (?),900,1600,1524,1336,2.04,264000,CC0 (dominio publico),https://www.metmuseum.org/art/collection/search/308164
met,308165,data/raw/met/images/met_308165.jpg,Spindle,Textiles-Implements,"Wood, camelid hair",no determinada,no determinado,,,no determinada,True,Peruvian Peru,10th–16th century (?),900,1600,1524,1336,2.04,264000,CC0 (dominio publico),https://www.metmuseum.org/art/collection/search/308165
met,308166,data/raw/met/images/met_308166.jpg,Wooden Spindle,Textiles-Implements,"Wood, camelid hair",no determinada,no determinado,,,no determinada,True,Peruvian Peru,10th–16th century (?),900,1600,1524,1336,2.04,264000,CC0 (dominio publico),https://www.metmuseum.org/art/collection/search/308166
met,308167,data/raw/met/images/met_308167.jpg,Wooden Spindle,Textiles-Implements,"Wood, camelid hair",no determinada,no determinado,,,no determinada,True,Peruvian Peru,10th–16th century (?),900,1600,1524,1336,2.04,264000,CC0 (dominio publico),https://www.metmuseum.org/art/collection/search/308167
met,308168,data/raw/met/images/met_308168.jpg,Wooden Spindle,Textiles-Implements,"Wood, camelid hair",no determinada,no determinado,,,no determinada,True,Peruvian Peru,10th–16th century (?),900,1600,1524,1336,2.04,264000,CC0 (dominio publico),https://www.metmuseum.org/art/collection/search/308168
met,308169,data/raw/met/images/met_308169.jpg,Wooden Spindle,Textiles-Implements,"Wood, camelid hair",no determinada,no determinado,,,no determinada,True,Peruvian Peru,10th–16th century (?),900,1600,1524,1336,2.04,264000,CC0 (dominio publico),https://www.metmuseum.org/art/collection/search/308169
met,308170,data/raw/met/images/met_308170.jpg,Wooden Spindle,Textiles-Implements,"Wood, camelid hair",no determinada,no determinado,,,no determinada,True,Peruvian Peru,10th–16th century (?),900,1600,1524,1336,2.04,264000,CC0 (dominio publico),https://www.metmuseum.org/art/collection/search/308170
met,308171,data/raw/met/images/met_308171.jpg,Wooden Spindle,Textiles-Implements,"Wood, camelid hair",no determinada,no determinado,,,no determinada,True,Peruvian Peru,10th–16th century (?),900,1600,1524,1336,2.04,264000,CC0 (dominio publico),https://www.metmuseum.org/art/collection/search/308171
met,308172,data/raw/met/images/met_308172.jpg,Wooden Spindle,Textiles-Implements,"Wood, camelid hair",no determinada,no determinado,,,no determinada,True,Peruvian Peru,10th–16th century (?),900,1600,1524,1336,2.04,264000,CC0 (dominio publico),https://www.metmuseum.org/art/collection/search/308172
met,308173,data/raw/met/images/met_308173.jpg,Wooden Spindle,Textiles-Implements,"Wood, camelid hair",no determinada,no determinado,,,no determinada,True,Peruvian Peru,10th–16th century (?),900,1600,1524,1336,2.04,264000,CC0 (dominio publico),https://www.metmuseum.org/art/collection/search/308173
met,308174,data/raw/met/images/met_308174.jpg,Wooden Spindle,Textiles-Implements,"Wood, camelid hair",no determinada,no determinado,,,no determinada,True,Peruvian Peru,10th–16th century (?),900,1600,1524,1336,2.04,264000,CC0 (dominio publico),https://www.metmuseum.org/art/collection/search/308174
met,308175,data/raw/met/images/met_308175.jpg,Wooden Spindle,Textiles-Implements,"Wood, camelid hair",no determinada,no determinado,,,no determinada,True,Peruvian Peru,10th–16th century (?),900,1600,1524,1336,2.04,264000,CC0 (dominio publico),https://www.metmuseum.org/art/collection/search/308175
met,308176,data/raw/met/images/met_308176.jpg,Wooden Spindle,Textiles-Implements,"Wood, camelid hair",no determinada,no determinado,,,no determinada,True,Peruvian Peru,10th–16th century (?),900,1600,1324,1292,1.71,214898,CC0 (dominio publico),https://www.metmuseum.org/art/collection/search/308176
met,308177,data/raw/met/images/met_308177.jpg,Wooden Spindle,Textiles-Implements,"Wood, camelid hair",no determinada,no determinado,,,no determinada,True,Peruvian Peru,10th–16th century (?),900,1600,1324,1292,1.71,214898,CC0 (dominio publico),https://www.metmuseum.org/art/collection/search/308177
met,308178,data/raw/met/images/met_308178.jpg,Wooden Spindle,Textiles-Implements,"Wood, camelid hair",no determinada,no determinado,,,no determinada,True,Peruvian Peru,10th–16th century (?),900,1600,1324,1292,1.71,214898,CC0 (dominio publico),https://www.metmuseum.org/art/collection/search/308178
met,308179,data/raw/met/images/met_308179.jpg,Wooden Spindle,Textiles-Implements,"Wood, camelid hair",no determinada,no determinado,,,no determinada,True,Peruvian Peru,10th–16th century (?),900,1600,1324,1292,1.71,214898,CC0 (dominio publico),https://www.metmuseum.org/art/collection/search/308179
met,308180,data/raw/met/images/met_308180.jpg,Wooden Spindle,Textiles-Implements,"Wood, camelid hair",no determinada,no determinado,,,no determinada,True,Peruvian Peru,10th–16th century (?),900,1600,1324,1292,1.71,214898,CC0 (dominio publico),https://www.metmuseum.org/art/collection/search/308180
met,308181,data/raw/met/images/met_308181.jpg,Wooden Spindle,Textiles-Implements,"Wood, camelid hair",no determinada,no determinado,,,no determinada,True,Peruvian Peru,10th–16th century (?),900,1600,1324,1292,1.71,214898,CC0 (dominio publico),https://www.metmuseum.org/art/collection/search/308181
met,308182,data/raw/met/images/met_308182.jpg,Wooden Spindle,Textiles-Implements,"Wood, camelid hair",no determinada,no determinado,,,no determinada,True,Peruvian Peru,10th–16th century (?),900,1600,1324,1292,1.71,214898,CC0 (dominio publico),https://www.metmuseum.org/art/collection/search/308182
met,308183,data/raw/met/images/met_308183.jpg,Wooden Spindle,Textiles-Implements,"Wood, camelid hair",no determinada,no determinado,,,no determinada,True,Peruvian Peru,10th–16th century (?),900,1600,1324,1292,1.71,214898,CC0 (dominio publico),https://www.metmuseum.org/art/collection/search/308183
met,308184,data/raw/met/images/met_308184.jpg,Wooden Spindle,Textiles-Implements,"Wood, camelid hair",no determinada,no determinado,,,no determinada,True,Peruvian Peru,10th–16th century (?),900,1600,1324,1292,1.71,214898,CC0 (dominio publico),https://www.metmuseum.org/art/collection/search/308184
met,308185,data/raw/met/images/met_308185.jpg,Wooden Spindle,Textiles-Implements,"Wood, camelid hair",no determinada,no determinado,,,no determinada,True,Peruvian Peru,10th–16th century (?),900,1600,1324,1292,1.71,228420,CC0 (dominio publico),https://www.metmuseum.org/art/collection/search/308185
met,308186,data/raw/met/images/met_308186.jpg,Wooden Spindle,Textiles-Implements,"Wood, camelid hair",no determinada,no determinado,,,no determinada,True,Peruvian Peru,10th–16th century (?),900,1600,1324,1292,1.71,214898,CC0 (dominio publico),https://www.metmuseum.org/art/collection/search/308186
met,308187,data/raw/met/images/met_308187.jpg,Wooden Spindle,Textiles-Implements,"Wood, camelid hair",no determinada,no determinado,,,no determinada,True,Peruvian Peru,10th–16th century (?),900,1600,1324,1292,1.71,214898,CC0 (dominio publico),https://www.metmuseum.org/art/collection/search/308187
met,308188,data/raw/met/images/met_308188.jpg,Wooden Spindle,Textiles-Implements,"Wood, camelid hair",no determinada,no determinado,,,no determinada,True,Peruvian Peru,10th–16th century (?),900,1600,1324,1292,1.71,214898,CC0 (dominio publico),https://www.metmuseum.org/art/collection/search/308188
met,308189,data/raw/met/images/met_308189.jpg,Wooden Spindle,Textiles-Implements,"Wood, camelid hair",no determinada,no determinado,,,no determinada,True,Peruvian Peru,10th–16th century (?),900,1600,1324,1292,1.71,214898,CC0 (dominio publico),https://www.metmuseum.org/art/collection/search/308189
met,308190,data/raw/met/images/met_308190.jpg,Wooden Spindle,Textiles-Implements,"Wood, camelid hair",no determinada,no determinado,,,no determinada,True,Peruvian Peru,10th–16th century (?),900,1600,1324,1292,1.71,214898,CC0 (dominio publico),https://www.metmuseum.org/art/collection/search/308190
met,308191,data/raw/met/images/met_308191.jpg,Wooden Spindle,Textiles-Implements,"Wood, camelid hair",no determinada,no determinado,,,no determinada,True,Peruvian Peru,10th–16th century (?),900,1600,1324,1292,1.71,214898,CC0 (dominio publico),https://www.metmuseum.org/art/collection/search/308191
met,308192,data/raw/met/images/met_308192.jpg,Wooden Spindle,Textiles-Implements,"Wood, camelid hair",no determinada,no determinado,,,no determinada,True,Peruvian Peru,10th–16th century (?),900,1600,1324,1292,1.71,214898,CC0 (dominio publico),https://www.metmuseum.org/art/collection/search/308192
met,308193,data/raw/met/images/met_308193.jpg,Wooden Spindle,Textiles-Implements,"Wood, camelid hair",no determinada,no determinado,,,no determinada,True,Peruvian Peru,10th–16th century (?),900,1600,1196,1292,1.55,226322,CC0 (dominio publico),https://www.metmuseum.org/art/collection/search/308193
met,308194,data/raw/met/images/met_308194.jpg,Wooden Spindle,Textiles-Implements,"Wood, camelid hair",no determinada,no determinado,,,no determinada,True,Peruvian Peru,10th–16th century (?),900,1600,1196,1292,1.55,200664,CC0 (dominio publico),https://www.metmuseum.org/art/collection/search/308194
met,308195,data/raw/met/images/met_308195.jpg,Wooden Spindle,Textiles-Implements,"Wood, camelid hair",no determinada,no determinado,,,no determinada,True,Peruvian Peru,10th–16th century (?),900,1600,1196,1292,1.55,200664,CC0 (dominio publico),https://www.metmuseum.org/art/collection/search/308195
met,308196,data/raw/met/images/met_308196.jpg,Wooden Spindle,Textiles-Implements,"Wood, camelid hair",no determinada,no determinado,,,no determinada,True,Peruvian Peru,10th–16th century (?),900,1600,1196,1292,1.55,200664,CC0 (dominio publico),https://www.metmuseum.org/art/collection/search/308196
met,308197,data/raw/met/images/met_308197.jpg,Wooden Spindle,Textiles-Implements,"Wood, camelid hair",no determinada,no determinado,,,no determinada,True,Peruvian Peru,10th–16th century (?),900,1600,1196,1292,1.55,200664,CC0 (dominio publico),https://www.metmuseum.org/art/collection/search/308197
met,308198,data/raw/met/images/met_308198.jpg,Wooden Spindle,Textiles-Implements,"Wood, camelid hair",no determinada,no determinado,,,no determinada,True,Peruvian Peru,10th–16th century (?),900,1600,1196,1292,1.55,200664,CC0 (dominio publico),https://www.metmuseum.org/art/collection/search/308198
met,308199,data/raw/met/images/met_308199.jpg,Wooden Spindle,Textiles-Implements,"Wood, camelid hair",no determinada,no determinado,,,no determinada,True,Peruvian Peru,10th–16th century (?),900,1600,1196,1292,1.55,200664,CC0 (dominio publico),https://www.metmuseum.org/art/collection/search/308199
met,308200,data/raw/met/images/met_308200.jpg,Wooden Spindle,Textiles-Implements,"Wood, camelid hair",no determinada,no determinado,,,no determinada,True,Peruvian Peru,10th–16th century (?),900,1600,1196,1292,1.55,200664,CC0 (dominio publico),https://www.metmuseum.org/art/collection/search/308200
met,308201,data/raw/met/images/met_308201.jpg,Wooden Spindle,Textiles-Implements,"Wood, camelid hair",no determinada,no determinado,,,no determinada,True,Peruvian Peru,10th–16th century (?),900,1600,1196,1292,1.55,200664,CC0 (dominio publico),https://www.metmuseum.org/art/collection/search/308201
met,308202,data/raw/met/images/met_308202.jpg,Wooden Spindle,Textiles-Implements,"Wood, camelid hair",no determinada,no determinado,,,no determinada,True,Peruvian Peru,10th–16th century (?),900,1600,1196,1292,1.55,200664,CC0 (dominio publico),https://www.metmuseum.org/art/collection/search/308202
met,308203,data/raw/met/images/met_308203.jpg,Wooden Spindle,Textiles-Implements,"Wood, camelid hair",no determinada,no determinado,,,no determinada,True,Peruvian Peru,10th–16th century (?),900,1600,1196,1292,1.55,200664,CC0 (dominio publico),https://www.metmuseum.org/art/collection/search/308203
met,308204,data/raw/met/images/met_308204.jpg,Wooden Spindle,Textiles-Implements,"Wood, camelid hair",no determinada,no determinado,,,no determinada,True,Peruvian Peru,10th–16th century (?),900,1600,1196,1292,1.55,200664,CC0 (dominio publico),https://www.metmuseum.org/art/collection/search/308204
met,308205,data/raw/met/images/met_308205.jpg,Wooden Spindle,Textiles-Implements,"Wood, camelid hair",no determinada,no determinado,,,no determinada,True,Peruvian Peru,10th–16th century (?),900,1600,1196,1292,1.55,200664,CC0 (dominio publico),https://www.metmuseum.org/art/collection/search/308205
met,308206,data/raw/met/images/met_308206.jpg,Wooden Spindle,Textiles-Implements,"Wood, camelid hair",no determinada,no determinado,,,no determinada,True,Peruvian Peru,10th–16th century (?),900,1600,1196,1292,1.55,200664,CC0 (dominio publico),https://www.metmuseum.org/art/collection/search/308206
met,308207,data/raw/met/images/met_308207.jpg,Wooden Spindle,Textiles-Implements,"Wood, camelid hair",no determinada,no determinado,,,no determinada,True,Peruvian Peru,10th–16th century (?),900,1600,1196,1292,1.55,200664,CC0 (dominio publico),https://www.metmuseum.org/art/collection/search/308207
met,308217,data/raw/met/images/met_308217.jpg,Bag,Textiles-Woven,Camelid hair,no determinada,no determinado,,,no determinada,False,Arica Chile Central Andes,12th–15th century,1100,1500,1746,1782,3.11,1043027,CC0 (dominio publico),https://www.metmuseum.org/art/collection/search/308217
met,308278,data/raw/met/images/met_308278.jpg,Man's Kilt,Textiles-Woven,"Cotton, camelid hair",paracas,Horizonte Temprano,-800,100,costa sur,False,Paracas Peru,2nd–1st century BCE,-200,-1,1209,2937,3.55,990177,CC0 (dominio publico),https://www.metmuseum.org/art/collection/search/308278
met,308279,data/raw/met/images/met_308279.jpg,Headband,Textiles-Woven,"Cotton, camelid hair",chimu,Intermedio Tardio,900,1470,no determinada,False,Chimú Peru,12th–15th century,1100,1500,801,2940,2.35,694352,CC0 (dominio publico),https://www.metmuseum.org/art/collection/search/308279
met,308280,data/raw/met/images/met_308280.jpg,Mantle,Textiles-Woven,"Cotton, camelid hair",chimu,Intermedio Tardio,900,1470,no determinada,False,Chimú Peru,12th–15th century,1100,1500,1000,788,0.79,146274,CC0 (dominio publico),https://www.metmuseum.org/art/collection/search/308280
met,308281,data/raw/met/images/met_308281.jpg,Loincloth,Textiles-Woven,"Cotton, camelid hair",chimu,Intermedio Tardio,900,1470,no determinada,False,Chimú Peru,12th–15th century,1100,1500,1544,1188,1.83,408115,CC0 (dominio publico),https://www.metmuseum.org/art/collection/search/308281
met,308282,data/raw/met/images/met_308282.jpg,Panel with Figures,Textiles-Non-Woven,Camelid hair,nasca,Intermedio Temprano,-100,800,no determinada,False,Nasca Peru,7th century,600,700,2000,616,1.23,1655295,CC0 (dominio publico),https://www.metmuseum.org/art/collection/search/308282
met,308283,data/raw/met/images/met_308283.jpg,Panel with Figures,Textiles-Woven,"Cotton, paint",chancay,Intermedio Tardio,1000,1470,no determinada,False,Chancay Peru,12th–14th century,1100,1400,4000,3370,13.48,5735826,CC0 (dominio publico),https://www.metmuseum.org/art/collection/search/308283
met,308284,data/raw/met/images/met_308284.jpg,Panel,Textiles-Woven,Camelid hair,nasca,Intermedio Temprano,-100,800,no determinada,False,Nasca Peru,7th century,600,700,2104,3753,7.9,2787452,CC0 (dominio publico),https://www.metmuseum.org/art/collection/search/308284
met,308285,data/raw/met/images/met_308285.jpg,Panel,Textiles-Woven,Camelid hair,nasca,Intermedio Temprano,-100,800,no determinada,False,Nasca Peru,7th century,600,700,3429,3688,12.65,5276391,CC0 (dominio publico),https://www.metmuseum.org/art/collection/search/308285
met,308286,data/raw/met/images/met_308286.jpg,Hanging,Textiles-Woven,"Cotton, camelid hair",chimu,Intermedio Tardio,900,1470,no determinada,False,Chimú Peru,12th–15th century,1100,1500,192,128,0.02,13495,CC0 (dominio publico),https://www.metmuseum.org/art/collection/search/308286
met,308287,data/raw/met/images/met_308287.jpg,Tabard,Feathers-Costumes,"Cotton, feathers",chimu,Intermedio Tardio,900,1470,no determinada,False,Chimú Peru,1400–1600 CE,1400,1599,3388,4000,13.55,4632804,CC0 (dominio publico),https://www.metmuseum.org/art/collection/search/308287
met,308290,data/raw/met/images/met_308290.jpg,Fragment,Textiles-Woven,"Cotton, camelid hair",chancay,Intermedio Tardio,1000,1470,no determinada,False,Chancay Peru,12th–14th century,1100,1400,2193,2745,6.02,2740353,CC0 (dominio publico),https://www.metmuseum.org/art/collection/search/308290
met,308378,data/raw/met/images/met_308378.jpg,Unfinished Sampler Panel on Loom,Textiles-Woven,"Cotton, camelid hair, wood",no determinada,no determinado,,,costa central,True,Peru; central coast (?) Peru,10th–15th century,900,1500,1737,2801,4.87,1540789,CC0 (dominio publico),https://www.metmuseum.org/art/collection/search/308378
met,308402,data/raw/met/images/met_308402.jpg,Feathered Tunic,Feathers-Containers,"Cotton, feathers",chimu,Intermedio Tardio,900,1470,no determinada,False,Chimú Peru,1400 - 1700 CE,1400,1650,3850,4000,15.4,3667539,CC0 (dominio publico),https://www.metmuseum.org/art/collection/search/308402
met,308417,data/raw/met/images/met_308417.JPG,Stirrup spout bottle with figure with llama headdress,Ceramics-Containers,"Ceramic, slip",moche,Intermedio Temprano,100,800,no determinada,False,Moche Peru,3rd–6th century,200,600,2304,3456,7.96,519035,CC0 (dominio publico),https://www.metmuseum.org/art/collection/search/308417
met,308725,data/raw/met/images/met_308725.JPG,Copper Belt Fragment,Metal-Ornaments,"Copper, silver gilt",moche,Intermedio Temprano,100,800,no determinada,False,Moche Peru,1st–5th century,100,500,3456,2304,7.96,605835,CC0 (dominio publico),https://www.metmuseum.org/art/collection/search/308725
met,308726,data/raw/met/images/met_308726.JPG,Copper Belt Fragment,Metal-Ornaments,"Copper, silver gilt",moche,Intermedio Temprano,100,800,no determinada,False,Moche Peru,1st–5th century,100,500,3456,2304,7.96,519734,CC0 (dominio publico),https://www.metmuseum.org/art/collection/search/308726
met,308744,data/raw/met/images/met_308744.JPG,Textile Ornament,Metal-Ornaments,Silver,chimu,Intermedio Tardio,900,1470,no determinada,False,Chimú Peru,14th–15th century,1300,1500,2772,1880,5.21,490570,CC0 (dominio publico),https://www.metmuseum.org/art/collection/search/308744
met,308745,data/raw/met/images/met_308745.JPG,Textile Ornament,Metal-Ornaments,Silver,chimu,Intermedio Tardio,900,1470,no determinada,False,Chimú Peru,14th–15th century,1300,1500,3456,2304,7.96,844585,CC0 (dominio publico),https://www.metmuseum.org/art/collection/search/308745
met,308746,data/raw/met/images/met_308746.JPG,Textile Ornament,Metal-Ornaments,Silver,chimu,Intermedio Tardio,900,1470,no determinada,False,Chimú Peru,14th–15th century,1300,1500,3456,2304,7.96,766732,CC0 (dominio publico),https://www.metmuseum.org/art/collection/search/308746
met,308747,data/raw/met/images/met_308747.JPG,Textile Ornament,Metal-Ornaments,Silver,chimu,Intermedio Tardio,900,1470,no determinada,False,Chimú Peru,14th–15th century,1300,1500,3088,1968,6.08,535786,CC0 (dominio publico),https://www.metmuseum.org/art/collection/search/308747
met,308748,data/raw/met/images/met_308748.JPG,Textile Ornament,Metal-Ornaments,Silver,chimu,Intermedio Tardio,900,1470,no determinada,False,Chimú Peru,14th–15th century,1300,1500,2476,1608,3.98,439879,CC0 (dominio publico),https://www.metmuseum.org/art/collection/search/308748
met,308749,data/raw/met/images/met_308749.JPG,Textile Ornament,Metal-Ornaments,Silver,chimu,Intermedio Tardio,900,1470,no determinada,False,Chimú Peru,14th–15th century,1300,1500,2824,1928,5.44,494098,CC0 (dominio publico),https://www.metmuseum.org/art/collection/search/308749
met,308750,data/raw/met/images/met_308750.JPG,Textile Ornament,Metal-Ornaments,Silver,chimu,Intermedio Tardio,900,1470,no determinada,False,Chimú Peru,14th–15th century,1300,1500,2720,1832,4.98,460069,CC0 (dominio publico),https://www.metmuseum.org/art/collection/search/308750
met,308751,data/raw/met/images/met_308751.JPG,Textile Ornament,Metal-Ornaments,Silver,chimu,Intermedio Tardio,900,1470,no determinada,False,Chimú Peru,14th–15th century,1300,1500,3020,2080,6.28,543586,CC0 (dominio publico),https://www.metmuseum.org/art/collection/search/308751
met,308752,data/raw/met/images/met_308752.JPG,Textile Ornament,Metal-Ornaments,Silver,chimu,Intermedio Tardio,900,1470,no determinada,False,Chimú Peru,14th–15th century,1300,1500,2664,1912,5.09,484330,CC0 (dominio publico),https://www.metmuseum.org/art/collection/search/308752
met,308753,data/raw/met/images/met_308753.JPG,Textile Ornament,Metal-Ornaments,Silver,chimu,Intermedio Tardio,900,1470,no determinada,False,Chimú Peru,1300 - 1500 CE,1300,1500,2804,1960,5.5,537970,CC0 (dominio publico),https://www.metmuseum.org/art/collection/search/308753
met,308754,data/raw/met/images/met_308754.JPG,Textile Ornament,Metal-Ornaments,Silver,chimu,Intermedio Tardio,900,1470,no determinada,False,Chimú Peru,14th–15th century,1300,1500,3456,2304,7.96,805618,CC0 (dominio publico),https://www.metmuseum.org/art/collection/search/308754
met,308755,data/raw/met/images/met_308755.JPG,Textile Ornament,Metal-Ornaments,Silver,chimu,Intermedio Tardio,900,1470,no determinada,False,Chimú Peru,14th–15th century,1300,1500,3456,2304,7.96,762756,CC0 (dominio publico),https://www.metmuseum.org/art/collection/search/308755
met,308756,data/raw/met/images/met_308756.JPG,Textile Ornament,Metal-Ornaments,Silver,chimu,Intermedio Tardio,900,1470,no determinada,False,Chimú Peru,14th–15th century,1300,1500,3456,2304,7.96,725348,CC0 (dominio publico),https://www.metmuseum.org/art/collection/search/308756
met,308757,data/raw/met/images/met_308757.JPG,Textile Ornament,Metal-Ornaments,Silver,chimu,Intermedio Tardio,900,1470,no determinada,False,Chimú Peru,14th–15th century,1300,1500,3456,2304,7.96,674544,CC0 (dominio publico),https://www.metmuseum.org/art/collection/search/308757
met,308758,data/raw/met/images/met_308758.JPG,Textile Ornament,Metal-Ornaments,Silver,chimu,Intermedio Tardio,900,1470,no determinada,False,Chimú Peru,14th–15th century,1300,1500,3456,2304,7.96,604008,CC0 (dominio publico),https://www.metmuseum.org/art/collection/search/308758
met,308759,data/raw/met/images/met_308759.JPG,Textile Ornament,Metal-Ornaments,Silver,chimu,Intermedio Tardio,900,1470,no determinada,True,Chimú (?) Peru,14th–15th century,1300,1500,3456,2304,7.96,658605,CC0 (dominio publico),https://www.metmuseum.org/art/collection/search/308759
met,308760,data/raw/met/images/met_308760.JPG,Textile Ornament,Metal-Ornaments,Silver,chimu,Intermedio Tardio,900,1470,no determinada,False,Chimú Peru,14th–15th century,1300,1500,2628,1868,4.91,445903,CC0 (dominio publico),https://www.metmuseum.org/art/collection/search/308760
met,308761,data/raw/met/images/met_308761.JPG,Textile Ornament,Metal-Ornaments,Silver,chimu,Intermedio Tardio,900,1470,no determinada,False,Chimú Peru,14th–15th century,1300,1500,2744,2148,5.89,594903,CC0 (dominio publico),https://www.metmuseum.org/art/collection/search/308761
met,308771,data/raw/met/images/met_308771.jpg,Plain Panel with Sewn Silverfish and Danglers,Textiles-Woven,"Cotton, silver",no determinada,no determinado,,,costa central,True,Central coast (?) Peru,11th–13th century,1000,1300,1980,1305,2.58,693125,CC0 (dominio publico),https://www.metmuseum.org/art/collection/search/308771
met,308856,data/raw/met/images/met_308856.jpg,Hammered Copper Needle,Textiles-Implements,Copper,no determinada,no determinado,,,costa norte,True,Peru; north coast (?) Peru,1st–mid-16th century,100,1570,685,1326,0.91,202336,CC0 (dominio publico),https://www.metmuseum.org/art/collection/search/308856
met,308857,data/raw/met/images/met_308857.jpg,Hammered Copper Needle,Textiles-Implements,Copper,no determinada,no determinado,,,costa norte,True,Peru; north coast (?) Peru,1st–mid-16th century,100,1570,685,1326,0.91,192256,CC0 (dominio publico),https://www.metmuseum.org/art/collection/search/308857
met,308878,data/raw/met/images/met_308878.jpg,Hammered Copper Needle,Textiles-Implements,Copper,no determinada,no determinado,,,costa norte,True,Peru; north coast (?) Peru,1st–mid-16th century,100,1570,685,1326,0.91,192256,CC0 (dominio publico),https://www.metmuseum.org/art/collection/search/308878
met,308900,data/raw/met/images/met_308900.JPG,Hammered Gold Band,Metal-Ornaments,Gold (hammered),no determinada,no determinado,,,no determinada,False,Peruvian Peru,200–900 CE,200,900,1171,951,1.11,161685,CC0 (dominio publico),https://www.metmuseum.org/art/collection/search/308900
met,308901,data/raw/met/images/met_308901.jpg,Hammered Gold Half Band,Metal-Ornaments,Gold (hammered),no determinada,no determinado,,,no determinada,False,Peruvian Peru,200–900 CE,200,900,1195,912,1.09,232750,CC0 (dominio publico),https://www.metmuseum.org/art/collection/search/308901
met,308903,data/raw/met/images/met_308903.JPG,Hammered Gold Band with Bells,Metal-Ornaments,Gold (hammered),no determinada,no determinado,,,costa norte,True,Peru; north coast (?) Peru,1st–mid-16th century,100,1570,769,612,0.47,116196,CC0 (dominio publico),https://www.metmuseum.org/art/collection/search/308903
met,308904,data/raw/met/images/met_308904.JPG,Hammered Gold Band with Bells,Metal-Ornaments,Gold (hammered),no determinada,no determinado,,,costa norte,True,Peru; north coast (?) Peru,1st–mid-16th century,100,1570,970,804,0.78,176740,CC0 (dominio publico),https://www.metmuseum.org/art/collection/search/308904
met,308905,data/raw/met/images/met_308905.JPG,Hammered Gold Band with Bells,Metal-Ornaments,Gold (hammered),no determinada,no determinado,,,costa norte,True,Peru; north coast (?) Peru,1st–mid-16th century,100,1570,802,708,0.57,127379,CC0 (dominio publico),https://www.metmuseum.org/art/collection/search/308905
met,308906,data/raw/met/images/met_308906.JPG,Hammered Gold Band with Bells,Metal-Ornaments,Gold (hammered),no determinada,no determinado,,,costa norte,True,Peru; north coast (?) Peru,1st–mid-16th century,100,1570,907,762,0.69,155518,CC0 (dominio publico),https://www.metmuseum.org/art/collection/search/308906
met,309047,data/raw/met/images/met_309047.JPG,Hammered Silver Miniature Crown,Metal-Ornaments,"Copper (hammered), cloth",no determinada,no determinado,,,costa central,True,Peru; north or central coast (?) Peru,11th–mid-16th century,1000,1600,1357,1371,1.86,394482,CC0 (dominio publico),https://www.metmuseum.org/art/collection/search/309047
met,309090,data/raw/met/images/met_309090.jpg,Hammered Copper Band,Metal-Ornaments,Copper (hammered),no determinada,no determinado,,,no determinada,False,Peruvian Peru,1450–1530 CE,1450,1530,841,756,0.64,128293,CC0 (dominio publico),https://www.metmuseum.org/art/collection/search/309090
met,309091,data/raw/met/images/met_309091.jpg,Hammered Copper Band,Metal-Ornaments,Copper (hammered),no determinada,no determinado,,,no determinada,False,Peruvian Peru,1450–1530 CE,1450,1530,1117,1140,1.27,230852,CC0 (dominio publico),https://www.metmuseum.org/art/collection/search/309091
met,309092,data/raw/met/images/met_309092.jpg,Hammered Copper Band,Metal-Ornaments,Copper (hammered),no determinada,no determinado,,,no determinada,False,Peruvian Peru,1450–1530 CE,1450,1530,1207,1140,1.38,250224,CC0 (dominio publico),https://www.metmuseum.org/art/collection/search/309092
met,309093,data/raw/met/images/met_309093.jpg,Hammered Copper Band,Metal-Ornaments,Copper (hammered),no determinada,no determinado,,,no determinada,False,Peruvian Peru,1450–1530 CE,1450,1530,1378,1116,1.54,289052,CC0 (dominio publico),https://www.metmuseum.org/art/collection/search/309093
met,309094,data/raw/met/images/met_309094.jpg,Hammered Copper Band,Metal-Ornaments,Copper (hammered),no determinada,no determinado,,,no determinada,False,Peruvian Peru,1450–1530 CE,1450,1530,1576,1122,1.77,290446,CC0 (dominio publico),https://www.metmuseum.org/art/collection/search/309094
met,309103,data/raw/met/images/met_309103.JPG,Hammered Copper Needle,Textiles-Implements,Copper,no determinada,no determinado,,,costa norte,True,Peru; north coast (?) Peru,1st–mid-16th century,100,1570,445,1332,0.59,80142,CC0 (dominio publico),https://www.metmuseum.org/art/collection/search/309103
met,309257,data/raw/met/images/met_309257.jpg,Bone Weaving Bobbin,Textiles-Implements,Bone,no determinada,no determinado,,,costa norte,True,Peru; north coast (?) Peru,8th–mid-16th century,700,1580,2367,1114,2.64,161499,CC0 (dominio publico),https://www.metmuseum.org/art/collection/search/309257
met,309258,data/raw/met/images/met_309258.jpg,Bone Weaving Bobbin,Textiles-Implements,Bone,no determinada,no determinado,,,costa norte,True,Peru; north coast (?) Peru,8th–mid-16th century,700,1580,2370,1114,2.64,159523,CC0 (dominio publico),https://www.metmuseum.org/art/collection/search/309258
met,309259,data/raw/met/images/met_309259.jpg,Bone Weaving Bobbin,Textiles-Implements,Bone,no determinada,no determinado,,,costa norte,True,Peru; north coast (?) Peru,8th–mid-16th century,700,1580,2286,1111,2.54,153079,CC0 (dominio publico),https://www.metmuseum.org/art/collection/search/309259
met,309260,data/raw/met/images/met_309260.jpg,Bone Weaving Bobbin,Textiles-Implements,Bone,no determinada,no determinado,,,costa norte,True,Peru; north coast (?) Peru,8th–mid-16th century,700,1580,2417,1114,2.69,157136,CC0 (dominio publico),https://www.metmuseum.org/art/collection/search/309260
met,309261,data/raw/met/images/met_309261.jpg,Bone Weaving Bobbin,Textiles-Implements,Bone,no determinada,no determinado,,,costa norte,True,Peru; north coast (?) Peru,8th–mid-16th century,700,1580,2252,1016,2.29,142827,CC0 (dominio publico),https://www.metmuseum.org/art/collection/search/309261
met,309262,data/raw/met/images/met_309262.jpg,Bone Weaving Bobbin,Textiles-Implements,Bone,no determinada,no determinado,,,costa norte,True,Peru; north coast (?) Peru,8th–mid-16th century,700,1580,2326,1114,2.59,155871,CC0 (dominio publico),https://www.metmuseum.org/art/collection/search/309262
met,309263,data/raw/met/images/met_309263.jpg,Bone Weaving Bobbin,Textiles-Implements,Bone,no determinada,no determinado,,,costa norte,True,Peru; north coast (?) Peru,8th–mid-16th century,700,1580,2103,1114,2.34,140426,CC0 (dominio publico),https://www.metmuseum.org/art/collection/search/309263
met,309264,data/raw/met/images/met_309264.jpg,Bone Weaving Bobbin,Textiles-Implements,Bone,no determinada,no determinado,,,costa norte,True,Peru; north coast (?) Peru,8th–mid-16th century,700,1580,2036,1067,2.17,148507,CC0 (dominio publico),https://www.metmuseum.org/art/collection/search/309264
met,309265,data/raw/met/images/met_309265.jpg,Bone Weaving Bobbin,Textiles-Implements,Bone,no determinada,no determinado,,,costa norte,True,Peru; north coast (?) Peru,8th–mid-16th century,700,1580,2329,1114,2.59,152491,CC0 (dominio publico),https://www.metmuseum.org/art/collection/search/309265
met,309266,data/raw/met/images/met_309266.jpg,Bone Weaving Bobbin,Textiles-Implements,Bone,no determinada,no determinado,,,costa norte,True,Peru; north coast (?) Peru,8th–mid-16th century,700,1580,2306,1114,2.57,161133,CC0 (dominio publico),https://www.metmuseum.org/art/collection/search/309266
met,309267,data/raw/met/images/met_309267.jpg,Bone Weaving Bobbin,Textiles-Implements,Bone,no determinada,no determinado,,,costa norte,True,Peru; north coast (?) Peru,8th–mid-16th century,700,1580,2316,1114,2.58,181787,CC0 (dominio publico),https://www.metmuseum.org/art/collection/search/309267
met,309272,data/raw/met/images/met_309272.jpg,Wooden Spindle,Textiles-Implements,Wood,no determinada,no determinado,,,no determinada,False,Peruvian Peru,before 16th century,1200,1600,2252,935,2.11,113016,CC0 (dominio publico),https://www.metmuseum.org/art/collection/search/309272
met,309273,data/raw/met/images/met_309273.jpg,Wooden Weaving Tool,Wood-Implements,Wood,no determinada,no determinado,,,no determinada,False,Peruvian Peru,before 16th century,1200,1600,2265,1097,2.48,149971,CC0 (dominio publico),https://www.metmuseum.org/art/collection/search/309273
met,309275,data/raw/met/images/met_309275.jpg,Wooden Spindle (?),Textiles-Implements,Wood,no determinada,no determinado,,,no determinada,True,Peruvian Peru,before 16th century,1200,1600,2336,1114,2.6,140547,CC0 (dominio publico),https://www.metmuseum.org/art/collection/search/309275
met,309276,data/raw/met/images/met_309276.jpg,Wooden Loom Bar,Textiles-Implements,Wood,no determinada,no determinado,,,no determinada,False,Peruvian Peru,before 16th century,1200,1600,2343,1114,2.61,169820,CC0 (dominio publico),https://www.metmuseum.org/art/collection/search/309276
met,309277,data/raw/met/images/met_309277.jpg,Wooden Loom Bar,Textiles-Implements,Wood,no determinada,no determinado,,,no determinada,False,Peruvian Peru,before 16th century,1200,1600,2306,1114,2.57,156629,CC0 (dominio publico),https://www.metmuseum.org/art/collection/search/309277
met,309278,data/raw/met/images/met_309278.jpg,Wooden Weaving Sword,Wood-Implements,Wood,no determinada,no determinado,,,no determinada,False,Peruvian Peru,before 16th century,1200,1600,2390,1114,2.66,165531,CC0 (dominio publico),https://www.metmuseum.org/art/collection/search/309278
met,309279,data/raw/met/images/met_309279.jpg,Wooden Weaving Tool,Wood-Implements,Wood,no determinada,no determinado,,,costa central,True,Peru; north or central coast (?) Peru,8th–mid-16th century,700,1580,2319,1114,2.58,170845,CC0 (dominio publico),https://www.metmuseum.org/art/collection/search/309279
met,309282,data/raw/met/images/met_309282.jpg,Baton (?),Wood-Implements,"Wood, wool",no determinada,no determinado,,,no determinada,True,Peruvian Peru,before 16th century,1200,1600,1028,2319,2.38,127864,CC0 (dominio publico),https://www.metmuseum.org/art/collection/search/309282
met,309501,data/raw/met/images/met_309501.JPG,"Bottle, Figure Showing Tunic",Ceramics-Containers,"Ceramic, pigment",moche,Intermedio Temprano,100,800,no determinada,False,Moche Peru,1st–3rd century,100,300,2304,3456,7.96,600350,CC0 (dominio publico),https://www.metmuseum.org/art/collection/search/309501
met,309502,data/raw/met/images/met_309502.JPG,"Bottle, Figure Showing Tunic",Ceramics-Containers,"Ceramic, pigment",moche,Intermedio Temprano,100,800,no determinada,False,Moche Peru,1st–3rd century,100,300,2304,3456,7.96,600032,CC0 (dominio publico),https://www.metmuseum.org/art/collection/search/309502
met,309528,data/raw/met/images/met_309528.jpg,Band,Textiles-Woven,Camelid hair,inca,Horizonte Tardio,1400,1533,no determinada,False,Inca Peru,15th–16th century,1400,1600,3857,1441,5.56,1996159,CC0 (dominio publico),https://www.metmuseum.org/art/collection/search/309528
met,309548,data/raw/met/images/met_309548.JPG,Feathered Tunic,Feathers-Costumes,"Cotton, feathers",chimu,Intermedio Tardio,900,1470,no determinada,False,Chimú Peru,15th–early 17th century,1400,1650,1875,1880,3.52,517756,CC0 (dominio publico),https://www.metmuseum.org/art/collection/search/309548
met,309558,data/raw/met/images/met_309558.jpg,Woven Panel Fragment,Textiles-Woven,"Cotton, paint",no determinada,no determinado,,,costa central,True,Peru; central coast (?) Peru,14th century,1300,1400,192,143,0.03,15372,CC0 (dominio publico),https://www.metmuseum.org/art/collection/search/309558
met,309757,data/raw/met/images/met_309757.jpg,Tall Jar with Crosshatch Designs,Ceramics-Containers,"Ceramic, pigment",nasca,Intermedio Temprano,-100,800,no determinada,False,Nasca Peru,1st–6th century,100,600,864,1213,1.05,132555,CC0 (dominio publico),https://www.metmuseum.org/art/collection/search/309757
met,309761,data/raw/met/images/met_309761.jpg,Tunic Fragment,Textiles-Woven,"Camelid hair, cotton",wari,Horizonte Medio,600,1000,no determinada,False,Wari Peru,7th–9th century,600,900,1530,1863,2.85,800355,CC0 (dominio publico),https://www.metmuseum.org/art/collection/search/309761
met,309762,data/raw/met/images/met_309762.jpg,Bag with Tassels,Textiles-Woven,"Camelid hair, cotton",no determinada,no determinado,,,no determinada,False,Peruvian Peru,8th–16th century,700,1600,417,700,0.29,87837,CC0 (dominio publico),https://www.metmuseum.org/art/collection/search/309762
met,309960,data/raw/met/images/met_309960.jpg,Miniature camelid effigy,Metalwork-Sculpture,"Alloys of silver, gold and copper",inca,Horizonte Tardio,1400,1533,altiplano,False,"Inca Ecuador, Peru, Bolivia, Chile, or Argentina",1400–1535 CE,1400,1533,3053,4000,12.21,1075940,CC0 (dominio publico),https://www.metmuseum.org/art/collection/search/309960
met,310058,data/raw/met/images/met_310058.jpg,Embroidered Panel with Figure,Textiles-Woven,"Cotton, camelid hair",chimu,Intermedio Tardio,900,1470,no determinada,False,Chimú Peru,12th–15th century,1100,1500,2721,1985,5.4,2031228,CC0 (dominio publico),https://www.metmuseum.org/art/collection/search/310058
met,310059,data/raw/met/images/met_310059.jpg,Painted Woven Panel,Textiles-Woven,"Cotton, paint",chancay,Intermedio Tardio,1000,1470,no determinada,False,Chancay Peru,7th–9th century,600,900,1700,1466,2.49,740123,CC0 (dominio publico),https://www.metmuseum.org/art/collection/search/310059
met,310191,data/raw/met/images/met_310191.jpg,Tunic,Textiles-Woven,"Camelid hair, cotton",no determinada,no determinado,,,costa central,True,Central Coast (?) Peru,12th–15th century,1100,1500,2889,1169,3.38,1483344,CC0 (dominio publico),https://www.metmuseum.org/art/collection/search/310191
met,310308,data/raw/met/images/met_310308.jpg,Lime container in the shape of a captive,Wood-Containers,"Wood, bone inlay, paint, fiber",wari,Horizonte Medio,600,1000,no determinada,False,Wari Peru,650–1000 CE,650,1000,1719,1920,3.3,1182279,CC0 (dominio publico),https://www.metmuseum.org/art/collection/search/310308
met,310450,data/raw/met/images/met_310450.jpg,Tapestry Bag,Textiles-Woven,"Camelid hair, cotton (warp, cotton; weft, wool)",nasca,Intermedio Temprano,-100,800,no determinada,False,Nasca Peru,7th century,600,700,1881,1692,3.18,837326,CC0 (dominio publico),https://www.metmuseum.org/art/collection/search/310450
met,310451,data/raw/met/images/met_310451.jpg,Bag,Textiles-Woven,"Camelid hair, cotton",nasca,Intermedio Temprano,-100,800,no determinada,False,Nasca Peru,7th century,600,700,1953,1647,3.22,776859,CC0 (dominio publico),https://www.metmuseum.org/art/collection/search/310451
met,310463,data/raw/met/images/met_310463.jpg,Feathered Headdress,Feathers-Costumes,"Feathers, cotton, rope",chimu,Intermedio Tardio,900,1470,no determinada,False,Chimú Peru,15th–early 17th century,1400,1620,2845,4000,11.38,1206214,CC0 (dominio publico),https://www.metmuseum.org/art/collection/search/310463
met,310476,data/raw/met/images/met_310476.jpg,Feathered Tabard,Feathers-Costumes,"Cotton, feathers",inca,Horizonte Tardio,1400,1533,no determinada,False,Inca Peru,13th–14th century,1200,1400,2000,1500,3.0,2156461,CC0 (dominio publico),https://www.metmuseum.org/art/collection/search/310476
met,310503,data/raw/met/images/met_310503.jpg,Feathered Ornament,Feathers-Ornaments,"Feathers, vegetable fiber, cotton",no determinada,no determinado,,,costa sur,True,Central or south coast (?) Peru,11th–15th century (?),1000,1500,1630,1941,3.16,360426,CC0 (dominio publico),https://www.metmuseum.org/art/collection/search/310503
met,310504,data/raw/met/images/met_310504.jpg,Feathered Ornament,Feathers-Ornaments,"Feathers, vegetable fiber, cotton",no determinada,no determinado,,,costa sur,True,Central or south coast (?) Peru,11th–15th century (?),1000,1500,2129,2425,5.16,1552522,CC0 (dominio publico),https://www.metmuseum.org/art/collection/search/310504
met,310505,data/raw/met/images/met_310505.jpg,Feathered Ornament,Feathers-Ornaments,"Feathers, vegetable fiber, cotton",no determinada,no determinado,,,costa sur,True,Central or south coast (?) Peru,11th–15th century (?),1000,1500,1721,2449,4.21,1314822,CC0 (dominio publico),https://www.metmuseum.org/art/collection/search/310505
met,310506,data/raw/met/images/met_310506.jpg,Feathered Ornament,Feathers-Ornaments,"Feathers, vegetable fiber, cotton",no determinada,no determinado,,,costa sur,True,Central or south coast (?) Peru,11th–15th century (?),1000,1500,1817,2369,4.3,1244518,CC0 (dominio publico),https://www.metmuseum.org/art/collection/search/310506
met,310507,data/raw/met/images/met_310507.jpg,Feathered Ornament,Feathers-Ornaments,"Feathers, vegetable fiber, cotton",no determinada,no determinado,,,costa sur,True,Central or south coast (?) Peru,11th–15th century (?),1000,1500,1897,2673,5.07,1293478,CC0 (dominio publico),https://www.metmuseum.org/art/collection/search/310507
met,310511,data/raw/met/images/met_310511.jpg,Mantle Fragment,Textiles-Woven,"Cotton, pigment",paracas,Horizonte Temprano,-800,100,costa sur,False,Paracas Peru Ica Valley,6th–5th century BCE,-600,-400,768,512,0.39,75004,CC0 (dominio publico),https://www.metmuseum.org/art/collection/search/310511
met,310530,data/raw/met/images/met_310530.jpg,Border Fragment,Textiles-Woven,"Camelid hair, cotton",nasca,Intermedio Temprano,-100,800,no determinada,False,Nasca Peru,3rd–2nd century BCE,-300,-100,581,1911,1.11,289400,CC0 (dominio publico),https://www.metmuseum.org/art/collection/search/310530
met,310695,data/raw/met/images/met_310695.jpg,Openwork Headband,Textiles-Non-Woven,Cotton,chancay,Intermedio Tardio,1000,1470,no determinada,False,Chancay Peru,12th–15th century,1100,1500,2257,2945,6.65,3700180,CC0 (dominio publico),https://www.metmuseum.org/art/collection/search/310695
met,310696,data/raw/met/images/met_310696.jpg,Openwork Headband,Textiles-Non-Woven,Cotton,chancay,Intermedio Tardio,1000,1470,no determinada,False,Chancay Peru,12th–15th century,1100,1500,2233,2505,5.59,2892338,CC0 (dominio publico),https://www.metmuseum.org/art/collection/search/310696
met,310697,data/raw/met/images/met_310697.jpg,Openwork Headband,Textiles-Non-Woven,Cotton,chancay,Intermedio Tardio,1000,1470,no determinada,False,Chancay Peru,12th–15th century,1100,1500,2809,2161,6.07,2891663,CC0 (dominio publico),https://www.metmuseum.org/art/collection/search/310697
met,310698,data/raw/met/images/met_310698.jpg,Headcloth,Textiles-Non-Woven,Cotton,chancay,Intermedio Tardio,1000,1470,no determinada,False,Chancay Peru,12th–15th century,1100,1500,4000,3753,15.01,6558661,CC0 (dominio publico),https://www.metmuseum.org/art/collection/search/310698
met,310699,data/raw/met/images/met_310699.jpg,Openwork Headband,Textiles-Non-Woven,Cotton,chancay,Intermedio Tardio,1000,1470,no determinada,False,Chancay Peru,10th–14th century,900,1400,2201,2393,5.27,2477675,CC0 (dominio publico),https://www.metmuseum.org/art/collection/search/310699
met,310700,data/raw/met/images/met_310700.jpg,Openwork Headband,Textiles-Non-Woven,Cotton,chancay,Intermedio Tardio,1000,1470,no determinada,False,Chancay Peru,12th–15th century,1100,1500,2225,2225,4.95,2482466,CC0 (dominio publico),https://www.metmuseum.org/art/collection/search/310700
met,310701,data/raw/met/images/met_310701.jpg,Mantle Fragment,Textiles-Woven,"Cotton, camelid hair",wari,Horizonte Medio,600,1000,no determinada,False,Wari Peru,9th–10th century,800,1000,2241,2801,6.28,2830753,CC0 (dominio publico),https://www.metmuseum.org/art/collection/search/310701
met,310719,data/raw/met/images/met_310719.jpg,Openwork Headband,Textiles-Non-Woven,Cotton,chancay,Intermedio Tardio,1000,1470,no determinada,False,Chancay Peru,12th–15th century,1100,1500,2225,2305,5.13,2087549,CC0 (dominio publico),https://www.metmuseum.org/art/collection/search/310719
met,312167,data/raw/met/images/met_312167.jpg,Bag,Textiles-Woven,"Camelid hair, cotton",nasca,Intermedio Temprano,-100,800,no determinada,False,Nasca Peru,7th century,600,700,1953,1737,3.39,796999,CC0 (dominio publico),https://www.metmuseum.org/art/collection/search/312167
met,312244,data/raw/met/images/met_312244.jpg,Feathered Panel,Textiles-Featherwork,"Feathers, cotton, camelid hair",wari,Horizonte Medio,600,1000,no determinada,False,Wari Peru Churunga Valley,600–900 CE,600,900,4000,1783,7.13,1966121,CC0 (dominio publico),https://www.metmuseum.org/art/collection/search/312244
met,312245,data/raw/met/images/met_312245.jpg,Feathered Panel,Textiles-Featherwork,"Feathers, cotton, camelid hair",wari,Horizonte Medio,600,1000,no determinada,False,Wari Peru Churunga Valley,600–900 CE,600,900,4000,1783,7.13,2190651,CC0 (dominio publico),https://www.metmuseum.org/art/collection/search/312245
met,312246,data/raw/met/images/met_312246.jpg,Miniature Dress,Textiles-Featherwork,"Cotton, feathers",ica,Intermedio Tardio,1000,1470,costa sur,False,Ica Peru Ica Valley,12th–13th century,1100,1300,3986,4000,15.94,5137929,CC0 (dominio publico),https://www.metmuseum.org/art/collection/search/312246
met,312247,data/raw/met/images/met_312247.jpg,Miniature Dress,Textiles-Featherwork,"Cotton, feathers",ica,Intermedio Tardio,1000,1470,costa sur,False,Ica Peru Ica Valley,12th–13th century,1100,1300,680,582,0.4,123801,CC0 (dominio publico),https://www.metmuseum.org/art/collection/search/312247
met,312248,data/raw/met/images/met_312248.jpg,Textile ornament,Metal-Ornaments,Gold,nasca,Intermedio Temprano,-100,800,costa sur,False,Nasca Peru South Coast,1–700 CE,-100,700,4000,3915,15.66,3501218,CC0 (dominio publico),https://www.metmuseum.org/art/collection/search/312248
met,312249,data/raw/met/images/met_312249.jpg,Textile ornament,Metal-Ornaments,Gold,nasca,Intermedio Temprano,-100,800,costa sur,False,Nasca Peru South Coast,1–700 CE,-100,700,4000,3772,15.09,3353476,CC0 (dominio publico),https://www.metmuseum.org/art/collection/search/312249
met,312250,data/raw/met/images/met_312250.jpg,Textile ornament,Metal-Ornaments,Gold,nasca,Intermedio Temprano,-100,800,costa sur,False,Nasca Peru South Coast,1–700 CE,-100,700,4000,3956,15.82,3457625,CC0 (dominio publico),https://www.metmuseum.org/art/collection/search/312250
met,312497,data/raw/met/images/met_312497.jpg,Miniature Dress,Textiles-Featherwork,"Cotton, feathers",ica,Intermedio Tardio,1000,1470,costa sur,False,Ica Peru Ica Valley,12th–13th century,1100,1300,4000,3000,12.0,1546137,CC0 (dominio publico),https://www.metmuseum.org/art/collection/search/312497
met,312498,data/raw/met/images/met_312498.jpg,Miniature Dress,Textiles-Featherwork,"Cotton, feathers",ica,Intermedio Tardio,1000,1470,costa sur,False,Ica Peru Ica Valley,12th–13th century,1100,1300,4000,3000,12.0,1834120,CC0 (dominio publico),https://www.metmuseum.org/art/collection/search/312498
met,312499,data/raw/met/images/met_312499.jpg,Miniature Dress,Textiles-Featherwork,"Cotton, feathers",ica,Intermedio Tardio,1000,1470,costa sur,False,Ica Peru Ica Valley,12th–13th century,1100,1300,680,702,0.48,146367,CC0 (dominio publico),https://www.metmuseum.org/art/collection/search/312499
met,312500,data/raw/met/images/met_312500.jpg,Miniature Dress,Textiles-Featherwork,"Cotton, feathers",ica,Intermedio Tardio,1000,1470,costa sur,False,Ica Peru Ica Valley,12th–13th century,1100,1300,1845,1818,3.35,938537,CC0 (dominio publico),https://www.metmuseum.org/art/collection/search/312500
met,312613,data/raw/met/images/met_312613.jpg,Tunic Fragment,Textiles-Woven,"Camelid hair, cotton",moche,Intermedio Temprano,100,800,no determinada,False,Moche-Wari Peru,7th–8th century,600,800,1109,3304,3.66,643923,CC0 (dominio publico),https://www.metmuseum.org/art/collection/search/312613
met,312614,data/raw/met/images/met_312614.jpg,Tunic Section,Textiles-Woven,"Camelid hair, cotton",wari,Horizonte Medio,600,1000,no determinada,False,Wari Peru,7th–9th century,600,900,952,2000,1.9,2239312,CC0 (dominio publico),https://www.metmuseum.org/art/collection/search/312614
met,312615,data/raw/met/images/met_312615.jpg,Tunic Fragment,Textiles-Woven,"Camelid hair, cotton",wari,Horizonte Medio,600,1000,no determinada,False,Wari Peru,7th–9th century,600,900,1213,2000,2.43,3040822,CC0 (dominio publico),https://www.metmuseum.org/art/collection/search/312615
met,312616,data/raw/met/images/met_312616.jpg,Tunic Fragment,Textiles-Woven,"Camelid hair, cotton",chimu,Intermedio Tardio,900,1470,no determinada,False,Chimú Peru,12th–15th century,1100,1500,2349,4000,9.4,3133194,CC0 (dominio publico),https://www.metmuseum.org/art/collection/search/312616
met,312668,data/raw/met/images/met_312668.jpg,Bag,Textiles-Woven,"Cotton, camelid hair",nasca,Intermedio Temprano,-100,800,no determinada,False,Nasca Peru,7th century,600,700,1953,1863,3.64,827442,CC0 (dominio publico),https://www.metmuseum.org/art/collection/search/312668
met,312669,data/raw/met/images/met_312669.jpg,Panel,Textiles-Woven,"Cotton, paint",chancay,Intermedio Tardio,1000,1470,no determinada,False,Chancay Peru,1100–1400,1100,1400,4759,2686,12.78,3283680,CC0 (dominio publico),https://www.metmuseum.org/art/collection/search/312669
met,312670,data/raw/met/images/met_312670.jpg,Tapestry Fragment,Textiles-Woven,"Camelid hair, cotton",chimu,Intermedio Tardio,900,1470,no determinada,False,Chimú Peru,12th–15th century,1100,1500,2217,2897,6.42,3079416,CC0 (dominio publico),https://www.metmuseum.org/art/collection/search/312670
met,312671,data/raw/met/images/met_312671.jpg,Tunic,Textiles-Woven,"Cotton, camelid hair",wari,Horizonte Medio,600,1000,no determinada,False,Wari Peru,7th–9th century,600,900,557,471,0.26,267140,CC0 (dominio publico),https://www.metmuseum.org/art/collection/search/312671
met,312672,data/raw/met/images/met_312672.jpg,Mantle,Textiles-Woven,"Cotton, camelid hair",wari,Horizonte Medio,600,1000,no determinada,False,Wari Peru,7th–9th century,600,900,1947,1906,3.71,2624181,CC0 (dominio publico),https://www.metmuseum.org/art/collection/search/312672
met,312673,data/raw/met/images/met_312673.jpg,Tunic,Textiles-Woven,"Camelid hair, cotton",ica,Intermedio Tardio,1000,1470,no determinada,True,Ica (?) Peru,13th–15th century,1200,1500,192,86,0.02,10755,CC0 (dominio publico),https://www.metmuseum.org/art/collection/search/312673
met,312674,data/raw/met/images/met_312674.jpg,Feathered Panel,Textiles-Featherwork,"Feathers on cotton, camelid fiber",wari,Horizonte Medio,600,1000,costa sur,False,Wari Peru South Coast,600–900 CE,600,900,4000,1783,7.13,2363410,CC0 (dominio publico),https://www.metmuseum.org/art/collection/search/312674
met,312675,data/raw/met/images/met_312675.jpg,Feathered Panel,Textiles-Featherwork,"Feathers, cotton, camelid hair",wari,Horizonte Medio,600,1000,no determinada,False,Wari Peru Churunga Valley,600–900 CE,600,900,4000,1783,7.13,1996278,CC0 (dominio publico),https://www.metmuseum.org/art/collection/search/312675
met,312676,data/raw/met/images/met_312676.jpg,Feathered Panel,Textiles-Featherwork,"Feathers, cotton, camelid hair",wari,Horizonte Medio,600,1000,costa sur,False,Wari Peru South Coast,600–900 CE,600,900,4000,1783,7.13,2009692,CC0 (dominio publico),https://www.metmuseum.org/art/collection/search/312676
met,312677,data/raw/met/images/met_312677.jpg,Feathered panel,Textiles-Featherwork,Feathers on cotton fabric,wari,Horizonte Medio,600,1000,costa sur,False,Wari Peru South Coast,650–1000 CE,600,900,4000,1783,7.13,1834549,CC0 (dominio publico),https://www.metmuseum.org/art/collection/search/312677
met,312678,data/raw/met/images/met_312678.jpg,Feathered Panel,Textiles-Featherwork,"Feathers on cotton, camelid hair",wari,Horizonte Medio,600,1000,costa sur,False,Wari Peru South Coast,600–900 CE,600,900,4000,1783,7.13,2156003,CC0 (dominio publico),https://www.metmuseum.org/art/collection/search/312678
met,312679,data/raw/met/images/met_312679.jpg,Feathered Panel,Textiles-Featherwork,"Feathers on cotton, camelid hair",wari,Horizonte Medio,600,1000,costa sur,False,Wari Peru South Coast,600–900 CE,600,900,4000,1783,7.13,2277936,CC0 (dominio publico),https://www.metmuseum.org/art/collection/search/312679
met,312680,data/raw/met/images/met_312680.jpg,Feathered Panel,Textiles-Featherwork,"Feathers on cotton, camelid hair",wari,Horizonte Medio,600,1000,costa sur,False,Wari Peru South Coast,600–900 CE,600,900,4000,1783,7.13,1842631,CC0 (dominio publico),https://www.metmuseum.org/art/collection/search/312680
met,312681,data/raw/met/images/met_312681.jpg,Feathered Panel,Textiles-Featherwork,"Feathers on cotton, camelid hair",wari,Horizonte Medio,600,1000,costa sur,False,Wari Peru South Coast,600–900 CE,600,900,4000,1783,7.13,1813899,CC0 (dominio publico),https://www.metmuseum.org/art/collection/search/312681
met,312682,data/raw/met/images/met_312682.jpg,Feathered Panel,Textiles-Featherwork,"Feathers on cotton, camelid hair",wari,Horizonte Medio,600,1000,costa sur,False,Wari Peru South Coast,600–900 CE,600,900,4000,1783,7.13,2018490,CC0 (dominio publico),https://www.metmuseum.org/art/collection/search/312682
met,312683,data/raw/met/images/met_312683.jpg,Feathered Panel,Textiles-Featherwork,"Feathers on cotton, camelid hair",wari,Horizonte Medio,600,1000,costa sur,False,Wari Peru South Coast,600–900 CE,600,900,4000,1783,7.13,1900022,CC0 (dominio publico),https://www.metmuseum.org/art/collection/search/312683
met,312684,data/raw/met/images/met_312684.jpg,Feathered Panel,Textiles-Featherwork,"Feathers on cotton, camelid hair",wari,Horizonte Medio,600,1000,no determinada,False,Wari Peru Churunga Valley,600–900 CE,600,900,4000,1783,7.13,2359742,CC0 (dominio publico),https://www.metmuseum.org/art/collection/search/312684
met,312685,data/raw/met/images/met_312685.jpg,Feathered Panel,Textiles-Featherwork,"Feathers on cotton, camelid hair",wari,Horizonte Medio,600,1000,no determinada,False,Wari Peru,7th–9th century,600,900,4000,1783,7.13,1911066,CC0 (dominio publico),https://www.metmuseum.org/art/collection/search/312685
met,312737,data/raw/met/images/met_312737.jpg,Feathered Panel,Textiles-Featherwork,"Feathers, cotton, camelid hair",wari,Horizonte Medio,600,1000,no determinada,False,Wari Peru Churunga Valley,600–900 CE,600,900,4000,1667,6.67,2547492,CC0 (dominio publico),https://www.metmuseum.org/art/collection/search/312737
met,312784,data/raw/met/images/met_312784.jpg,Shirt,Textiles-Woven,"Camelid fiber, cotton",chimu,Intermedio Tardio,900,1470,no determinada,False,Chimú Peru,1450–1550,1450,1550,1905,1171,2.23,1233733,CC0 (dominio publico),https://www.metmuseum.org/art/collection/search/312784
met,312785,data/raw/met/images/met_312785.jpg,Sleeveless Tunic,Textiles-Woven,"Cotton, camelid hair",chimu,Intermedio Tardio,900,1470,no determinada,False,Chimú Peru,12th–15th century,1100,1500,4000,2616,10.46,3566250,CC0 (dominio publico),https://www.metmuseum.org/art/collection/search/312785
met,312786,data/raw/met/images/met_312786.jpg,Tunic,Textiles-Woven,"Cotton, camelid hair",chimu,Intermedio Tardio,900,1470,no determinada,False,Chimú Peru,12th–15th century,1100,1500,4000,2664,10.66,3047230,CC0 (dominio publico),https://www.metmuseum.org/art/collection/search/312786
met,312787,data/raw/met/images/met_312787.jpg,Tunic,Textiles-Woven,"Cotton, camelid hair",chimu,Intermedio Tardio,900,1470,no determinada,False,Chimú Peru,12th–15th century,1100,1500,4000,2232,8.93,2748793,CC0 (dominio publico),https://www.metmuseum.org/art/collection/search/312787
met,312788,data/raw/met/images/met_312788.jpg,Turban,Textiles-Woven,"Cotton, camelid hair",chimu,Intermedio Tardio,900,1470,no determinada,False,Chimú Peru,12th–15th century,1100,1500,873,2665,2.33,809172,CC0 (dominio publico),https://www.metmuseum.org/art/collection/search/312788
met,312789,data/raw/met/images/met_312789.jpg,Loincloth,Textiles-Woven,"Cotton, camelid hair",chimu,Intermedio Tardio,900,1470,no determinada,False,Chimú Peru,12th–15th century,1100,1500,3220,2914,9.38,3865039,CC0 (dominio publico),https://www.metmuseum.org/art/collection/search/312789
met,312790,data/raw/met/images/met_312790.jpg,Shirt,Textiles-Woven,"Camelid fiber, cotton",chimu,Intermedio Tardio,900,1470,no determinada,False,Chimú Peru,1300–1470,1300,1470,4000,2318,9.27,2524859,CC0 (dominio publico),https://www.metmuseum.org/art/collection/search/312790
met,312791,data/raw/met/images/met_312791.jpg,Turban,Textiles-Woven,"Cotton, camelid hair",chimu,Intermedio Tardio,900,1470,no determinada,False,Chimú Peru,12th–15th century,1100,1500,1763,4000,7.05,1686262,CC0 (dominio publico),https://www.metmuseum.org/art/collection/search/312791
met,312792,data/raw/met/images/met_312792.jpg,Loincloth,Textiles-Woven,"Cotton, camelid hair",chimu,Intermedio Tardio,900,1470,no determinada,False,Chimú Peru,12th–15th century,1100,1500,4000,3508,14.03,3896393,CC0 (dominio publico),https://www.metmuseum.org/art/collection/search/312792
met,312793,data/raw/met/images/met_312793.jpg,Turban,Textiles-Woven,"Cotton, camelid hair",chimu,Intermedio Tardio,900,1470,no determinada,False,Chimú Peru,12th–15th century,1100,1500,247,1361,0.34,217957,CC0 (dominio publico),https://www.metmuseum.org/art/collection/search/312793
met,312794,data/raw/met/images/met_312794.jpg,Turban-end Panels,Textiles-Woven,"Cotton, camelid hair",chimu,Intermedio Tardio,900,1470,no determinada,False,Chimú Peru,12th–15th century,1100,1500,1297,2721,3.53,1169153,CC0 (dominio publico),https://www.metmuseum.org/art/collection/search/312794
met,312795,data/raw/met/images/met_312795.jpg,Turban-end Panels,Textiles-Woven,"Cotton, camelid hair",chimu,Intermedio Tardio,900,1470,no determinada,False,Chimú Peru,12th–15th century,1100,1500,2649,4000,10.6,6987577,CC0 (dominio publico),https://www.metmuseum.org/art/collection/search/312795
met,312796,data/raw/met/images/met_312796.jpg,Hanging,Textiles-Woven,Cotton,chimu,Intermedio Tardio,900,1470,no determinada,False,Chimú Peru,1300–1470,1300,1470,1449,1905,2.76,397017,CC0 (dominio publico),https://www.metmuseum.org/art/collection/search/312796
met,312797,data/raw/met/images/met_312797.jpg,Tunic Shoulder Panel,Textiles-Woven,"Cotton, camelid hair",chimu,Intermedio Tardio,900,1470,no determinada,False,Chimú Peru,12th–15th century,1100,1500,512,768,0.39,85121,CC0 (dominio publico),https://www.metmuseum.org/art/collection/search/312797
met,312800,data/raw/met/images/met_312800.jpg,Funerary Mask,Wood-Ornaments,"Wood, paint, gold, cloth, shell",ica,Intermedio Tardio,1000,1470,no determinada,False,Ica Peru,13th–15th century,1200,1500,1578,2223,3.51,484642,CC0 (dominio publico),https://www.metmuseum.org/art/collection/search/312800
met,312816,data/raw/met/images/met_312816.jpg,Head Lime Container,Shell-Containers,"Shell, metal alloy, stone, wood, fiber",wari,Horizonte Medio,600,1000,no determinada,False,Wari Peru,6th–9th century,500,900,2860,4000,11.44,2578832,CC0 (dominio publico),https://www.metmuseum.org/art/collection/search/312816
met,312819,data/raw/met/images/met_312819.jpg,Miniature Dress,Textiles-Featherwork,"Cotton, feathers",ica,Intermedio Tardio,1000,1470,costa sur,False,Ica Peru Ica Valley,12th–13th century,1100,1300,4000,3976,15.9,5029439,CC0 (dominio publico),https://www.metmuseum.org/art/collection/search/312819
met,312820,data/raw/met/images/met_312820.jpg,Miniature Dress,Textiles-Featherwork,"Cotton, feathers",ica,Intermedio Tardio,1000,1470,costa sur,False,Ica Peru Ica Valley,12th–13th century,1100,1300,4000,3000,12.0,2302172,CC0 (dominio publico),https://www.metmuseum.org/art/collection/search/312820
met,312821,data/raw/met/images/met_312821.jpg,Miniature Dress,Textiles-Featherwork,"Cotton, feathers",ica,Intermedio Tardio,1000,1470,costa sur,False,Ica Peru Ica Valley,12th–13th century,1100,1300,680,759,0.52,146090,CC0 (dominio publico),https://www.metmuseum.org/art/collection/search/312821
met,312823,data/raw/met/images/met_312823.jpg,Miniature Dress,Textiles-Featherwork,"Cotton, feathers",ica,Intermedio Tardio,1000,1470,costa sur,False,Ica Peru Ica Valley,12th–13th century,1100,1300,1629,1647,2.68,807861,CC0 (dominio publico),https://www.metmuseum.org/art/collection/search/312823
met,312824,data/raw/met/images/met_312824.jpg,Miniature Dress,Textiles-Featherwork,"Cotton, feathers",ica,Intermedio Tardio,1000,1470,costa sur,False,Ica Peru Ica Valley,12th–13th century,1100,1300,1881,1881,3.54,1139992,CC0 (dominio publico),https://www.metmuseum.org/art/collection/search/312824
met,312825,data/raw/met/images/met_312825.jpg,Miniature Dress,Textiles-Featherwork,"Cotton, feathers",ica,Intermedio Tardio,1000,1470,costa sur,False,Ica Peru Ica Valley,12th–13th century,1100,1300,1875,1863,3.49,1049693,CC0 (dominio publico),https://www.metmuseum.org/art/collection/search/312825
met,312826,data/raw/met/images/met_312826.jpg,Miniature Dress,Textiles-Featherwork,"Cotton, feathers",ica,Intermedio Tardio,1000,1470,costa sur,False,Ica Peru Ica Valley,12th–13th century,1100,1300,4000,3976,15.9,4595741,CC0 (dominio publico),https://www.metmuseum.org/art/collection/search/312826
met,312827,data/raw/met/images/met_312827.jpg,Miniature Dress,Textiles-Featherwork,"Cotton, feathers",ica,Intermedio Tardio,1000,1470,costa sur,False,Ica Peru Ica Valley,12th–13th century,1100,1300,4000,3022,12.09,1522999,CC0 (dominio publico),https://www.metmuseum.org/art/collection/search/312827
met,312828,data/raw/met/images/met_312828.jpg,Miniature Dress,Textiles-Featherwork,"Cotton, feathers",ica,Intermedio Tardio,1000,1470,costa sur,False,Ica Peru Ica Valley,12th–13th century,1100,1300,1809,1785,3.23,884367,CC0 (dominio publico),https://www.metmuseum.org/art/collection/search/312828
met,312829,data/raw/met/images/met_312829.jpg,Miniature Dress,Textiles-Featherwork,"Cotton, feathers",ica,Intermedio Tardio,1000,1470,costa sur,False,Ica Peru Ica Valley,12th–13th century,1100,1300,1695,1866,3.16,936472,CC0 (dominio publico),https://www.metmuseum.org/art/collection/search/312829
met,312830,data/raw/met/images/met_312830.jpg,Miniature Dress,Textiles-Featherwork,"Cotton, feathers",ica,Intermedio Tardio,1000,1470,costa sur,False,Ica Peru Ica Valley,12th–13th century,1100,1300,1827,1800,3.29,961974,CC0 (dominio publico),https://www.metmuseum.org/art/collection/search/312830
met,312831,data/raw/met/images/met_312831.jpg,Miniature Dress,Textiles-Featherwork,"Cotton, feathers",ica,Intermedio Tardio,1000,1470,costa sur,False,Ica Peru Ica Valley,12th–13th century,1100,1300,1827,1905,3.48,917475,CC0 (dominio publico),https://www.metmuseum.org/art/collection/search/312831
met,312832,data/raw/met/images/met_312832.jpg,Miniature Dress,Textiles-Featherwork,"Cotton, feathers",ica,Intermedio Tardio,1000,1470,costa sur,False,Ica Peru Ica Valley,12th–13th century,1100,1300,1842,1950,3.59,1004456,CC0 (dominio publico),https://www.metmuseum.org/art/collection/search/312832
met,312833,data/raw/met/images/met_312833.jpg,Miniature Dress,Textiles-Featherwork,"Cotton, feathers",ica,Intermedio Tardio,1000,1470,costa sur,False,Ica Peru Ica Valley,12th–13th century,1100,1300,1908,1905,3.63,1035059,CC0 (dominio publico),https://www.metmuseum.org/art/collection/search/312833
met,312834,data/raw/met/images/met_312834.jpg,Miniature Dress,Textiles-Featherwork,"Cotton, feathers",ica,Intermedio Tardio,1000,1470,costa sur,False,Ica Peru Ica Valley,12th–13th century,1100,1300,1809,1743,3.15,908919,CC0 (dominio publico),https://www.metmuseum.org/art/collection/search/312834
met,312835,data/raw/met/images/met_312835.jpg,Miniature Dress,Textiles-Featherwork,"Cotton, feathers",ica,Intermedio Tardio,1000,1470,costa sur,False,Ica Peru Ica Valley,12th–13th century,1100,1300,4000,3000,12.0,1518861,CC0 (dominio publico),https://www.metmuseum.org/art/collection/search/312835
met,312836,data/raw/met/images/met_312836.jpg,Miniature Dress,Textiles-Featherwork,"Cotton, feathers",ica,Intermedio Tardio,1000,1470,costa sur,False,Ica Peru Ica Valley,12th–13th century,1100,1300,680,681,0.46,161679,CC0 (dominio publico),https://www.metmuseum.org/art/collection/search/312836
met,312837,data/raw/met/images/met_312837.jpg,Miniature Dress,Textiles-Featherwork,"Cotton, feathers",ica,Intermedio Tardio,1000,1470,costa sur,False,Ica Peru Ica Valley,12th–13th century,1100,1300,680,717,0.49,153044,CC0 (dominio publico),https://www.metmuseum.org/art/collection/search/312837
met,312838,data/raw/met/images/met_312838.jpg,Miniature Dress,Textiles-Featherwork,"Cotton, feathers",ica,Intermedio Tardio,1000,1470,costa sur,False,Ica Peru Ica Valley,12th–13th century,1100,1300,680,670,0.46,142710,CC0 (dominio publico),https://www.metmuseum.org/art/collection/search/312838
met,312839,data/raw/met/images/met_312839.jpg,Miniature Dress,Textiles-Featherwork,"Cotton, feathers",ica,Intermedio Tardio,1000,1470,costa sur,False,Ica Peru Ica Valley,12th–13th century,1100,1300,1665,1710,2.85,818743,CC0 (dominio publico),https://www.metmuseum.org/art/collection/search/312839
met,312840,data/raw/met/images/met_312840.jpg,Miniature Feathered Dress,Textiles-Featherwork,"Cotton, feathers",ica,Intermedio Tardio,1000,1470,costa sur,False,Ica Peru Ica Valley,12th–13th century,1100,1300,1689,1833,3.1,889679,CC0 (dominio publico),https://www.metmuseum.org/art/collection/search/312840
met,312841,data/raw/met/images/met_312841.jpg,Miniature Dress,Textiles-Featherwork,"Cotton, feathers",ica,Intermedio Tardio,1000,1470,costa sur,False,Ica Peru Ica Valley,12th–13th century,1100,1300,680,702,0.48,146797,CC0 (dominio publico),https://www.metmuseum.org/art/collection/search/312841
met,312842,data/raw/met/images/met_312842.jpg,Miniature Dress,Textiles-Featherwork,"Cotton, feathers",ica,Intermedio Tardio,1000,1470,costa sur,False,Ica Peru Ica Valley,12th–13th century,1100,1300,680,654,0.44,149899,CC0 (dominio publico),https://www.metmuseum.org/art/collection/search/312842
met,312843,data/raw/met/images/met_312843.jpg,Miniature Dress,Textiles-Featherwork,"Cotton, feathers",ica,Intermedio Tardio,1000,1470,costa sur,False,Ica Peru Ica Valley,12th–13th century,1100,1300,680,669,0.45,137203,CC0 (dominio publico),https://www.metmuseum.org/art/collection/search/312843
met,312844,data/raw/met/images/met_312844.jpg,Miniature Dress,Textiles-Featherwork,"Cotton, feathers",ica,Intermedio Tardio,1000,1470,costa sur,False,Ica Peru Ica Valley,12th–13th century,1100,1300,1695,1602,2.72,727524,CC0 (dominio publico),https://www.metmuseum.org/art/collection/search/312844
met,312845,data/raw/met/images/met_312845.jpg,Miniature Dress,Textiles-Featherwork,"Cotton, feathers",ica,Intermedio Tardio,1000,1470,costa sur,False,Ica Peru Ica Valley,12th–13th century,1100,1300,1716,1797,3.08,847414,CC0 (dominio publico),https://www.metmuseum.org/art/collection/search/312845
met,312846,data/raw/met/images/met_312846.jpg,Miniature Dress,Textiles-Featherwork,"Cotton, feathers",ica,Intermedio Tardio,1000,1470,costa sur,False,Ica Peru Ica Valley,12th–13th century,1100,1300,1794,1848,3.32,938125,CC0 (dominio publico),https://www.metmuseum.org/art/collection/search/312846
met,312847,data/raw/met/images/met_312847.jpg,Miniature Dress,Textiles-Featherwork,"Cotton, feathers",ica,Intermedio Tardio,1000,1470,costa sur,False,Ica Peru Ica Valley,12th–13th century,1100,1300,1827,1881,3.44,983224,CC0 (dominio publico),https://www.metmuseum.org/art/collection/search/312847
met,312848,data/raw/met/images/met_312848.jpg,Miniature Dress,Textiles-Featherwork,"Cotton, feathers",ica,Intermedio Tardio,1000,1470,costa sur,False,Ica Peru Ica Valley,12th–13th century,1100,1300,1845,1863,3.44,999975,CC0 (dominio publico),https://www.metmuseum.org/art/collection/search/312848
met,312849,data/raw/met/images/met_312849.jpg,Miniature Dress,Textiles-Featherwork,"Cotton, feathers",ica,Intermedio Tardio,1000,1470,costa sur,False,Ica Peru Ica Valley,12th–13th century,1100,1300,3893,2921,11.37,1360078,CC0 (dominio publico),https://www.metmuseum.org/art/collection/search/312849
met,312850,data/raw/met/images/met_312850.jpg,Miniature Dress,Textiles-Featherwork,"Cotton, feathers",ica,Intermedio Tardio,1000,1470,costa sur,False,Ica Peru Ica Valley,12th–13th century,1100,1300,1935,1926,3.73,934007,CC0 (dominio publico),https://www.metmuseum.org/art/collection/search/312850
met,312851,data/raw/met/images/met_312851.jpg,Miniature Dress,Textiles-Featherwork,"Cotton, feathers",ica,Intermedio Tardio,1000,1470,costa sur,False,Ica Peru Ica Valley,12th–13th century,1100,1300,1704,1848,3.15,816180,CC0 (dominio publico),https://www.metmuseum.org/art/collection/search/312851
met,312852,data/raw/met/images/met_312852.jpg,Miniature Dress,Textiles-Featherwork,"Cotton, feathers",ica,Intermedio Tardio,1000,1470,costa sur,False,Ica Peru Ica Valley,12th–13th century,1100,1300,4000,3000,12.0,1583908,CC0 (dominio publico),https://www.metmuseum.org/art/collection/search/312852
met,312853,data/raw/met/images/met_312853.jpg,Miniature Dress,Textiles-Featherwork,"Cotton, feathers",ica,Intermedio Tardio,1000,1470,costa sur,False,Ica Peru Ica Valley,12th–13th century,1100,1300,1776,1887,3.35,906319,CC0 (dominio publico),https://www.metmuseum.org/art/collection/search/312853
met,312854,data/raw/met/images/met_312854.jpg,Miniature Dress,Textiles-Featherwork,"Cotton, feathers",ica,Intermedio Tardio,1000,1470,costa sur,False,Ica Peru Ica Valley,12th–13th century,1100,1300,1779,1788,3.18,898910,CC0 (dominio publico),https://www.metmuseum.org/art/collection/search/312854
met,312855,data/raw/met/images/met_312855.jpg,Miniature Tunic,Textiles-Featherwork,"Cotton, feathers",ica,Intermedio Tardio,1000,1470,costa sur,False,Ica Peru Ica Valley,12th–13th century,1100,1300,680,822,0.56,195358,CC0 (dominio publico),https://www.metmuseum.org/art/collection/search/312855
met,312856,data/raw/met/images/met_312856.jpg,Miniature Tunic,Textiles-Featherwork,"Cotton, feathers",ica,Intermedio Tardio,1000,1470,costa sur,False,Ica Peru Ica Valley,12th–13th century,1100,1300,4000,3000,12.0,1628086,CC0 (dominio publico),https://www.metmuseum.org/art/collection/search/312856
met,312857,data/raw/met/images/met_312857.jpg,Miniature Tunic,Textiles-Featherwork,"Cotton, feathers",ica,Intermedio Tardio,1000,1470,costa sur,False,Ica Peru Ica Valley,12th–13th century,1100,1300,4000,3000,12.0,1898364,CC0 (dominio publico),https://www.metmuseum.org/art/collection/search/312857
met,312858,data/raw/met/images/met_312858.jpg,Miniature Tunic,Textiles-Featherwork,"Cotton, feathers",ica,Intermedio Tardio,1000,1470,costa sur,False,Ica Peru Ica Valley,12th–13th century,1100,1300,680,632,0.43,147704,CC0 (dominio publico),https://www.metmuseum.org/art/collection/search/312858
met,312859,data/raw/met/images/met_312859.jpg,Miniature Tunic,Textiles-Featherwork,"Cotton, feathers",ica,Intermedio Tardio,1000,1470,costa sur,False,Ica Peru Ica Valley,12th–13th century,1100,1300,1662,1719,2.86,868123,CC0 (dominio publico),https://www.metmuseum.org/art/collection/search/312859
met,312860,data/raw/met/images/met_312860.jpg,Miniature Tunic,Textiles-Featherwork,"Cotton, feathers",ica,Intermedio Tardio,1000,1470,costa sur,False,Ica Peru Ica Valley,12th–13th century,1100,1300,4000,3000,12.0,1564486,CC0 (dominio publico),https://www.metmuseum.org/art/collection/search/312860
met,312861,data/raw/met/images/met_312861.jpg,Miniature Tunic,Textiles-Featherwork,"Cotton, feathers",ica,Intermedio Tardio,1000,1470,costa sur,False,Ica Peru Ica Valley,12th–13th century,1100,1300,1878,1782,3.35,947674,CC0 (dominio publico),https://www.metmuseum.org/art/collection/search/312861
met,312862,data/raw/met/images/met_312862.jpg,Miniature Tunic,Textiles-Featherwork,"Cotton, feathers",ica,Intermedio Tardio,1000,1470,costa sur,False,Ica Peru Ica Valley,12th–13th century,1100,1300,1968,1893,3.73,1091146,CC0 (dominio publico),https://www.metmuseum.org/art/collection/search/312862
met,312863,data/raw/met/images/met_312863.jpg,Miniature Tunic,Textiles-Featherwork,"Cotton, feathers",ica,Intermedio Tardio,1000,1470,costa sur,False,Ica Peru Ica Valley,12th–13th century,1100,1300,1935,1860,3.6,1084571,CC0 (dominio publico),https://www.metmuseum.org/art/collection/search/312863
met,312864,data/raw/met/images/met_312864.jpg,Miniature Tunic,Textiles-Featherwork,"Cotton, feathers",ica,Intermedio Tardio,1000,1470,costa sur,False,Ica Peru Ica Valley,12th–13th century,1100,1300,1836,1686,3.1,984644,CC0 (dominio publico),https://www.metmuseum.org/art/collection/search/312864
met,312865,data/raw/met/images/met_312865.jpg,Miniature Tunic,Textiles-Featherwork,"Cotton, feathers",ica,Intermedio Tardio,1000,1470,costa sur,False,Ica Peru Ica Valley,12th–13th century,1100,1300,1884,1917,3.61,1094367,CC0 (dominio publico),https://www.metmuseum.org/art/collection/search/312865
met,312866,data/raw/met/images/met_312866.jpg,Miniature Tunic,Textiles-Featherwork,"Cotton, feathers",ica,Intermedio Tardio,1000,1470,costa sur,False,Ica Peru Ica Valley,12th–13th century,1100,1300,4000,3000,12.0,1722930,CC0 (dominio publico),https://www.metmuseum.org/art/collection/search/312866
met,312868,data/raw/met/images/met_312868.jpg,Miniature Tunic,Textiles-Featherwork,"Cotton, feathers",ica,Intermedio Tardio,1000,1470,costa sur,False,Ica Peru Ica Valley,12th–13th century,1100,1300,1656,1656,2.74,807675,CC0 (dominio publico),https://www.metmuseum.org/art/collection/search/312868
met,312869,data/raw/met/images/met_312869.jpg,Miniature Tunic,Textiles-Featherwork,"Cotton, feathers",ica,Intermedio Tardio,1000,1470,costa sur,False,Ica Peru Ica Valley,12th–13th century,1100,1300,1803,1869,3.37,754624,CC0 (dominio publico),https://www.metmuseum.org/art/collection/search/312869
met,312870,data/raw/met/images/met_312870.jpg,Miniature Tunic,Textiles-Featherwork,"Cotton, feathers",ica,Intermedio Tardio,1000,1470,costa sur,False,Ica Peru Ica Valley,12th–13th century,1100,1300,4000,3000,12.0,1959241,CC0 (dominio publico),https://www.metmuseum.org/art/collection/search/312870
met,312871,data/raw/met/images/met_312871.jpg,Miniature Tunic,Textiles-Featherwork,"Cotton, feathers",ica,Intermedio Tardio,1000,1470,costa sur,False,Ica Peru Ica Valley,12th–13th century,1100,1300,1959,1719,3.37,1029012,CC0 (dominio publico),https://www.metmuseum.org/art/collection/search/312871
met,312872,data/raw/met/images/met_312872.jpg,MiniatureTunic,Textiles-Featherwork,"Cotton, feathers",ica,Intermedio Tardio,1000,1470,costa sur,False,Ica Peru Ica Valley,12th–13th century,1100,1300,2013,1968,3.96,1207546,CC0 (dominio publico),https://www.metmuseum.org/art/collection/search/312872
met,312873,data/raw/met/images/met_312873.jpg,Miniature Tunic,Textiles-Featherwork,"Cotton, feathers",ica,Intermedio Tardio,1000,1470,costa sur,False,Ica Peru Ica Valley,12th–13th century,1100,1300,2013,1968,3.96,1221759,CC0 (dominio publico),https://www.metmuseum.org/art/collection/search/312873
met,312874,data/raw/met/images/met_312874.jpg,Miniature Tunic,Textiles-Featherwork,"Cotton, feathers",ica,Intermedio Tardio,1000,1470,costa sur,False,Ica Peru Ica Valley,12th–13th century,1100,1300,2013,1860,3.74,1213798,CC0 (dominio publico),https://www.metmuseum.org/art/collection/search/312874
met,312875,data/raw/met/images/met_312875.jpg,Miniature Tunic,Textiles-Featherwork,"Cotton, feathers",ica,Intermedio Tardio,1000,1470,costa sur,False,Ica Peru Ica Valley,12th–13th century,1100,1300,4000,3000,12.0,2238306,CC0 (dominio publico),https://www.metmuseum.org/art/collection/search/312875
met,312876,data/raw/met/images/met_312876.jpg,Miniature Tunic,Textiles-Featherwork,"Cotton, feathers",ica,Intermedio Tardio,1000,1470,costa sur,False,Ica Peru Ica Valley,12th–13th century,1100,1300,4000,3391,13.56,2288167,CC0 (dominio publico),https://www.metmuseum.org/art/collection/search/312876
met,312877,data/raw/met/images/met_312877.jpg,Miniature Tunic,Textiles-Featherwork,"Cotton, feathers",ica,Intermedio Tardio,1000,1470,costa sur,False,Ica Peru Ica Valley,12th–13th century,1100,1300,1590,1584,2.52,661184,CC0 (dominio publico),https://www.metmuseum.org/art/collection/search/312877
met,312880,data/raw/met/images/met_312880.jpg,Miniature Tunic,Textiles-Featherwork,"Cotton, feathers",ica,Intermedio Tardio,1000,1470,costa sur,False,Ica Peru Ica Valley,12th–13th century,1100,1300,1683,1839,3.1,827962,CC0 (dominio publico),https://www.metmuseum.org/art/collection/search/312880
met,312911,data/raw/met/images/met_312911.jpg,Four-Cornered Hat,Textiles-Costumes,"Camelid hair, cotton",wari,Horizonte Medio,600,1000,no determinada,False,Wari Peru,7th–9th century,600,900,4000,3534,14.14,3857012,CC0 (dominio publico),https://www.metmuseum.org/art/collection/search/312911
met,312912,data/raw/met/images/met_312912.jpg,Feathered Panel,Textiles-Featherwork,"Feathers, cotton, camelid hair",wari,Horizonte Medio,600,1000,no determinada,False,Wari Peru,600–900 CE,600,900,4000,1783,7.13,2006072,CC0 (dominio publico),https://www.metmuseum.org/art/collection/search/312912
met,312913,data/raw/met/images/met_312913.jpg,Feathered Panel,Textiles-Featherwork,"Feathers, cotton, camelid hair",wari,Horizonte Medio,600,1000,no determinada,False,Wari Peru Churunga Valley,600–900 CE,600,900,4000,1783,7.13,1978088,CC0 (dominio publico),https://www.metmuseum.org/art/collection/search/312913
met,312914,data/raw/met/images/met_312914.jpg,Feathered Panel,Textiles-Featherwork,"Feathers, cotton, camelid hair",wari,Horizonte Medio,600,1000,no determinada,False,Wari Peru Churunga Valley,600–900 CE,600,900,4000,1783,7.13,2296121,CC0 (dominio publico),https://www.metmuseum.org/art/collection/search/312914
met,312932,data/raw/met/images/met_312932.jpg,Tunic,Textiles-Woven,Camelid hair,nasca,Intermedio Temprano,-100,800,no determinada,False,Nasca Peru,7th century,600,700,2172,2088,4.54,666912,CC0 (dominio publico),https://www.metmuseum.org/art/collection/search/312932
met,312933,data/raw/met/images/met_312933.jpg,Headband,Textiles-Woven,Camelid hair,nasca,Intermedio Temprano,-100,800,no determinada,False,Nasca Peru,6th–7th century,500,700,4000,2526,10.1,2991375,CC0 (dominio publico),https://www.metmuseum.org/art/collection/search/312933
met,312934,data/raw/met/images/met_312934.jpg,Tapestry Bag with Pockets,Textiles-Woven,"Camelid hair, cotton",wari,Horizonte Medio,600,1000,no determinada,False,Wari Peru,7th–9th century,600,900,909,1890,1.72,702590,CC0 (dominio publico),https://www.metmuseum.org/art/collection/search/312934
met,312941,data/raw/met/images/met_312941.jpg,Textile ornament,Metal-Ornaments,Gold,nasca,Intermedio Temprano,-100,800,costa sur,False,Nasca Peru South Coast,1–700 CE,-100,700,4000,3890,15.56,3478573,CC0 (dominio publico),https://www.metmuseum.org/art/collection/search/312941
met,312942,data/raw/met/images/met_312942.jpg,Textile ornament,Metal-Ornaments,Gold,nasca,Intermedio Temprano,-100,800,costa sur,False,Nasca Peru South Coast,1–700 CE,-100,700,3926,4000,15.7,3438634,CC0 (dominio publico),https://www.metmuseum.org/art/collection/search/312942
met,312943,data/raw/met/images/met_312943.jpg,Textile ornament,Metal-Ornaments,Gold,nasca,Intermedio Temprano,-100,800,costa sur,False,Nasca Peru South Coast,1–700 CE,-100,700,3926,4000,15.7,3465528,CC0 (dominio publico),https://www.metmuseum.org/art/collection/search/312943
met,312944,data/raw/met/images/met_312944.jpg,Textile ornament,Metal-Ornaments,Gold,nasca,Intermedio Temprano,-100,800,costa sur,False,Nasca Peru South Coast,1–700 CE,-100,700,4000,3890,15.56,3295861,CC0 (dominio publico),https://www.metmuseum.org/art/collection/search/312944
met,312945,data/raw/met/images/met_312945.jpg,Textile ornament,Metal-Ornaments,Gold,nasca,Intermedio Temprano,-100,800,costa sur,False,Nasca Peru South Coast,1–700 CE,-100,700,4000,3890,15.56,3317353,CC0 (dominio publico),https://www.metmuseum.org/art/collection/search/312945
met,312946,data/raw/met/images/met_312946.jpg,Textile ornament,Metal-Ornaments,Gold,nasca,Intermedio Temprano,-100,800,costa sur,False,Nasca Peru South Coast,1–700 CE,-100,700,4000,3908,15.63,3430294,CC0 (dominio publico),https://www.metmuseum.org/art/collection/search/312946
met,312962,data/raw/met/images/met_312962.jpg,Textile Ornament,Metal-Ornaments,Gold (hammered),salinar,Intermedio Temprano,-200,200,no determinada,True,Salinar (?) Peru,1st century BCE–2nd century CE,-100,300,1066,1482,1.58,426116,CC0 (dominio publico),https://www.metmuseum.org/art/collection/search/312962
met,312963,data/raw/met/images/met_312963.jpg,Textile Ornament,Metal-Ornaments,Gold (hammered),salinar,Intermedio Temprano,-200,200,no determinada,True,Salinar (?) Peru,1st century BCE–2nd century CE,-100,300,1066,1482,1.58,406694,CC0 (dominio publico),https://www.metmuseum.org/art/collection/search/312963
met,312964,data/raw/met/images/met_312964.jpg,Textile Ornament,Metal-Ornaments,Gold (hammered),salinar,Intermedio Temprano,-200,200,no determinada,True,Salinar (?) Peru,1st century BCE–2nd century CE,-100,300,1066,1482,1.58,406694,CC0 (dominio publico),https://www.metmuseum.org/art/collection/search/312964
met,312965,data/raw/met/images/met_312965.jpg,Textile Ornament,Metal-Ornaments,Gold (hammered),salinar,Intermedio Temprano,-200,200,no determinada,True,Salinar (?) Peru,1st century BCE–2nd century CE,-100,300,1066,1482,1.58,406694,CC0 (dominio publico),https://www.metmuseum.org/art/collection/search/312965
met,312966,data/raw/met/images/met_312966.jpg,Textile Ornament,Metal-Ornaments,Gold (hammered),salinar,Intermedio Temprano,-200,200,no determinada,True,Salinar (?) Peru,1st century BCE–2nd century CE,-100,300,1066,1482,1.58,406694,CC0 (dominio publico),https://www.metmuseum.org/art/collection/search/312966
met,312967,data/raw/met/images/met_312967.jpg,Textile Ornament,Metal-Ornaments,Gold (hammered),salinar,Intermedio Temprano,-200,200,no determinada,True,Salinar (?) Peru,1st century BCE–2nd century CE,-100,300,1066,1482,1.58,406694,CC0 (dominio publico),https://www.metmuseum.org/art/collection/search/312967
met,312968,data/raw/met/images/met_312968.jpg,Textile Ornament,Metal-Ornaments,Gold (hammered),salinar,Intermedio Temprano,-200,200,no determinada,True,Salinar (?) Peru,1st century BCE–2nd century CE,-100,300,1066,1482,1.58,406694,CC0 (dominio publico),https://www.metmuseum.org/art/collection/search/312968
met,312969,data/raw/met/images/met_312969.jpg,Textile Ornament,Metal-Ornaments,Gold (hammered),salinar,Intermedio Temprano,-200,200,no determinada,True,Salinar (?) Peru,1st century BCE–2nd century CE,-100,300,1066,1482,1.58,406694,CC0 (dominio publico),https://www.metmuseum.org/art/collection/search/312969
met,312970,data/raw/met/images/met_312970.jpg,Textile Ornament,Metal-Ornaments,Gold (hammered),salinar,Intermedio Temprano,-200,200,no determinada,True,Salinar (?) Peru,1st century BCE–2nd century CE,-100,300,1066,1482,1.58,406694,CC0 (dominio publico),https://www.metmuseum.org/art/collection/search/312970
met,312971,data/raw/met/images/met_312971.jpg,Textile Ornament,Metal-Ornaments,Gold (hammered),salinar,Intermedio Temprano,-200,200,no determinada,True,Salinar (?) Peru,1st century BCE–2nd century CE,-100,300,1066,1482,1.58,406694,CC0 (dominio publico),https://www.metmuseum.org/art/collection/search/312971
met,312972,data/raw/met/images/met_312972.jpg,Textile Ornament,Metal-Ornaments,Gold,salinar,Intermedio Temprano,-200,200,no determinada,True,Salinar (?) Peru,1st century BCE–2nd century CE,-100,300,1066,1482,1.58,406694,CC0 (dominio publico),https://www.metmuseum.org/art/collection/search/312972
met,312973,data/raw/met/images/met_312973.jpg,Textile Ornament,Metal-Ornaments,Gold (hammered),salinar,Intermedio Temprano,-200,200,no determinada,True,Salinar (?) Peru,1st century BCE–2nd century CE,-100,300,1066,1482,1.58,406694,CC0 (dominio publico),https://www.metmuseum.org/art/collection/search/312973
met,312974,data/raw/met/images/met_312974.jpg,Textile Ornament,Metal-Ornaments,Gold (hammered),salinar,Intermedio Temprano,-200,200,no determinada,True,Salinar (?) Peru,1st century BCE–2nd century CE,-100,300,1066,1482,1.58,406694,CC0 (dominio publico),https://www.metmuseum.org/art/collection/search/312974
met,312975,data/raw/met/images/met_312975.jpg,Textile Ornament,Metal-Ornaments,Gold (hammered),salinar,Intermedio Temprano,-200,200,no determinada,True,Salinar (?) Peru,1st century BCE–2nd century CE,-100,300,1066,1482,1.58,406694,CC0 (dominio publico),https://www.metmuseum.org/art/collection/search/312975
met,312976,data/raw/met/images/met_312976.jpg,Textile Ornament,Metal-Ornaments,Gold (hammered),salinar,Intermedio Temprano,-200,200,no determinada,True,Salinar (?) Peru,1st century BCE–2nd century CE,-100,300,1066,1482,1.58,406694,CC0 (dominio publico),https://www.metmuseum.org/art/collection/search/312976
met,312977,data/raw/met/images/met_312977.jpg,Textile Ornament,Metal-Ornaments,Gold (hammered),salinar,Intermedio Temprano,-200,200,no determinada,True,Salinar (?) Peru,1st century BCE–2nd century CE,-100,300,1066,1482,1.58,406694,CC0 (dominio publico),https://www.metmuseum.org/art/collection/search/312977
met,312978,data/raw/met/images/met_312978.jpg,Textile Ornament,Metal-Ornaments,Gold (hammered),salinar,Intermedio Temprano,-200,200,no determinada,True,Salinar (?) Peru,1st century BCE–2nd century CE,-100,300,1066,1482,1.58,406694,CC0 (dominio publico),https://www.metmuseum.org/art/collection/search/312978
met,312979,data/raw/met/images/met_312979.jpg,Textile Ornament,Metal-Ornaments,Gold (hammered),salinar,Intermedio Temprano,-200,200,no determinada,True,Salinar (?) Peru,1st century BCE–2nd century CE,-100,300,1066,1482,1.58,406694,CC0 (dominio publico),https://www.metmuseum.org/art/collection/search/312979
met,312980,data/raw/met/images/met_312980.jpg,Textile Ornament,Metal-Ornaments,Gold (hammered),salinar,Intermedio Temprano,-200,200,no determinada,True,Salinar (?) Peru,1st century BCE–2nd century CE,-100,300,1066,1482,1.58,406694,CC0 (dominio publico),https://www.metmuseum.org/art/collection/search/312980
met,312981,data/raw/met/images/met_312981.jpg,Textile Ornament,Metal-Ornaments,Gold (hammered),salinar,Intermedio Temprano,-200,200,no determinada,True,Salinar (?) Peru,1st century BCE–2nd century CE,-100,300,1066,1482,1.58,406694,CC0 (dominio publico),https://www.metmuseum.org/art/collection/search/312981
met,312982,data/raw/met/images/met_312982.jpg,Textile Ornament,Metal-Ornaments,Gold (hammered),salinar,Intermedio Temprano,-200,200,no determinada,True,Salinar (?) Peru,1st century BCE–2nd century CE,-100,300,1066,1482,1.58,406694,CC0 (dominio publico),https://www.metmuseum.org/art/collection/search/312982
met,312983,data/raw/met/images/met_312983.jpg,Textile Ornament,Metal-Ornaments,Gold (hammered),salinar,Intermedio Temprano,-200,200,no determinada,True,Salinar (?) Peru,1st century BCE–2nd century CE,-100,300,1066,1482,1.58,406694,CC0 (dominio publico),https://www.metmuseum.org/art/collection/search/312983
met,312984,data/raw/met/images/met_312984.jpg,Textile Ornament,Metal-Ornaments,Gold (hammered),salinar,Intermedio Temprano,-200,200,no determinada,True,Salinar (?) Peru,1st century BCE–2nd century CE,-100,300,1066,1482,1.58,406694,CC0 (dominio publico),https://www.metmuseum.org/art/collection/search/312984
met,312985,data/raw/met/images/met_312985.jpg,Textile Ornament,Metal-Ornaments,Gold (hammered),salinar,Intermedio Temprano,-200,200,no determinada,True,Salinar (?) Peru,1st century BCE–2nd century CE,-100,300,1066,1482,1.58,406694,CC0 (dominio publico),https://www.metmuseum.org/art/collection/search/312985
met,313006,data/raw/met/images/met_313006.jpg,Wall Hanging,Textiles-Woven,"Camelid hair, cotton",chimu,Intermedio Tardio,900,1470,no determinada,False,Chimú Peru,12th–14th century,1100,1400,4000,3063,12.25,3541162,CC0 (dominio publico),https://www.metmuseum.org/art/collection/search/313006
met,313008,data/raw/met/images/met_313008.jpg,Headdress ornament,Metalwork-Ornaments,Gold,nasca,Intermedio Temprano,-100,800,costa sur,False,Nasca Peru South Coast,1–700 CE,-100,700,2977,4000,11.91,1794357,CC0 (dominio publico),https://www.metmuseum.org/art/collection/search/313008
met,313093,data/raw/met/images/met_313093.jpg,Sampler,Textiles-Woven,"Cotton, camelid hair",nasca,Intermedio Temprano,-100,800,no determinada,False,Nasca Peru,2nd century BCE,-200,-100,1367,1947,2.66,2550212,CC0 (dominio publico),https://www.metmuseum.org/art/collection/search/313093
met,313105,data/raw/met/images/met_313105.jpg,Feathered Panel,Textiles-Featherwork,"Feathers, cotton, camelid hair",wari,Horizonte Medio,600,1000,no determinada,False,Wari Peru Churunga Valley,600–900 CE,600,900,4000,1783,7.13,2117656,CC0 (dominio publico),https://www.metmuseum.org/art/collection/search/313105
met,313106,data/raw/met/images/met_313106.jpg,Feathered Panel,Textiles-Featherwork,"Feathers, cotton, camelid hair",wari,Horizonte Medio,600,1000,no determinada,False,Wari Peru Churunga Valley,600–900 CE,600,900,4000,1783,7.13,2162333,CC0 (dominio publico),https://www.metmuseum.org/art/collection/search/313106
met,313107,data/raw/met/images/met_313107.jpg,Feathered Panel,Textiles-Featherwork,"Feathers, cotton, camelid hair",wari,Horizonte Medio,600,1000,no determinada,False,Wari Peru Churunga Valley,600–900 CE,600,900,4000,1783,7.13,2044109,CC0 (dominio publico),https://www.metmuseum.org/art/collection/search/313107
met,313108,data/raw/met/images/met_313108.jpg,Feathered Panel,Textiles-Featherwork,"Feathers, cotton, camelid hair",wari,Horizonte Medio,600,1000,no determinada,False,Wari Peru Churunga Valley,600–900 CE,600,900,4000,1783,7.13,1739195,CC0 (dominio publico),https://www.metmuseum.org/art/collection/search/313108
met,313121,data/raw/met/images/met_313121.jpg,Panel,Textiles-Woven,"Cotton, camelid hair",chancay,Intermedio Tardio,1000,1470,no determinada,False,Chancay Peru,15th–16th century,1400,1600,849,2961,2.51,1161383,CC0 (dominio publico),https://www.metmuseum.org/art/collection/search/313121
met,313122,data/raw/met/images/met_313122.jpg,Painted Hanging,Textiles-Woven,"Cotton, paint",chimu,Intermedio Tardio,900,1470,no determinada,False,Chimú Peru,12th–15th century,1100,1500,2865,1913,5.48,1713841,CC0 (dominio publico),https://www.metmuseum.org/art/collection/search/313122
met,313129,data/raw/met/images/met_313129.jpg,Hanging,Textiles-Woven,"Cotton, paint",wari,Horizonte Medio,600,1000,no determinada,True,Wari (?) Peru,7th–10th century,600,1000,2881,1009,2.91,874731,CC0 (dominio publico),https://www.metmuseum.org/art/collection/search/313129
met,313134,data/raw/met/images/met_313134.jpg,Openwork Headband,Textiles-Costumes,Cotton,chancay,Intermedio Tardio,1000,1470,no determinada,False,Chancay Peru,12th–15th century,1100,1500,2873,1889,5.43,2267647,CC0 (dominio publico),https://www.metmuseum.org/art/collection/search/313134
met,313135,data/raw/met/images/met_313135.jpg,Openwork Headband,Textiles-Costumes,Cotton,chancay,Intermedio Tardio,1000,1470,no determinada,False,Chancay Peru,12th–15th century,1100,1500,2817,1777,5.01,2119165,CC0 (dominio publico),https://www.metmuseum.org/art/collection/search/313135
met,313143,data/raw/met/images/met_313143.jpg,Tapestry Sash,Textiles-Woven,"Camelid hair, cotton",chancay,Intermedio Tardio,1000,1470,no determinada,False,Chancay Peru,12th–14th century,1100,1400,909,1863,1.69,407660,CC0 (dominio publico),https://www.metmuseum.org/art/collection/search/313143
met,313148,data/raw/met/images/met_313148.JPG,Weaving Basket,Textiles-Implements,"Cane, shell, bone, fiber, camelid hair, wood, pigment, metal, stone",chancay,Intermedio Tardio,1000,1470,no determinada,False,Chancay Peru,12th–14th century,1100,1400,3456,2304,7.96,767292,CC0 (dominio publico),https://www.metmuseum.org/art/collection/search/313148
met,313152,data/raw/met/images/met_313152.jpg,Tunic,Textiles-Woven,Camelid hair,inca,Horizonte Tardio,1400,1533,no determinada,False,Inca Peru,1450–1550,1450,1550,4000,3000,12.0,3338220,CC0 (dominio publico),https://www.metmuseum.org/art/collection/search/313152
met,313153,data/raw/met/images/met_313153.jpg,Tunic with Felines,Textiles-Woven,"Cotton, camelid hair",chimu,Intermedio Tardio,900,1470,no determinada,False,Chimú Peru,1450–1550,1450,1450,4000,1728,6.91,2516077,CC0 (dominio publico),https://www.metmuseum.org/art/collection/search/313153
met,313202,data/raw/met/images/met_313202.jpg,Gauze Headband (?),Textiles-Costumes,"Cotton, camelid hair",chancay,Intermedio Tardio,1000,1470,no determinada,True,Chancay Peru,10th–15th century,900,1500,2913,2295,6.69,2523046,CC0 (dominio publico),https://www.metmuseum.org/art/collection/search/313202
met,313234,data/raw/met/images/met_313234.jpg,Hanging (?),Textiles-Woven,"Cotton, camelid hair",nasca,Intermedio Temprano,-100,800,no determinada,True,Nasca Peru,7th century,600,700,2889,1681,4.86,1953748,CC0 (dominio publico),https://www.metmuseum.org/art/collection/search/313234
met,313237,data/raw/met/images/met_313237.jpg,Tapestry Fragment,Textiles-Woven,"Camelid hair, cotton",chimu,Intermedio Tardio,900,1470,no determinada,False,Chimú Peru,12th–15th century,1100,1500,1899,4000,7.6,2991092,CC0 (dominio publico),https://www.metmuseum.org/art/collection/search/313237
met,313271,data/raw/met/images/met_313271.jpg,Headband,Metal-Ornaments,Gold (hammered),inca,Horizonte Tardio,1400,1533,no determinada,False,Inca Peru,15th–16th century,1400,1600,314,1894,0.59,168319,CC0 (dominio publico),https://www.metmuseum.org/art/collection/search/313271
met,313324,data/raw/met/images/met_313324.jpg,Sleeveless Tunic,Textiles-Woven,"Cotton, camelid hair",inca,Horizonte Tardio,1400,1533,no determinada,False,Inca Peru,15th–early 17th century,1400,1630,600,778,0.47,78338,CC0 (dominio publico),https://www.metmuseum.org/art/collection/search/313324
met,313339,data/raw/met/images/met_313339.jpg,Dress Fragment,Textiles-Woven,"Cotton, pigment",nasca,Intermedio Temprano,-100,800,no determinada,False,Nasca Peru,1st–2nd century,100,200,768,512,0.39,77002,CC0 (dominio publico),https://www.metmuseum.org/art/collection/search/313339
met,313343,data/raw/met/images/met_313343.jpg,Headdress Ornament,Metal-Ornaments,Gold,moche,Intermedio Temprano,100,800,costa norte,False,Moche Peru North Coast,200–600 CE,200,600,4000,3210,12.84,2534928,CC0 (dominio publico),https://www.metmuseum.org/art/collection/search/313343
met,313402,data/raw/met/images/met_313402.jpg,Miniature headdress with owl,Metal-Ornaments,Gold,moche,Intermedio Temprano,100,800,no determinada,False,Moche Peru,500–800 CE,500,700,4000,2962,11.85,2854643,CC0 (dominio publico),https://www.metmuseum.org/art/collection/search/313402
met,314033,data/raw/met/images/met_314033.jpg,Woven Fragment,Textiles-Woven,Camelid hair,no determinada,no determinado,,,costa sur,True,Peru; south coast (?) Peru,12th–15th century,1100,1500,927,1863,1.73,558942,CC0 (dominio publico),https://www.metmuseum.org/art/collection/search/314033
met,314177,data/raw/met/images/met_314177.jpg,Ceramic Seated Male with Headdress,Ceramics-Sculpture,Ceramic,no determinada,no determinado,,,no determinada,False,Manteño Ecuador,6th–11th century,500,1100,2304,3241,7.47,502731,CC0 (dominio publico),https://www.metmuseum.org/art/collection/search/314177
met,314218,data/raw/met/images/met_314218.jpg,Mantle,Textiles-Woven,"Cotton, camelid hair",nasca,Intermedio Temprano,-100,800,no determinada,False,Nasca Peru,3rd–1st century BCE,-300,-1,2193,2401,5.27,2183091,CC0 (dominio publico),https://www.metmuseum.org/art/collection/search/314218
met,314219,data/raw/met/images/met_314219.jpg,Mantle,Textiles-Woven,"Cotton, camelid hair",nasca,Intermedio Temprano,-100,800,no determinada,False,Nasca Peru,3rd–1st century BCE,-300,-1,2161,2577,5.57,3179782,CC0 (dominio publico),https://www.metmuseum.org/art/collection/search/314219
met,314353,data/raw/met/images/met_314353.jpg,Tunic,Textiles-Woven,Camelid hair,wari,Horizonte Medio,600,1000,no determinada,False,Wari Peru,7th–9th century,600,900,4000,3290,13.16,4654805,CC0 (dominio publico),https://www.metmuseum.org/art/collection/search/314353
met,314354,data/raw/met/images/met_314354.jpg,Tie-Dye Tunic,Textiles-Woven,Camelid hair,wari,Horizonte Medio,600,1000,no determinada,False,Wari Peru,mid-8th–mid-9th century,750,850,1961,1465,2.87,2271906,CC0 (dominio publico),https://www.metmuseum.org/art/collection/search/314354
met,314355,data/raw/met/images/met_314355.jpg,Tunic,Textiles-Woven,Camelid hair,wari,Horizonte Medio,600,1000,no determinada,False,Wari Peru,425–550,425,550,4000,3629,14.52,5346124,CC0 (dominio publico),https://www.metmuseum.org/art/collection/search/314355
met,314363,data/raw/met/images/met_314363.jpg,Tunic,Textiles-Woven,Camelid hair,nasca,Intermedio Temprano,-100,800,no determinada,False,Nasca Peru,1st century BCE–2nd century CE,-100,200,4000,3099,12.4,3697537,CC0 (dominio publico),https://www.metmuseum.org/art/collection/search/314363
met,314528,data/raw/met/images/met_314528.jpg,Tunic with Diamond Band,Textiles-Woven,"Camelid hair, cotton",inca,Horizonte Tardio,1400,1533,no determinada,False,Inca Peru,1460–1540,1460,1540,3427,3823,13.1,2363252,CC0 (dominio publico),https://www.metmuseum.org/art/collection/search/314528
met,314613,data/raw/met/images/met_314613.jpg,Hanging,Textiles-Woven,Cotton,chimu,Intermedio Tardio,900,1470,no determinada,False,Chimú Peru,12th–15th century,1100,1500,3866,2947,11.39,4038342,CC0 (dominio publico),https://www.metmuseum.org/art/collection/search/314613
met,314614,data/raw/met/images/met_314614.jpg,Cap Woven with Human Hair,Textiles-Woven,"Camelid hair, human hair",inca,Horizonte Tardio,1400,1533,no determinada,False,Inca Peru,14th–16th century,1300,1600,3871,4000,15.48,3600282,CC0 (dominio publico),https://www.metmuseum.org/art/collection/search/314614
met,314615,data/raw/met/images/met_314615.jpg,Woven Sling Shot,Textiles-Woven,Camelid hair,inca,Horizonte Tardio,1400,1533,no determinada,False,Inca Peru,14th–16th century,1300,1600,2465,929,2.29,502488,CC0 (dominio publico),https://www.metmuseum.org/art/collection/search/314615
met,314616,data/raw/met/images/met_314616.jpg,Woven Sling Shot,Textiles-Woven,Camelid hair,inca,Horizonte Tardio,1400,1533,no determinada,False,Inca Peru,15th–18th century,1400,1800,2449,1145,2.8,736830,CC0 (dominio publico),https://www.metmuseum.org/art/collection/search/314616
met,314617,data/raw/met/images/met_314617.jpg,Woven Sling Shot,Textiles-Woven,Camelid hair,inca,Horizonte Tardio,1400,1533,no determinada,False,Inca Peru,15th–18th century,1400,1800,2465,1233,3.04,646469,CC0 (dominio publico),https://www.metmuseum.org/art/collection/search/314617
met,314618,data/raw/met/images/met_314618.jpg,Shirt,Textiles-Woven,"Camelid hair, cotton",no determinada,no determinado,,,costa central,True,Peru; central coast (?) Peru,1460–1540,1460,1540,4000,1818,7.27,2756971,CC0 (dominio publico),https://www.metmuseum.org/art/collection/search/314618
met,314620,data/raw/met/images/met_314620.jpg,Four-Cornered Hat,Textiles-Costumes,Camelid hair,wari,Horizonte Medio,600,1000,no determinada,False,Wari Peru,7th–9th century,600,900,4000,3629,14.52,3926048,CC0 (dominio publico),https://www.metmuseum.org/art/collection/search/314620
met,314621,data/raw/met/images/met_314621.jpg,Four-Cornered Hat,Textiles-Costumes,Camelid hair,wari,Horizonte Medio,600,1000,no determinada,False,Wari Peru,7th–9th century,600,900,4000,3637,14.55,4018726,CC0 (dominio publico),https://www.metmuseum.org/art/collection/search/314621
met,314622,data/raw/met/images/met_314622.jpg,Four-Cornered Hat,Textiles-Costumes,Camelid hair,wari,Horizonte Medio,600,1000,no determinada,False,Wari Peru,7th–9th century,600,900,4000,3195,12.78,3588907,CC0 (dominio publico),https://www.metmuseum.org/art/collection/search/314622
met,314623,data/raw/met/images/met_314623.jpg,Four-Cornered Hat,Textiles-Costumes,Camelid fiber,wari,Horizonte Medio,600,1000,no determinada,False,Wari Peru,500–900 CE,500,900,4000,3204,12.82,3917717,CC0 (dominio publico),https://www.metmuseum.org/art/collection/search/314623
met,314624,data/raw/met/images/met_314624.jpg,Four-Cornered Hat,Textiles-Costumes,Camelid hair,wari,Horizonte Medio,600,1000,no determinada,False,Wari Peru,8th–10th century,700,1000,4000,3543,14.17,3484992,CC0 (dominio publico),https://www.metmuseum.org/art/collection/search/314624
met,314625,data/raw/met/images/met_314625.jpg,Four-Cornered Hat,Textiles-Costumes,Camelid hair,wari,Horizonte Medio,600,1000,no determinada,False,Wari Peru,7th–9th century,600,900,4000,3088,12.35,3145448,CC0 (dominio publico),https://www.metmuseum.org/art/collection/search/314625
met,314686,data/raw/met/images/met_314686.jpg,Fragment,Textiles-Woven,"Camelid hair, cotton",chimu,Intermedio Tardio,900,1470,no determinada,False,Chimú Peru,12th–15th century,1100,1500,1863,1458,2.72,898551,CC0 (dominio publico),https://www.metmuseum.org/art/collection/search/314686
met,314894,data/raw/met/images/met_314894.jpg,Square Cloth with Feathered Border,Textiles-Featherwork,"Feathers, camelid hair, cotton, wool",chimu,Intermedio Tardio,900,1470,no determinada,False,Chimú Peru,1200 – 1400 CE,1300,1500,4000,3000,12.0,2839872,CC0 (dominio publico),https://www.metmuseum.org/art/collection/search/314894
met,314896,data/raw/met/images/met_314896.jpg,Slipper with Metal Ornaments,Metal-Ornaments,"Metal (hammered), camelid hair, cotton",chimu,Intermedio Tardio,900,1470,no determinada,False,Chimú or Chancay Peru,13th–15th century,1200,1500,1825,1993,3.64,992392,CC0 (dominio publico),https://www.metmuseum.org/art/collection/search/314896
met,314897,data/raw/met/images/met_314897.jpg,Bag with Shell Beads,Beads-Ornaments,"Cotton, shell beads",chimu,Intermedio Tardio,900,1470,no determinada,False,Chimú or Chancay Peru,14th–15th century,1300,1500,3088,4000,12.35,1443399,CC0 (dominio publico),https://www.metmuseum.org/art/collection/search/314897
met,315048,data/raw/met/images/met_315048.jpg,Mantle,Textiles-Woven,Camelid hair,no determinada,no determinado,,,no determinada,False,Ocucaje Peru,2nd–1st century BCE,-200,-1,1905,1417,2.7,2897639,CC0 (dominio publico),https://www.metmuseum.org/art/collection/search/315048
met,315049,data/raw/met/images/met_315049.jpg,Mantle,Textiles-Woven,Camelid hair,paracas,Horizonte Temprano,-800,100,costa sur,False,Paracas Peru,2nd–1st century BCE,-200,-1,512,768,0.39,91678,CC0 (dominio publico),https://www.metmuseum.org/art/collection/search/315049
met,315050,data/raw/met/images/met_315050.jpg,Tunic,Textiles-Woven,Camelid hair,wari,Horizonte Medio,600,1000,no determinada,False,Wari Peru,700–850,700,850,1905,1386,2.64,2707551,CC0 (dominio publico),https://www.metmuseum.org/art/collection/search/315050
met,315065,data/raw/met/images/met_315065.jpg,Multi-strand Necklace,Beads-Ornaments,"Shell beads, cotton",wari,Horizonte Medio,600,1000,no determinada,True,Wari (?) Peru,6th–10th century,500,1000,269,399,0.11,63319,CC0 (dominio publico),https://www.metmuseum.org/art/collection/search/315065
met,315066,data/raw/met/images/met_315066.jpg,Multi-strand Necklace,Beads-Ornaments,"Shell, cotton",wari,Horizonte Medio,600,1000,no determinada,True,Wari (?) Peru,6th–10th century,500,1000,255,400,0.1,56599,CC0 (dominio publico),https://www.metmuseum.org/art/collection/search/315066
met,315109,data/raw/met/images/met_315109.JPG,Mask with Headdress,Metal-Ornaments,"Silvered copper, shell",moche,Intermedio Temprano,100,800,no determinada,False,Moche Peru,6th–7th century,500,700,2298,2998,6.89,782867,CC0 (dominio publico),https://www.metmuseum.org/art/collection/search/315109
met,315119,data/raw/met/images/met_315119.jpg,Shield with owl figure,Metal-Ornaments,"Gilded copper, silvered copper, shell, beads, fibers, organic pseudomorphs",moche,Intermedio Temprano,100,800,no determinada,False,Moche Peru Piura region,500–800 CE,500,800,667,700,0.47,153342,CC0 (dominio publico),https://www.metmuseum.org/art/collection/search/315119
met,315128,data/raw/met/images/met_315128.jpg,Headdress Ornament,Metal-Ornaments,"Silvered copper, shell, turquoise",moche,Intermedio Temprano,100,800,no determinada,False,Moche Peru,6th–7th century,500,700,1972,1365,2.69,545922,CC0 (dominio publico),https://www.metmuseum.org/art/collection/search/315128
met,315149,data/raw/met/images/met_315149.jpg,Headdress Fragment,Metal-Ornaments,Gilded copper,moche,Intermedio Temprano,100,800,no determinada,False,Moche Peru,6th–7th century,500,700,1144,954,1.09,157449,CC0 (dominio publico),https://www.metmuseum.org/art/collection/search/315149
met,315150,data/raw/met/images/met_315150.jpg,Headdress Fragment,Metal-Ornaments,Gilded copper,moche,Intermedio Temprano,100,800,no determinada,False,Moche Peru,6th–7th century,500,700,1744,1485,2.59,380587,CC0 (dominio publico),https://www.metmuseum.org/art/collection/search/315150
met,315201,data/raw/met/images/met_315201.jpg,Face Mask Ornament with Headdress,Metal-Ornaments,Gilded copper,moche,Intermedio Temprano,100,800,no determinada,False,Moche Peru,6th–7th century,500,700,2618,1746,4.57,471943,CC0 (dominio publico),https://www.metmuseum.org/art/collection/search/315201
met,315207,data/raw/met/images/met_315207.JPG,Headdress Crown,Metal-Ornaments,"Silvered copper, gilded copper",moche,Intermedio Temprano,100,800,no determinada,False,Moche Peru,6th–7th century,500,700,1801,1488,2.68,769724,CC0 (dominio publico),https://www.metmuseum.org/art/collection/search/315207
met,315271,data/raw/met/images/met_315271.JPG,Copper Weaving Implement with Disk,Metal-Implements,"Copper (hammered), turquoise",vicus,Intermedio Temprano,-200,400,no determinada,True,Vicús (?) Peru,3rd century BCE–2nd century CE,-300,200,535,1533,0.82,147261,CC0 (dominio publico),https://www.metmuseum.org/art/collection/search/315271
met,315339,data/raw/met/images/met_315339.jpg,Copper Poncho Ornament,Metal-Ornaments,Copper,chimu,Intermedio Tardio,900,1470,no determinada,False,Chimú Peru,12th–15th century,1100,1500,1072,891,0.96,294457,CC0 (dominio publico),https://www.metmuseum.org/art/collection/search/315339
met,315362,data/raw/met/images/met_315362.jpg,Silvered Crown,Metal-Ornaments,"Silver (hammered), textile fragments",chimu,Intermedio Tardio,900,1470,no determinada,False,Chimú Peru,12th–15th century,1100,1500,1345,1371,1.84,315520,CC0 (dominio publico),https://www.metmuseum.org/art/collection/search/315362
met,315429,data/raw/met/images/met_315429.jpg,Earflare,Textiles,"Silver, cotton",wari,Horizonte Medio,600,1000,no determinada,False,Wari Peru,7th–10th century,600,1000,1905,1525,2.91,1220626,CC0 (dominio publico),https://www.metmuseum.org/art/collection/search/315429
met,315430,data/raw/met/images/met_315430.jpg,Earflare,Metal-Musical Instruments,"Silver, cotton",wari,Horizonte Medio,600,1000,no determinada,False,Wari Peru,7th–10th century,600,1000,1905,1525,2.91,1217194,CC0 (dominio publico),https://www.metmuseum.org/art/collection/search/315430
met,315493,data/raw/met/images/met_315493.JPG,Belt Ornament,Metal-Ornaments,Copper,moche,Intermedio Temprano,100,800,no determinada,False,Moche Peru,2nd–7th century,100,700,864,576,0.5,61308,CC0 (dominio publico),https://www.metmuseum.org/art/collection/search/315493
met,315494,data/raw/met/images/met_315494.JPG,Belt Ornament,Metal-Ornaments,Copper,moche,Intermedio Temprano,100,800,no determinada,False,Moche Peru,2nd–7th century,100,700,864,576,0.5,68199,CC0 (dominio publico),https://www.metmuseum.org/art/collection/search/315494
met,315581,data/raw/met/images/met_315581.JPG,Round Plaque,Metal-Ornaments,"Copper (hammered), gilt, cloth fragments",vicus,Intermedio Temprano,-200,400,no determinada,False,Vicús Peru,3rd century BCE–2nd century CE,-300,200,2512,1988,4.99,498606,CC0 (dominio publico),https://www.metmuseum.org/art/collection/search/315581
met,315643,data/raw/met/images/met_315643.JPG,Belt Ornament,Metal-Ornaments,Copper,moche,Intermedio Temprano,100,800,no determinada,False,Moche Peru,2nd–7th century,100,700,864,1296,1.12,155223,CC0 (dominio publico),https://www.metmuseum.org/art/collection/search/315643
met,315644,data/raw/met/images/met_315644.jpg,Belt Ornament,Metal-Ornaments,Copper,moche,Intermedio Temprano,100,800,no determinada,False,Moche Peru,2nd–7th century,100,700,4000,3000,12.0,1374822,CC0 (dominio publico),https://www.metmuseum.org/art/collection/search/315644
met,315654,data/raw/met/images/met_315654.jpg,Copper Needle,Textiles-Implements,Copper,no determinada,no determinado,,,no determinada,False,Peruvian Peru,before 16th century,1200,1600,391,1518,0.59,176412,CC0 (dominio publico),https://www.metmuseum.org/art/collection/search/315654
met,315679,data/raw/met/images/met_315679.jpg,Belt Ornament Rattle,Ceramics-Ornaments,Ceramic,moche,Intermedio Temprano,100,800,no determinada,False,Moche Peru,2nd–7th century,100,700,2208,2669,5.89,526923,CC0 (dominio publico),https://www.metmuseum.org/art/collection/search/315679
met,315680,data/raw/met/images/met_315680.jpg,Belt Ornament Rattle,Ceramics-Ornaments,Ceramic,moche,Intermedio Temprano,100,800,no determinada,False,Moche Peru,2nd–7th century,100,700,2865,2095,6.0,648938,CC0 (dominio publico),https://www.metmuseum.org/art/collection/search/315680
met,315685,data/raw/met/images/met_315685.jpg,Hanging (?),Textiles-Woven,"Cotton, paint",chimu,Intermedio Tardio,900,1470,no determinada,True,Chimú Peru,12th–15th century,1100,1500,1321,2857,3.77,1718325,CC0 (dominio publico),https://www.metmuseum.org/art/collection/search/315685
met,315686,data/raw/met/images/met_315686.jpg,Four-Cornered Hat,Textiles-Costumes,Camelid hair,wari,Horizonte Medio,600,1000,no determinada,False,Wari Peru,7th–10th century,600,1000,4000,3396,13.58,3839489,CC0 (dominio publico),https://www.metmuseum.org/art/collection/search/315686
met,315687,data/raw/met/images/met_315687.jpg,Border Fragment,Textiles-Woven,Camelid hair,nasca,Intermedio Temprano,-100,800,no determinada,False,Nasca Peru,2nd century BCE,-200,-100,680,213,0.14,39897,CC0 (dominio publico),https://www.metmuseum.org/art/collection/search/315687
met,315689,data/raw/met/images/met_315689.jpg,Ceramic Llama,Ceramics-Sculpture,"Ceramic, cotton",chancay,Intermedio Tardio,1000,1470,no determinada,False,Chancay Peru,12th–14th century,1100,1400,1843,1469,2.71,257154,CC0 (dominio publico),https://www.metmuseum.org/art/collection/search/315689
met,315690,data/raw/met/images/met_315690.jpg,Bag,Textiles-Woven,"Camelid hair, cotton",inca,Horizonte Tardio,1400,1533,no determinada,False,Inca Peru,15th–16th century,1400,1600,1530,1872,2.86,714978,CC0 (dominio publico),https://www.metmuseum.org/art/collection/search/315690
met,315691,data/raw/met/images/met_315691.jpg,"Border Fragment, Figure",Textiles-Sculpture,Camelid hair,nasca,Intermedio Temprano,-100,800,no determinada,False,Nasca Peru,2nd century BCE,-200,-100,1251,1548,1.94,420702,CC0 (dominio publico),https://www.metmuseum.org/art/collection/search/315691
met,315692,data/raw/met/images/met_315692.jpg,"Border Fragment, Figure",Textiles-Sculpture,Camelid hair,nasca,Intermedio Temprano,-100,800,no determinada,False,Nasca Peru,2nd century BCE,-200,-100,945,1548,1.46,338424,CC0 (dominio publico),https://www.metmuseum.org/art/collection/search/315692
met,315693,data/raw/met/images/met_315693.jpg,"Border Fragment, Figure",Textiles-Sculpture,Camelid hair,nasca,Intermedio Temprano,-100,800,no determinada,False,Nasca Peru,2nd century BCE,-200,-100,1053,1575,1.66,352184,CC0 (dominio publico),https://www.metmuseum.org/art/collection/search/315693
met,315694,data/raw/met/images/met_315694.jpg,"Border Fragment, Figure",Textiles-Sculpture,Camelid hair,nasca,Intermedio Temprano,-100,800,no determinada,False,Nasca Peru,2nd century BCE,-200,-100,1053,1575,1.66,354576,CC0 (dominio publico),https://www.metmuseum.org/art/collection/search/315694
met,315695,data/raw/met/images/met_315695.jpg,"Border Fragment, Figure",Textiles-Sculpture,Camelid hair,nasca,Intermedio Temprano,-100,800,no determinada,False,Nasca Peru,2nd century BCE,-200,-100,1053,1575,1.66,360350,CC0 (dominio publico),https://www.metmuseum.org/art/collection/search/315695
met,315696,data/raw/met/images/met_315696.jpg,"Border Fragment, Figure",Textiles-Sculpture,Camelid hair,nasca,Intermedio Temprano,-100,800,no determinada,False,Nasca Peru,2nd century BCE,-200,-100,1053,1575,1.66,351298,CC0 (dominio publico),https://www.metmuseum.org/art/collection/search/315696
met,315697,data/raw/met/images/met_315697.jpg,"Border Fragment, Whale",Textiles-Sculpture,"Camelid hair, cotton",nasca,Intermedio Temprano,-100,800,no determinada,False,Nasca Peru,2nd century BCE,-200,-100,1053,1575,1.66,344642,CC0 (dominio publico),https://www.metmuseum.org/art/collection/search/315697
met,315698,data/raw/met/images/met_315698.jpg,Bag,Textiles-Woven,"Cotton, camelid hair",nasca,Intermedio Temprano,-100,800,no determinada,True,Nasca (?) Peru,8th–9th century,700,900,335,700,0.23,66031,CC0 (dominio publico),https://www.metmuseum.org/art/collection/search/315698
met,315699,data/raw/met/images/met_315699.jpg,Tree,Textiles-Sculpture,"Camelid hair, cotton, wood",chancay,Intermedio Tardio,1000,1470,no determinada,False,Chancay Peru,12th–14th century,1100,1400,2145,2057,4.41,1279859,CC0 (dominio publico),https://www.metmuseum.org/art/collection/search/315699
met,315700,data/raw/met/images/met_315700.jpg,Embroidered bag with fringe,Textiles-Woven,Camelid hair,nasca,Intermedio Temprano,-100,800,no determinada,False,Nasca Peru,7th century,600,700,2345,4000,9.38,3008757,CC0 (dominio publico),https://www.metmuseum.org/art/collection/search/315700
met,315702,data/raw/met/images/met_315702.jpg,Headdress Ornament,Wood-Implements,"Cotton, wood (thorn ?)",nasca,Intermedio Temprano,-100,800,no determinada,False,Nasca Peru,2nd century BCE–7th century CE,-200,700,477,1800,0.86,140928,CC0 (dominio publico),https://www.metmuseum.org/art/collection/search/315702
met,315703,data/raw/met/images/met_315703.jpg,Feathered Crown,Feathers-Costumes,"Feathers (Paradise Tanager, Macaw), cotton, skin, cane, copper",chimu,Intermedio Tardio,900,1470,no determinada,False,Chimú Peru,1200 – 1400 CE,1300,1500,2882,3842,11.07,1056557,CC0 (dominio publico),https://www.metmuseum.org/art/collection/search/315703
met,315708,data/raw/met/images/met_315708.jpg,Band Fragment,Textiles-Woven,"Cotton, camelid hair",inca,Horizonte Tardio,1400,1533,no determinada,False,Inca Peru,15th–16th century,1400,1600,243,700,0.17,60961,CC0 (dominio publico),https://www.metmuseum.org/art/collection/search/315708
met,315748,data/raw/met/images/met_315748.jpg,Miniature slingshot,Metal-Implements,"Silver (hammered), feathers",chimu,Intermedio Tardio,900,1470,no determinada,False,Chimú or Chancay Peru,1300–1470 CE,1200,1500,3159,4000,12.64,2254473,CC0 (dominio publico),https://www.metmuseum.org/art/collection/search/315748
met,315749,data/raw/met/images/met_315749.jpg,Sling Shot with Shells,Beads-Ornaments,"Shell, cotton, beads, wood",chimu,Intermedio Tardio,900,1470,no determinada,False,Chimú or Chancay Peru,14th–15th century,1300,1500,4000,3000,12.0,867792,CC0 (dominio publico),https://www.metmuseum.org/art/collection/search/315749
met,315763,data/raw/met/images/met_315763.jpg,Beaded Wrist Ornament,Beads-Ornaments,"Shell, cotton",chimu,Intermedio Tardio,900,1470,no determinada,False,Chimú or Chancay Peru,14th–15th century,1300,1500,1935,711,1.38,376784,CC0 (dominio publico),https://www.metmuseum.org/art/collection/search/315763
met,315764,data/raw/met/images/met_315764.jpg,Beaded Wrist Ornament,Beads-Ornaments,"Shell, cotton",chimu,Intermedio Tardio,900,1470,no determinada,False,Chimú or Chancay Peru,14th–15th century,1300,1500,1935,711,1.38,370365,CC0 (dominio publico),https://www.metmuseum.org/art/collection/search/315764
met,315765,data/raw/met/images/met_315765.jpg,Beaded Pillow,Textiles-Beadwork,"Cotton, shell",chimu,Intermedio Tardio,900,1470,no determinada,False,Chimú or Chancay Peru,14th–15th century,1300,1500,4000,2932,11.73,1378524,CC0 (dominio publico),https://www.metmuseum.org/art/collection/search/315765
met,315766,data/raw/met/images/met_315766.jpg,Beaded Bag,Beads-Ornaments,"Cotton, shell beads",chimu,Intermedio Tardio,900,1470,no determinada,False,Chimú or Chancay Peru,14th–15th century,1300,1500,3043,4000,12.17,1537949,CC0 (dominio publico),https://www.metmuseum.org/art/collection/search/315766
met,315768,data/raw/met/images/met_315768.jpg,Bag,Textiles-Woven,"Cotton, camelid hair, silver, shell beads",chimu,Intermedio Tardio,900,1470,no determinada,False,Chimú Peru,14th–15th century,1300,1500,3149,4000,12.6,1747934,CC0 (dominio publico),https://www.metmuseum.org/art/collection/search/315768
met,315769,data/raw/met/images/met_315769.jpg,Bag,Textiles-Woven,"Cotton, camelid hair, silver, shell beads",chimu,Intermedio Tardio,900,1470,no determinada,False,Chimú Peru,14th–15th century,1300,1500,3094,4000,12.38,1669703,CC0 (dominio publico),https://www.metmuseum.org/art/collection/search/315769
met,315772,data/raw/met/images/met_315772.jpg,Headband with ornamental tassels,Textiles-Woven,Camelid hair,nasca,Intermedio Temprano,-100,800,no determinada,False,Nasca Peru,6th–8th century,400,700,4000,3921,15.68,4899408,CC0 (dominio publico),https://www.metmuseum.org/art/collection/search/315772
met,315773,data/raw/met/images/met_315773.jpg,Sling Shot,Textiles-Woven,Camelid hair,inca,Horizonte Tardio,1400,1533,no determinada,False,Inca Peru,15th–16th century,1400,1600,2561,1177,3.01,730965,CC0 (dominio publico),https://www.metmuseum.org/art/collection/search/315773
met,315774,data/raw/met/images/met_315774.jpg,Loincloth,Textiles-Woven,"Camelid hair, cotton",chancay,Intermedio Tardio,1000,1470,no determinada,False,Chancay Peru,12th–14th century,1100,1400,858,1814,1.56,351629,CC0 (dominio publico),https://www.metmuseum.org/art/collection/search/315774
met,315775,data/raw/met/images/met_315775.jpg,Openwork Headband,Textiles-Non-Woven,Cotton,chancay,Intermedio Tardio,1000,1470,no determinada,False,Chancay Peru,12th–15th century,1100,1500,2241,2145,4.81,2674946,CC0 (dominio publico),https://www.metmuseum.org/art/collection/search/315775
met,315776,data/raw/met/images/met_315776.jpg,Openwork Headband,Textiles-Non-Woven,Cotton,chancay,Intermedio Tardio,1000,1470,no determinada,False,Chancay Peru,12th–15th century,1100,1500,2145,2489,5.34,3084193,CC0 (dominio publico),https://www.metmuseum.org/art/collection/search/315776
met,315777,data/raw/met/images/met_315777.jpg,Sash (?),Textiles-Woven,Camelid hair,nasca,Intermedio Temprano,-100,800,no determinada,True,Nasca Peru,7th–9th century,600,900,231,700,0.16,47612,CC0 (dominio publico),https://www.metmuseum.org/art/collection/search/315777
met,315778,data/raw/met/images/met_315778.jpg,Spindle,Textiles-Implements,"Thorn, ceramic, thread",nasca,Intermedio Temprano,-100,800,no determinada,False,Nasca Peru,2nd–7th century,100,700,2048,1536,3.15,754347,CC0 (dominio publico),https://www.metmuseum.org/art/collection/search/315778
met,315779,data/raw/met/images/met_315779.jpg,Spindle,Textiles-Implements,"Thorn, ceramic, thread",nasca,Intermedio Temprano,-100,800,no determinada,False,Nasca Peru,2nd–7th century,100,700,1696,1425,2.42,568419,CC0 (dominio publico),https://www.metmuseum.org/art/collection/search/315779
met,315780,data/raw/met/images/met_315780.jpg,Spindle,Textiles-Implements,"Thorn, ceramic, thread",nasca,Intermedio Temprano,-100,800,no determinada,False,Nasca Peru,2nd–7th century,100,700,1837,1527,2.81,666992,CC0 (dominio publico),https://www.metmuseum.org/art/collection/search/315780
met,315781,data/raw/met/images/met_315781.jpg,Spindle,Textiles-Implements,"Thorn, ceramic, thread",nasca,Intermedio Temprano,-100,800,no determinada,False,Nasca Peru,2nd–7th century,100,700,1639,1392,2.28,539420,CC0 (dominio publico),https://www.metmuseum.org/art/collection/search/315781
met,315782,data/raw/met/images/met_315782.jpg,Spindle,Textiles-Implements,"Thorn, ceramic, thread",nasca,Intermedio Temprano,-100,800,no determinada,False,Nasca Peru,2nd–7th century,100,700,1639,1392,2.28,514489,CC0 (dominio publico),https://www.metmuseum.org/art/collection/search/315782
met,315783,data/raw/met/images/met_315783.jpg,Spindle,Textiles-Implements,"Thorn, ceramic, thread",nasca,Intermedio Temprano,-100,800,no determinada,False,Nasca Peru,2nd–7th century,100,700,1639,1392,2.28,514489,CC0 (dominio publico),https://www.metmuseum.org/art/collection/search/315783
met,315784,data/raw/met/images/met_315784.jpg,Textile Fragment,Textiles-Woven,"Cotton, refined iron earth pigments",chavin,Horizonte Temprano,-900,-200,no determinada,False,Chavin Peru,4th–3rd century BCE,-400,-200,4000,2080,8.32,3390207,CC0 (dominio publico),https://www.metmuseum.org/art/collection/search/315784
met,315785,data/raw/met/images/met_315785.jpg,Hat,Textiles-Woven,Cotton,no determinada,no determinado,,,no determinada,False,Peruvian Peru,10th–16th century,900,1600,1697,999,1.7,320665,CC0 (dominio publico),https://www.metmuseum.org/art/collection/search/315785
met,315786,data/raw/met/images/met_315786.jpg,Shirt,Textiles-Woven,"Camelid hair, cotton",moche,Intermedio Temprano,100,800,no determinada,False,Moche Peru,500–850 CE,700,900,3811,3049,11.62,2239073,CC0 (dominio publico),https://www.metmuseum.org/art/collection/search/315786
met,315787,data/raw/met/images/met_315787.jpg,Woven Panel or Rug with Fringes,Textiles-Woven,"Camelid hair, cotton, vegetable fiber",moche,Intermedio Temprano,100,800,no determinada,False,Moche-Wari Peru,7th–8th century,600,800,1312,1298,1.7,665038,CC0 (dominio publico),https://www.metmuseum.org/art/collection/search/315787
met,315788,data/raw/met/images/met_315788.jpg,Cuff,Textiles-Woven,"Camelid hair, cotton",moche,Intermedio Temprano,100,800,no determinada,False,Moche-Wari Peru,7th–8th century,600,800,1944,1422,2.76,726210,CC0 (dominio publico),https://www.metmuseum.org/art/collection/search/315788
met,315789,data/raw/met/images/met_315789.jpg,Cuff,Textiles-Woven,"Camelid hair, cotton",moche,Intermedio Temprano,100,800,no determinada,False,Moche-Wari Peru,7th–8th century,600,800,1944,1422,2.76,702452,CC0 (dominio publico),https://www.metmuseum.org/art/collection/search/315789
met,315790,data/raw/met/images/met_315790.jpg,Tapestry Panel,Textiles-Woven,"Camelid hair, cotton",no determinada,no determinado,,,no determinada,False,Peruvian Peru,12th–15th century,1100,1500,1818,1233,2.24,768862,CC0 (dominio publico),https://www.metmuseum.org/art/collection/search/315790
met,315791,data/raw/met/images/met_315791.jpg,Woven Fragment,Textiles-Woven,"Camelid hair, cotton",moche,Intermedio Temprano,100,800,no determinada,False,Moche Peru,6th–7th century,500,700,2649,4000,10.6,6213614,CC0 (dominio publico),https://www.metmuseum.org/art/collection/search/315791
met,315792,data/raw/met/images/met_315792.jpg,Openwork Headband (?),Textiles-Non-Woven,Cotton,chancay,Intermedio Tardio,1000,1470,no determinada,True,Chancay Peru,12th–15th century,1100,1500,1324,1763,2.33,930943,CC0 (dominio publico),https://www.metmuseum.org/art/collection/search/315792
met,315796,data/raw/met/images/met_315796.jpg,Border Fragment,Textiles-Woven,"Camelid hair, cotton",nasca,Intermedio Temprano,-100,800,no determinada,False,Nasca Peru,3rd–2nd century BCE,-300,-100,680,238,0.16,61597,CC0 (dominio publico),https://www.metmuseum.org/art/collection/search/315796
met,315797,data/raw/met/images/met_315797.jpg,Cuff Band,Textiles-Woven,"Camelid hair, cotton",moche,Intermedio Temprano,100,800,no determinada,False,Moche-Wari Peru,7th–8th century,600,800,567,1890,1.07,363336,CC0 (dominio publico),https://www.metmuseum.org/art/collection/search/315797
met,315842,data/raw/met/images/met_315842.jpg,Border Fragment,Textiles-Woven,"Cotton, camelid hair",nasca,Intermedio Temprano,-100,800,no determinada,False,Nasca Peru,2nd century BCE,-200,-100,680,151,0.1,34526,CC0 (dominio publico),https://www.metmuseum.org/art/collection/search/315842
met,316265,data/raw/met/images/met_316265.jpg,Weaving Implement,Wood-Implements,Wood,wari,Horizonte Medio,600,1000,no determinada,False,Wari Peru,6th–9th century,500,900,1487,4000,5.95,473461,CC0 (dominio publico),https://www.metmuseum.org/art/collection/search/316265
met,316266,data/raw/met/images/met_316266.jpg,Weaving Implement,Wood-Implements,Wood,wari,Horizonte Medio,600,1000,no determinada,False,Wari Peru,6th–9th century,500,900,1533,4000,6.13,622099,CC0 (dominio publico),https://www.metmuseum.org/art/collection/search/316266
met,316330,data/raw/met/images/met_316330.jpg,Snuff tray,Wood-Containers,"Wood, fiber",tiwanaku,Horizonte Medio,500,1000,altiplano,False,"Tiwanaku Bolivia, Chile, or Peru",500–1000 CE,500,1000,2057,4000,8.23,2421835,CC0 (dominio publico),https://www.metmuseum.org/art/collection/search/316330
met,316339,data/raw/met/images/met_316339.jpg,Four-Cornered Hat,Textiles-Costumes,Camelid hair,wari,Horizonte Medio,600,1000,no determinada,False,Wari Peru,7th–9th century,600,900,4000,3609,14.44,4019157,CC0 (dominio publico),https://www.metmuseum.org/art/collection/search/316339
met,316340,data/raw/met/images/met_316340.jpg,Four-Cornered Hat,Textiles-Costumes,Camelid hair,wari,Horizonte Medio,600,1000,no determinada,False,Wari Peru,7th–9th century,600,900,4000,3327,13.31,2958686,CC0 (dominio publico),https://www.metmuseum.org/art/collection/search/316340
met,316341,data/raw/met/images/met_316341.jpg,Four-Cornered Hat,Textiles-Costumes,Camelid hair,wari,Horizonte Medio,600,1000,no determinada,False,Wari Peru,7th–9th century,600,900,4000,3116,12.46,2741369,CC0 (dominio publico),https://www.metmuseum.org/art/collection/search/316341
met,316342,data/raw/met/images/met_316342.jpg,Four-Cornered Hat,Textiles-Costumes,Camelid hair,wari,Horizonte Medio,600,1000,no determinada,False,Wari Peru,7th–9th century,600,900,4000,3135,12.54,3275873,CC0 (dominio publico),https://www.metmuseum.org/art/collection/search/316342
met,316343,data/raw/met/images/met_316343.jpg,Four-Cornered Hat,Textiles-Costumes,Camelid hair,wari,Horizonte Medio,600,1000,no determinada,False,Wari Peru,7th–9th century,600,900,4000,3137,12.55,3355618,CC0 (dominio publico),https://www.metmuseum.org/art/collection/search/316343
met,316727,data/raw/met/images/met_316727.jpg,Four-Cornered Hat,Textiles-Costumes,Camelid hair,wari,Horizonte Medio,600,1000,no determinada,False,Wari Peru,7th–9th century,600,900,4000,2818,11.27,2831346,CC0 (dominio publico),https://www.metmuseum.org/art/collection/search/316727
met,316822,data/raw/met/images/met_316822.jpg,Feathered Tunic,Textiles-Featherwork,"Cotton, feathers",inca,Horizonte Tardio,1400,1533,no determinada,False,Inca Peru,15th–early 16th century,1400,1550,750,1061,0.8,266862,CC0 (dominio publico),https://www.metmuseum.org/art/collection/search/316822
met,316857,data/raw/met/images/met_316857.jpg,Spindle,Textiles-Implements,"Wood, paint",no determinada,no determinado,,,no determinada,True,Peruvian Peru,10th–16th century (?),900,1600,736,1527,1.12,282837,CC0 (dominio publico),https://www.metmuseum.org/art/collection/search/316857
met,316858,data/raw/met/images/met_316858.jpg,Spindle,Textiles-Implements,"Wood, paint",no determinada,no determinado,,,no determinada,True,Peruvian Peru,10th–16th century (?),900,1600,736,1527,1.12,269586,CC0 (dominio publico),https://www.metmuseum.org/art/collection/search/316858
met,316859,data/raw/met/images/met_316859.jpg,Spindle,Textiles-Implements,"Wood, paint",no determinada,no determinado,,,no determinada,True,Peruvian Peru,10th–16th century (?),900,1600,736,1527,1.12,269586,CC0 (dominio publico),https://www.metmuseum.org/art/collection/search/316859
met,316860,data/raw/met/images/met_316860.jpg,Spindle,Textiles-Implements,"Wood, paint",no determinada,no determinado,,,no determinada,True,Peruvian Peru,10th–16th century (?),900,1600,736,1527,1.12,269586,CC0 (dominio publico),https://www.metmuseum.org/art/collection/search/316860
met,316861,data/raw/met/images/met_316861.jpg,Spindle,Textiles-Implements,"Wood, paint",no determinada,no determinado,,,no determinada,True,Peruvian Peru,10th–16th century (?),900,1600,736,1527,1.12,269586,CC0 (dominio publico),https://www.metmuseum.org/art/collection/search/316861
met,316862,data/raw/met/images/met_316862.jpg,Weaving Sword,Bone/Ivory-Implements,"Bone, shell, turquoise",no determinada,no determinado,,,no determinada,True,Peruvian Peru,10th–16th century (?),900,1600,1362,4000,5.45,822010,CC0 (dominio publico),https://www.metmuseum.org/art/collection/search/316862
met,316863,data/raw/met/images/met_316863.jpg,Weaving Sword,Bone/Ivory-Implements,"Bone, pigment",no determinada,no determinado,,,no determinada,True,Peruvian Peru,10th–16th century (?),900,1600,1427,4000,5.71,702385,CC0 (dominio publico),https://www.metmuseum.org/art/collection/search/316863
met,316864,data/raw/met/images/met_316864.jpg,Weaving Sword,Bone/Ivory-Implements,"Bone, pigment",no determinada,no determinado,,,no determinada,True,Peruvian Peru,10th–16th century (?),900,1600,1487,4000,5.95,971068,CC0 (dominio publico),https://www.metmuseum.org/art/collection/search/316864
met,316865,data/raw/met/images/met_316865.jpg,Weaving Sword,Bone/Ivory-Implements,"Bone, pigment",no determinada,no determinado,,,no determinada,True,Peruvian Peru,10th–16th century (?),900,1600,1510,4000,6.04,804607,CC0 (dominio publico),https://www.metmuseum.org/art/collection/search/316865
met,316866,data/raw/met/images/met_316866.jpg,Needle,Textiles-Implements,Wood,no determinada,no determinado,,,no determinada,True,Peruvian Peru,10th–16th century (?),900,1600,913,4000,3.65,146389,CC0 (dominio publico),https://www.metmuseum.org/art/collection/search/316866
met,316869,data/raw/met/images/met_316869.jpg,Wooden Comb with Woolen Decoration,Wood-Implements,"Wood, cotton",no determinada,no determinado,,,no determinada,True,Peruvian Peru,10th–16th century (?),900,1600,1130,2253,2.55,271069,CC0 (dominio publico),https://www.metmuseum.org/art/collection/search/316869
met,316887,data/raw/met/images/met_316887.jpg,Lime Container,Wood-Containers,"Wood, shell cotton",wari,Horizonte Medio,600,1000,no determinada,True,Wari(?) Peru,6th–10th century,500,1000,1393,1773,2.47,152151,CC0 (dominio publico),https://www.metmuseum.org/art/collection/search/316887
met,316892,data/raw/met/images/met_316892.jpg,Woman's Mantle (lliclla),Textiles-Woven,Camelid hair,no determinada,no determinado,,,no determinada,False,Peruvian Peru,17th–18th century,1600,1800,1861,1488,2.77,493419,CC0 (dominio publico),https://www.metmuseum.org/art/collection/search/316892
met,316893,data/raw/met/images/met_316893.jpg,Tunic Fragment,Textiles-Woven,"Cotton, camelid hair",no determinada,no determinado,,,no determinada,False,Peruvian Peru,7th–10th century,600,1000,1071,1809,1.94,466234,CC0 (dominio publico),https://www.metmuseum.org/art/collection/search/316893
met,316894,data/raw/met/images/met_316894.jpg,Sash Fragment with Fringe,Textiles-Woven,Camelid hair,no determinada,no determinado,,,no determinada,False,Peruvian Peru,7th–10th century,600,1000,657,1854,1.22,325113,CC0 (dominio publico),https://www.metmuseum.org/art/collection/search/316894
met,316895,data/raw/met/images/met_316895.jpg,Sash Fragments,Textiles-Woven,"Cotton, camelid hair",no determinada,no determinado,,,no determinada,False,Peruvian Peru,14th–early 16th century,1300,1540,585,2025,1.18,373781,CC0 (dominio publico),https://www.metmuseum.org/art/collection/search/316895
met,316904,data/raw/met/images/met_316904.jpg,Band Fragment,Textiles-Woven,"Cotton, camelid hair",no determinada,no determinado,,,no determinada,False,Peruvian Peru,7th–10th century,600,1000,1953,1242,2.43,821726,CC0 (dominio publico),https://www.metmuseum.org/art/collection/search/316904
met,316905,data/raw/met/images/met_316905.jpg,Band Fragment,Textiles-Woven,"Cotton, camelid hair",no determinada,no determinado,,,no determinada,False,Peruvian Peru,7th–10th century,600,1000,1989,675,1.34,306037,CC0 (dominio publico),https://www.metmuseum.org/art/collection/search/316905
met,316906,data/raw/met/images/met_316906.jpg,Tunic Fragment,Textiles-Woven,"Cotton, camelid hair",no determinada,no determinado,,,no determinada,False,Peruvian Peru,7th–10th century,600,1000,192,97,0.02,16503,CC0 (dominio publico),https://www.metmuseum.org/art/collection/search/316906
met,316910,data/raw/met/images/met_316910.jpg,Sash Fragment,Textiles-Woven,Cotton,no determinada,no determinado,,,no determinada,False,Peruvian Peru,14th–early 16th century,1300,1540,576,1764,1.02,363175,CC0 (dominio publico),https://www.metmuseum.org/art/collection/search/316910
met,316912,data/raw/met/images/met_316912.jpg,Woven Panel Fragment,Textiles-Woven,"Cotton, camelid hair",no determinada,no determinado,,,no determinada,False,Peruvian Peru,7th–10th century,600,1000,1890,1638,3.1,740357,CC0 (dominio publico),https://www.metmuseum.org/art/collection/search/316912
met,316913,data/raw/met/images/met_316913.jpg,Chuspa (coca bag),Textiles-Woven,"Camelid hair, cotton",moche,Intermedio Temprano,100,800,no determinada,False,Moche Peru,650-850 CE,400,700,4000,3416,13.66,5799470,CC0 (dominio publico),https://www.metmuseum.org/art/collection/search/316913
met,316914,data/raw/met/images/met_316914.jpg,Feathered Ornament,Textiles-Featherwork,"Cotton, feathers",no determinada,no determinado,,,no determinada,False,Peruvian Peru,14th–early 16th century,1300,1540,700,480,0.34,80321,CC0 (dominio publico),https://www.metmuseum.org/art/collection/search/316914
met,316915,data/raw/met/images/met_316915.jpg,Sash Fragments,Textiles-Woven,Cotton,no determinada,no determinado,,,no determinada,False,Peruvian Peru,14th–early 16th century,1300,1540,819,1935,1.58,433384,CC0 (dominio publico),https://www.metmuseum.org/art/collection/search/316915
met,316916,data/raw/met/images/met_316916.jpg,Sash Fragments,Textiles-Woven,Cotton,no determinada,no determinado,,,no determinada,False,Peruvian Peru,14th–early 16th century,1300,1540,1044,1818,1.9,648011,CC0 (dominio publico),https://www.metmuseum.org/art/collection/search/316916
met,316917,data/raw/met/images/met_316917.jpg,Bag,Textiles-Woven,"Cotton, camelid hair",no determinada,no determinado,,,no determinada,False,Peruvian Peru,14th–early 16th century,1300,1540,1980,1512,2.99,1138186,CC0 (dominio publico),https://www.metmuseum.org/art/collection/search/316917
met,316918,data/raw/met/images/met_316918.jpg,Bag,Textiles-Woven,"Cotton, camelid hair",no determinada,no determinado,,,no determinada,False,Peruvian Peru,14th–early 16th century,1300,1540,1737,1566,2.72,1059367,CC0 (dominio publico),https://www.metmuseum.org/art/collection/search/316918
met,316919,data/raw/met/images/met_316919.jpg,Bag,Textiles-Woven,"Cotton, camelid hair",colonial,Colonial/Republicano,1533,1950,no determinada,False,Colonial Peru,16th century,1500,1600,1197,1809,2.17,577614,CC0 (dominio publico),https://www.metmuseum.org/art/collection/search/316919
met,316920,data/raw/met/images/met_316920.jpg,Bag,Textiles-Woven,Camelid hair,colonial,Colonial/Republicano,1533,1950,no determinada,True,Quechua Peru,16th century (?),1500,1600,1791,1512,2.71,918392,CC0 (dominio publico),https://www.metmuseum.org/art/collection/search/316920
met,316921,data/raw/met/images/met_316921.jpg,Bag,Textiles-Woven,Camelid hair,nasca,Intermedio Temprano,-100,800,no determinada,True,Nasca (?) Peru,2nd–7th century,100,700,576,1053,0.61,150909,CC0 (dominio publico),https://www.metmuseum.org/art/collection/search/316921
met,316922,data/raw/met/images/met_316922.jpg,Bag,Textiles-Woven,"Cotton, camelid hair",colonial,Colonial/Republicano,1533,1950,no determinada,True,Quechua Peru,16th century (?),1500,1600,1656,1773,2.94,803127,CC0 (dominio publico),https://www.metmuseum.org/art/collection/search/316922
met,316923,data/raw/met/images/met_316923.jpg,Bag,Textiles-Woven,"Cotton, camelid hair",colonial,Colonial/Republicano,1533,1950,no determinada,True,Quechua Peru,16th century (?),1500,1600,1665,1764,2.94,782228,CC0 (dominio publico),https://www.metmuseum.org/art/collection/search/316923
met,316924,data/raw/met/images/met_316924.jpg,Bag with Fringes,Textiles-Woven,"Cotton, camelid hair",wari,Horizonte Medio,600,1000,no determinada,False,Wari Peru,7th–10th century,600,1000,891,1809,1.61,457952,CC0 (dominio publico),https://www.metmuseum.org/art/collection/search/316924
met,316925,data/raw/met/images/met_316925.jpg,Bag,Textiles-Woven,Camelid hair,nasca,Intermedio Temprano,-100,800,no determinada,True,Nasca (?) Peru,2nd–7th century,100,700,1116,1683,1.88,513598,CC0 (dominio publico),https://www.metmuseum.org/art/collection/search/316925
met,316926,data/raw/met/images/met_316926.jpg,Feathered Bag,Textiles-Featherwork,"Cotton, feathers",inca,Horizonte Tardio,1400,1533,no determinada,False,Inca Peru,15th–early 16th century,1400,1550,3000,4000,12.0,1137410,CC0 (dominio publico),https://www.metmuseum.org/art/collection/search/316926
met,316928,data/raw/met/images/met_316928.jpg,Sling,Textiles-Woven,Camelid hair,inca,Horizonte Tardio,1400,1533,no determinada,True,Inca (?) Peru,1450–1532 CE,1450,1450,1456,1410,2.05,519092,CC0 (dominio publico),https://www.metmuseum.org/art/collection/search/316928
met,316929,data/raw/met/images/met_316929.jpg,Sling,Textiles-Woven,Camelid hair,colonial,Colonial/Republicano,1533,1950,no determinada,False,Quechua Peru,1450–1532 CE,1450,1532,1296,1809,2.34,367477,CC0 (dominio publico),https://www.metmuseum.org/art/collection/search/316929
met,316930,data/raw/met/images/met_316930.jpg,Sling,Textiles-Woven,Camelid hair,colonial,Colonial/Republicano,1533,1950,no determinada,True,Quechua Peru,16th century (?),1500,1600,945,1836,1.74,254862,CC0 (dominio publico),https://www.metmuseum.org/art/collection/search/316930
met,316931,data/raw/met/images/met_316931.JPG,Headband,Textiles-Woven,Camelid hair,no determinada,no determinado,,,no determinada,False,Peruvian Peru,7th–10th century,600,1000,2304,3456,7.96,598118,CC0 (dominio publico),https://www.metmuseum.org/art/collection/search/316931
met,316932,data/raw/met/images/met_316932.jpg,Headband,Textiles-Woven,"Cotton, camelid hair",wari,Horizonte Medio,600,1000,no determinada,False,Wari Peru,7th–10th century,600,1000,648,1863,1.21,389446,CC0 (dominio publico),https://www.metmuseum.org/art/collection/search/316932
met,316933,data/raw/met/images/met_316933.jpg,Headband,Textiles-Woven,"Cotton, camelid hair",wari,Horizonte Medio,600,1000,no determinada,False,Wari Peru,7th–10th century,700,1000,828,1872,1.55,548506,CC0 (dominio publico),https://www.metmuseum.org/art/collection/search/316933
met,316934,data/raw/met/images/met_316934.jpg,Headband,Textiles-Woven,"Cotton, camelid hair",wari,Horizonte Medio,600,1000,no determinada,False,Wari Peru,7th–10th century,700,1000,1951,912,1.78,435068,CC0 (dominio publico),https://www.metmuseum.org/art/collection/search/316934
met,316935,data/raw/met/images/met_316935.jpg,Headband,Textiles-Woven,"Cotton, camelid hair",nasca,Intermedio Temprano,-100,800,no determinada,True,Nasca (?) Peru,2nd–7th century,100,700,1942,582,1.13,282895,CC0 (dominio publico),https://www.metmuseum.org/art/collection/search/316935
met,316936,data/raw/met/images/met_316936.jpg,Headband,Textiles-Woven,"Cotton, camelid hair",wari,Horizonte Medio,600,1000,no determinada,False,Wari Peru,7th–10th century,700,1000,1963,1164,2.28,668727,CC0 (dominio publico),https://www.metmuseum.org/art/collection/search/316936
met,316937,data/raw/met/images/met_316937.jpg,Headband,Textiles-Woven,"Cotton, camelid hair",wari,Horizonte Medio,600,1000,no determinada,False,Wari Peru,7th–10th century,700,1000,2016,1095,2.21,646403,CC0 (dominio publico),https://www.metmuseum.org/art/collection/search/316937
met,316938,data/raw/met/images/met_316938.JPG,Serpent ornament,Textiles-Woven,"Cotton, camelid hair",inca,Horizonte Tardio,1400,1533,no determinada,True,Inca (?) Peru,1450–1532 CE,1450,1532,3456,2304,7.96,654547,CC0 (dominio publico),https://www.metmuseum.org/art/collection/search/316938
met,316939,data/raw/met/images/met_316939.jpg,Miniature Tunic,Textiles-Woven,"Cotton, camelid hair",inca,Horizonte Tardio,1400,1533,no determinada,False,Inca Peru,14th–early 16th century,1300,1540,4000,3147,12.59,2834008,CC0 (dominio publico),https://www.metmuseum.org/art/collection/search/316939
met,316940,data/raw/met/images/met_316940.jpg,Hat,Textiles-Costumes,Camelid hair,no determinada,no determinado,,,no determinada,False,Peruvian Peru,7th–10th century,700,1000,1746,1494,2.61,648906,CC0 (dominio publico),https://www.metmuseum.org/art/collection/search/316940
met,316941,data/raw/met/images/met_316941.jpg,Miniature Tunic,Textiles-Featherwork,"Cotton, feathers",ica,Intermedio Tardio,1000,1470,no determinada,False,Ica Peru,12th–13th century,1100,1300,4000,3000,12.0,2140314,CC0 (dominio publico),https://www.metmuseum.org/art/collection/search/316941
met,316942,data/raw/met/images/met_316942.jpg,Miniature Tunic,Textiles-Featherwork,"Cotton, feathers",ica,Intermedio Tardio,1000,1470,no determinada,False,Ica Peru,12th–13th century,1100,1300,4000,3000,12.0,1753335,CC0 (dominio publico),https://www.metmuseum.org/art/collection/search/316942
met,316943,data/raw/met/images/met_316943.jpg,Feathered Band,Textiles-Featherwork,"Cotton, feathers",no determinada,no determinado,,,no determinada,False,Peruvian Peru,14th–early 16th century,1300,1540,567,1827,1.04,225789,CC0 (dominio publico),https://www.metmuseum.org/art/collection/search/316943
met,316944,data/raw/met/images/met_316944.jpg,Embroidered Border Fragment,Textiles-Woven,"Cotton, camelid hair",no determinada,no determinado,,,no determinada,False,Peruvian Peru,1st–7th century,100,700,1791,756,1.35,351995,CC0 (dominio publico),https://www.metmuseum.org/art/collection/search/316944
met,316945,data/raw/met/images/met_316945.jpg,Border Fragment,Textiles-Woven,"Cotton, camelid hair",paracas,Horizonte Temprano,-800,100,costa sur,False,Paracas Peru,450–175 BCE,-450,-175,4000,780,3.12,1579204,CC0 (dominio publico),https://www.metmuseum.org/art/collection/search/316945
met,316946,data/raw/met/images/met_316946.jpg,Embroidered Border Fragment,Textiles-Woven,"Cotton, camelid hair",no determinada,no determinado,,,no determinada,False,Peruvian Peru,1st–7th century,100,700,1962,522,1.02,265251,CC0 (dominio publico),https://www.metmuseum.org/art/collection/search/316946
met,316947,data/raw/met/images/met_316947.jpg,Embroidered Border Fragment,Textiles-Woven,"Cotton, camelid hair",no determinada,no determinado,,,no determinada,False,Peruvian Peru,1st–7th century,100,700,495,1989,0.98,294055,CC0 (dominio publico),https://www.metmuseum.org/art/collection/search/316947
met,316948,data/raw/met/images/met_316948.jpg,Openweave Cap,Textiles-Costumes,Cotton,no determinada,no determinado,,,no determinada,False,Peruvian Peru,14th–early 16th century,1300,1540,1000,794,0.79,264491,CC0 (dominio publico),https://www.metmuseum.org/art/collection/search/316948
met,316949,data/raw/met/images/met_316949.jpg,Openweave Cap with Tassels,Textiles-Costumes,Cotton,no determinada,no determinado,,,no determinada,False,Peruvian Peru,11th–14th century,1000,1400,1881,1296,2.44,613608,CC0 (dominio publico),https://www.metmuseum.org/art/collection/search/316949
met,316950,data/raw/met/images/met_316950.jpg,Openweave Cap with Tassels,Textiles-Costumes,"Cotton, camelid hair",no determinada,no determinado,,,no determinada,False,Peruvian Peru,11th–14th century,1000,1400,1926,1674,3.22,726520,CC0 (dominio publico),https://www.metmuseum.org/art/collection/search/316950
met,316951,data/raw/met/images/met_316951.jpg,Mitre Shaped Cap,Textiles-Woven,"Cotton, camelid hair",no determinada,no determinado,,,no determinada,False,Peruvian Peru,11th–early 14th century,1000,1400,950,859,0.82,206064,CC0 (dominio publico),https://www.metmuseum.org/art/collection/search/316951
met,316952,data/raw/met/images/met_316952.jpg,Mitre Shaped Cap,Textiles-Woven,"Cotton, camelid hair",no determinada,no determinado,,,no determinada,False,Peruvian Peru,11th–14th century,1000,1400,900,859,0.77,232376,CC0 (dominio publico),https://www.metmuseum.org/art/collection/search/316952
met,316953,data/raw/met/images/met_316953.jpg,Cap,Textiles-Costumes,"Cotton, camelid hair",no determinada,no determinado,,,no determinada,False,Peruvian Peru,14th–early 16th century,1300,1540,950,865,0.82,277308,CC0 (dominio publico),https://www.metmuseum.org/art/collection/search/316953
met,316954,data/raw/met/images/met_316954.jpg,Cap,Textiles-Costumes,"Cotton, camelid hair",no determinada,no determinado,,,no determinada,False,Peruvian Peru,11th–early 14th century,1000,1400,865,689,0.6,171638,CC0 (dominio publico),https://www.metmuseum.org/art/collection/search/316954
met,316955,data/raw/met/images/met_316955.jpg,Cap,Textiles-Costumes,Camelid hair,no determinada,no determinado,,,no determinada,False,Peruvian Peru,7th–10th century,600,1000,3438,4000,13.75,3604655,CC0 (dominio publico),https://www.metmuseum.org/art/collection/search/316955
met,316956,data/raw/met/images/met_316956.jpg,Cap,Textiles-Costumes,Camelid hair,no determinada,no determinado,,,no determinada,False,Arica Chile San Pedro de Atacama desert,10th–14th century,900,1400,4000,3657,14.63,3902266,CC0 (dominio publico),https://www.metmuseum.org/art/collection/search/316956
met,316957,data/raw/met/images/met_316957.jpg,Cap,Textiles-Costumes,Camelid hair,no determinada,no determinado,,,no determinada,False,Arica Chile San Pedro de Atacama desert,10th–14th century,900,1400,4000,3487,13.95,3787754,CC0 (dominio publico),https://www.metmuseum.org/art/collection/search/316957
met,316958,data/raw/met/images/met_316958.jpg,Cap with Feathers,Textiles-Featherwork,"Wool, feathers",no determinada,no determinado,,,no determinada,False,Arica Chile San Pedro de Atacama desert,10th–14th century,900,1400,4000,3560,14.24,3644975,CC0 (dominio publico),https://www.metmuseum.org/art/collection/search/316958
met,316959,data/raw/met/images/met_316959.jpg,Cap,Textiles-Costumes,Camelid hair,no determinada,no determinado,,,no determinada,False,Arica Chile San Pedro de Atacama desert,10th–14th century,900,1400,4000,3441,13.76,3734909,CC0 (dominio publico),https://www.metmuseum.org/art/collection/search/316959
met,316960,data/raw/met/images/met_316960.jpg,Cap,Textiles-Costumes,Camelid hair,no determinada,no determinado,,,no determinada,False,Arica Chile San Pedro de Atacama desert,10th–14th century,900,1400,4000,3856,15.42,3972124,CC0 (dominio publico),https://www.metmuseum.org/art/collection/search/316960
met,316961,data/raw/met/images/met_316961.jpg,Feathered Cap,Textiles-Featherwork,"Camelid hair, feathers",no determinada,no determinado,,,no determinada,False,Peruvian Peru,900–1470 CE,900,1470,4000,3881,15.52,2449936,CC0 (dominio publico),https://www.metmuseum.org/art/collection/search/316961
met,316962,data/raw/met/images/met_316962.jpg,Four-Cornered Hat,Textiles-Costumes,Camelid hair,wari,Horizonte Medio,600,1000,no determinada,False,Wari Peru,7th–9th century,600,900,4000,3276,13.1,3726478,CC0 (dominio publico),https://www.metmuseum.org/art/collection/search/316962
met,316963,data/raw/met/images/met_316963.jpg,Four-Cornered Hat,Textiles-Costumes,Camelid hair,wari,Horizonte Medio,600,1000,no determinada,False,Wari Peru,7th–9th century,600,900,4000,3234,12.94,3559300,CC0 (dominio publico),https://www.metmuseum.org/art/collection/search/316963
met,316964,data/raw/met/images/met_316964.jpg,Four-Cornered Hat,Textiles-Costumes,Camelid hair,wari,Horizonte Medio,600,1000,no determinada,False,Wari Peru,7th–9th century,600,900,4000,3408,13.63,3561852,CC0 (dominio publico),https://www.metmuseum.org/art/collection/search/316964
met,316965,data/raw/met/images/met_316965.jpg,Four-Cornered Hat,Textiles-Costumes,Camelid hair,wari,Horizonte Medio,600,1000,no determinada,False,Wari Peru,7th–9th century,600,900,4000,3375,13.5,3465026,CC0 (dominio publico),https://www.metmuseum.org/art/collection/search/316965
met,316966,data/raw/met/images/met_316966.jpg,Four-Cornered Hat,Textiles-Costumes,Camelid hair,wari,Horizonte Medio,600,1000,no determinada,False,Wari Peru,7th–9th century,600,900,4000,3425,13.7,3825045,CC0 (dominio publico),https://www.metmuseum.org/art/collection/search/316966
met,316967,data/raw/met/images/met_316967.jpg,Four-Cornered Hat,Textiles-Costumes,Camelid hair,wari,Horizonte Medio,600,1000,no determinada,False,Wari Peru,7th–9th century,600,900,4000,3137,12.55,3590842,CC0 (dominio publico),https://www.metmuseum.org/art/collection/search/316967
met,316968,data/raw/met/images/met_316968.jpg,Four-Cornered Hat,Textiles-Costumes,Camelid hair,wari,Horizonte Medio,600,1000,no determinada,False,Wari Peru,7th–9th century,600,900,4000,3082,12.33,2904610,CC0 (dominio publico),https://www.metmuseum.org/art/collection/search/316968
met,316969,data/raw/met/images/met_316969.jpg,Four-Cornered Hat,Textiles-Costumes,Camelid hair,wari,Horizonte Medio,600,1000,no determinada,False,Wari Peru,7th–9th century,600,900,4000,3137,12.55,3664541,CC0 (dominio publico),https://www.metmuseum.org/art/collection/search/316969
met,316970,data/raw/met/images/met_316970.jpg,Four-Cornered Hat,Textiles-Costumes,Camelid hair,wari,Horizonte Medio,600,1000,no determinada,False,Wari Peru,7th–9th century,600,900,4000,2899,11.6,2585112,CC0 (dominio publico),https://www.metmuseum.org/art/collection/search/316970
met,316971,data/raw/met/images/met_316971.jpg,Four-Cornered Hat,Textiles-Costumes,Camelid hair,wari,Horizonte Medio,600,1000,no determinada,False,Wari Peru,7th–9th century,600,900,4000,3105,12.42,3158267,CC0 (dominio publico),https://www.metmuseum.org/art/collection/search/316971
met,316972,data/raw/met/images/met_316972.jpg,Four-Cornered Hat,Textiles-Costumes,Camelid hair,wari,Horizonte Medio,600,1000,no determinada,False,Wari Peru,7th–9th century,600,900,4000,3305,13.22,3427494,CC0 (dominio publico),https://www.metmuseum.org/art/collection/search/316972
met,316973,data/raw/met/images/met_316973.jpg,Four-Cornered Hat,Textiles-Costumes,Camelid hair,wari,Horizonte Medio,600,1000,no determinada,False,Wari Peru,7th–9th century,600,900,4000,3258,13.03,3783514,CC0 (dominio publico),https://www.metmuseum.org/art/collection/search/316973
met,316974,data/raw/met/images/met_316974.jpg,Four-Cornered Hat,Textiles-Costumes,Camelid hair,wari,Horizonte Medio,600,1000,no determinada,False,Wari Peru,8th–10th century,700,1000,4000,3388,13.55,3831886,CC0 (dominio publico),https://www.metmuseum.org/art/collection/search/316974
met,316975,data/raw/met/images/met_316975.jpg,Four-Cornered Hat,Textiles-Costumes,Camelid hair,wari,Horizonte Medio,600,1000,no determinada,False,Wari Peru,7th–10th century,600,1000,4000,3260,13.04,3288408,CC0 (dominio publico),https://www.metmuseum.org/art/collection/search/316975
met,316976,data/raw/met/images/met_316976.jpg,Four-Cornered Hat,Textiles-Costumes,Camelid hair,wari,Horizonte Medio,600,1000,no determinada,False,Wari Peru,8th–10th century,700,1000,4000,3148,12.59,3673727,CC0 (dominio publico),https://www.metmuseum.org/art/collection/search/316976
met,316977,data/raw/met/images/met_316977.jpg,Four-Cornered Hat,Textiles-Costumes,Camelid hair,wari,Horizonte Medio,600,1000,no determinada,False,Wari Peru,7th–9th century,600,900,4000,3049,12.2,3379074,CC0 (dominio publico),https://www.metmuseum.org/art/collection/search/316977
met,316978,data/raw/met/images/met_316978.jpg,Four-Cornered Hat,Textiles-Costumes,Camelid fiber,wari,Horizonte Medio,600,1000,altiplano,False,Tiwanaku or Wari Bolivia or Peru,500–900 CE,500,900,3798,4000,15.19,4199865,CC0 (dominio publico),https://www.metmuseum.org/art/collection/search/316978
met,316979,data/raw/met/images/met_316979.jpg,Four-Cornered Hat,Textiles-Costumes,Camelid hair,tiwanaku,Horizonte Medio,500,1000,altiplano,False,Tiwanaku Peru or Bolivia,5th–9th century,400,900,4000,3423,13.69,4032668,CC0 (dominio publico),https://www.metmuseum.org/art/collection/search/316979
met,316980,data/raw/met/images/met_316980.jpg,Four-Cornered Hat,Textiles-Costumes,Camelid hair,tiwanaku,Horizonte Medio,500,1000,altiplano,True,Tiwanaku Bolivia (?),7th–9th century,600,900,4000,3763,15.05,4544974,CC0 (dominio publico),https://www.metmuseum.org/art/collection/search/316980
met,316981,data/raw/met/images/met_316981.jpg,Four-Cornered Hat,Textiles-Costumes,Camelid hair,tiwanaku,Horizonte Medio,500,1000,altiplano,True,Tiwanaku Bolivia (?),7th–9th century,600,900,4000,3744,14.98,4156324,CC0 (dominio publico),https://www.metmuseum.org/art/collection/search/316981
met,316982,data/raw/met/images/met_316982.jpg,Four-Cornered Hat,Textiles-Costumes,Camelid hair,tiwanaku,Horizonte Medio,500,1000,altiplano,True,Tiwanaku Bolivia (?),7th–9th century,700,900,4000,3497,13.99,4141224,CC0 (dominio publico),https://www.metmuseum.org/art/collection/search/316982
met,316983,data/raw/met/images/met_316983.jpg,Four-Cornered Hat,Textiles-Costumes,Camelid hair,tiwanaku,Horizonte Medio,500,1000,altiplano,True,Tiwanaku Bolivia (?),4th–8th century,300,800,3626,4000,14.5,4009567,CC0 (dominio publico),https://www.metmuseum.org/art/collection/search/316983
met,316984,data/raw/met/images/met_316984.jpg,Four-Cornered Hat,Textiles-Costumes,Camelid hair,tiwanaku,Horizonte Medio,500,1000,altiplano,True,Tiwanaku Bolivia (?),4th–8th century,300,800,3774,4000,15.1,3280017,CC0 (dominio publico),https://www.metmuseum.org/art/collection/search/316984
met,316985,data/raw/met/images/met_316985.jpg,Four-Cornered Hat,Textiles-Costumes,Camelid hair,tiwanaku,Horizonte Medio,500,1000,altiplano,True,Tiwanaku Bolivia (?),7th–9th century,600,900,4000,3197,12.79,3128391,CC0 (dominio publico),https://www.metmuseum.org/art/collection/search/316985
met,316986,data/raw/met/images/met_316986.jpg,Four-Cornered Hat,Textiles-Costumes,Camelid hair,tiwanaku,Horizonte Medio,500,1000,altiplano,True,Tiwanaku Bolivia (?),10th–12th century,900,1200,4000,2916,11.66,2512135,CC0 (dominio publico),https://www.metmuseum.org/art/collection/search/316986
met,316987,data/raw/met/images/met_316987.jpg,Four-Cornered Hat,Textiles-Costumes,Camelid hair,tiwanaku,Horizonte Medio,500,1000,altiplano,True,Tiwanaku Bolivia (?),7th–9th century,600,900,4000,3355,13.42,3667916,CC0 (dominio publico),https://www.metmuseum.org/art/collection/search/316987
met,316988,data/raw/met/images/met_316988.jpg,Four-Cornered Hat,Textiles-Costumes,Camelid hair,wari,Horizonte Medio,600,1000,altiplano,True,Wari Bolivia (?),7th–9th century,600,900,4000,2795,11.18,2749900,CC0 (dominio publico),https://www.metmuseum.org/art/collection/search/316988
met,316989,data/raw/met/images/met_316989.jpg,Four-Cornered Hat,Textiles-Costumes,Camelid hair,tiwanaku,Horizonte Medio,500,1000,altiplano,True,Tiwanaku Bolivia (?),7th–9th century,600,900,4000,3489,13.96,3876597,CC0 (dominio publico),https://www.metmuseum.org/art/collection/search/316989
met,317645,data/raw/met/images/met_317645.jpg,Bag,Textiles-Woven,"Cotton, camelid hair",no determinada,no determinado,,,no determinada,False,Peruvian Peru,14th–16th century,1300,1600,525,700,0.37,119867,CC0 (dominio publico),https://www.metmuseum.org/art/collection/search/317645
met,317736,data/raw/met/images/met_317736.jpg,Woman's Dress,Textiles-Woven,Camelid hair,chuquibamba,Intermedio Tardio,1000,1470,no determinada,False,Chuquibamba Peru,14th–early 16th century,1300,1550,3811,3049,11.62,3631521,CC0 (dominio publico),https://www.metmuseum.org/art/collection/search/317736
met,318046,data/raw/met/images/met_318046.jpg,Man's Shaped Tunic,Textiles-Woven,Camelid hair,no determinada,no determinado,,,no determinada,False,Arica Chile,1000–1350,1000,1350,900,550,0.49,106239,CC0 (dominio publico),https://www.metmuseum.org/art/collection/search/318046
met,318113,data/raw/met/images/met_318113.jpg,Coca Bag (Ch'uspa),Textiles-Woven,Camelid hair,colonial,Colonial/Republicano,1533,1950,altiplano,False,Aymara Bolivia,early 19th century,1800,1850,1828,1473,2.69,843729,CC0 (dominio publico),https://www.metmuseum.org/art/collection/search/318113
met,318145,data/raw/met/images/met_318145.jpg,Tunic,Textiles-Woven,Camelid hair,colonial,Colonial/Republicano,1533,1950,no determinada,True,Quechua Peru,16th–17th century (?),1475,1725,3487,1749,6.1,2555220,CC0 (dominio publico),https://www.metmuseum.org/art/collection/search/318145
met,318146,data/raw/met/images/met_318146.jpg,Man's Tunic,Textiles-Woven,Camelid hair,colonial,Colonial/Republicano,1533,1950,altiplano,True,Aymara Bolivia,17th–18th century (?),1575,1825,900,836,0.75,142763,CC0 (dominio publico),https://www.metmuseum.org/art/collection/search/318146
met,318147,data/raw/met/images/met_318147.jpg,Man's Tunic,Textiles-Woven,Camelid hair,colonial,Colonial/Republicano,1533,1950,altiplano,True,Aymara Bolivia,17th–18th century (?),1575,1825,2095,1544,3.23,299150,CC0 (dominio publico),https://www.metmuseum.org/art/collection/search/318147
met,318148,data/raw/met/images/met_318148.jpg,Tunic,Textiles-Woven,Camelid hair,colonial,Colonial/Republicano,1533,1950,altiplano,True,Aymara Bolivia,17th–18th century (?),1575,1825,3498,2880,10.07,3970684,CC0 (dominio publico),https://www.metmuseum.org/art/collection/search/318148
met,318149,data/raw/met/images/met_318149.jpg,Tunic,Textiles-Woven,Camelid hair,colonial,Colonial/Republicano,1533,1950,altiplano,False,Aymara Bolivia,late 18th century,1750,1800,3762,2856,10.74,3310097,CC0 (dominio publico),https://www.metmuseum.org/art/collection/search/318149
met,318164,data/raw/met/images/met_318164.jpg,Poncho,Textiles-Woven,Wool,colonial,Colonial/Republicano,1533,1950,no determinada,True,Quechua Peru,17th century (?),1575,1725,4000,2279,9.12,3889534,CC0 (dominio publico),https://www.metmuseum.org/art/collection/search/318164
met,318165,data/raw/met/images/met_318165.jpg,Man's Mantle,Textiles-Woven,Camelid hair,colonial,Colonial/Republicano,1533,1950,altiplano,True,Aymara Bolivia,17th–18th century (?),1575,1875,3000,4000,12.0,5048756,CC0 (dominio publico),https://www.metmuseum.org/art/collection/search/318165
met,318173,data/raw/met/images/met_318173.jpg,Ceremonial Mantle,Textiles-Woven,Camelid hair,colonial,Colonial/Republicano,1533,1950,altiplano,False,Aymara Bolivia,18th–19th century,1675,1825,1944,1120,2.18,404103,CC0 (dominio publico),https://www.metmuseum.org/art/collection/search/318173
met,318175,data/raw/met/images/met_318175.jpg,Woman's Mantle,Textiles-Woven,Camelid hair,colonial,Colonial/Republicano,1533,1950,altiplano,True,Aymara Bolivia,18th century (?),1675,1825,2344,3100,7.27,1432593,CC0 (dominio publico),https://www.metmuseum.org/art/collection/search/318175
met,318282,data/raw/met/images/met_318282.jpg,Headdress ornament,Metal-Ornaments,Gold,nasca,Intermedio Temprano,-100,800,no determinada,False,Nasca Peru,2nd century,75,225,1332,1266,1.69,321542,CC0 (dominio publico),https://www.metmuseum.org/art/collection/search/318282
met,318460,data/raw/met/images/met_318460.jpg,False Face for Funerary Bundle,Textiles-Woven,"Cotton, paint",paracas,Horizonte Temprano,-800,100,costa sur,False,Paracas Peru,3rd century BCE–1st century CE,-300,100,1287,1837,2.36,749874,CC0 (dominio publico),https://www.metmuseum.org/art/collection/search/318460
met,318529,data/raw/met/images/met_318529.jpg,Tunic,Textiles-Woven,"Camelid hair, feathers",no determinada,no determinado,,,no determinada,True,Arica(?) Chile,15th–early 16th century,1375,1550,4000,2714,10.86,4450681,CC0 (dominio publico),https://www.metmuseum.org/art/collection/search/318529
met,318569,data/raw/met/images/met_318569.jpg,Man's Garment,Textiles-Woven,Camelid hair,no determinada,no determinado,,,no determinada,True,Peru Peru Southern Andes,15th century (?),1375,1525,2437,2189,5.33,897794,CC0 (dominio publico),https://www.metmuseum.org/art/collection/search/318569
met,318634,data/raw/met/images/met_318634.jpg,Tunic with Crescent Headdress Figures,Textiles-Woven,"Camelid wool, cotton",chimu,Intermedio Tardio,900,1470,no determinada,False,Chimú Peru,ca. 1460–1540,1455,1465,4000,2726,10.9,3550678,CC0 (dominio publico),https://www.metmuseum.org/art/collection/search/318634
met,318732,data/raw/met/images/met_318732.jpg,Headdress Ornament,Metal-Ornaments,Gold,no determinada,no determinado,,,no determinada,False,Siguas Peru,100 BCE–300 CE,-125,325,1875,1492,2.8,648068,CC0 (dominio publico),https://www.metmuseum.org/art/collection/search/318732
met,318746,data/raw/met/images/met_318746.jpg,Belt,Textiles-Woven,Camelid fiber,recuay,Intermedio Temprano,100,700,no determinada,False,Recuay Peru,200–700 CE,200,700,1274,3331,4.24,433769,CC0 (dominio publico),https://www.metmuseum.org/art/collection/search/318746
met,318747,data/raw/met/images/met_318747.jpg,Poncho,Textiles-Woven,Camelid hair,chuquibamba,Intermedio Tardio,1000,1470,no determinada,False,Chuquibamba Peru,13th–15th century,1175,1525,1300,722,0.94,347618,CC0 (dominio publico),https://www.metmuseum.org/art/collection/search/318747
met,318769,data/raw/met/images/met_318769.jpg,Loincloth,Textiles-Woven,Camelid hair,chuquibamba,Intermedio Tardio,1000,1470,no determinada,False,Chuquibamba Peru,12th–early 16th century,1075,1550,2283,3351,7.65,1496186,CC0 (dominio publico),https://www.metmuseum.org/art/collection/search/318769
met,318770,data/raw/met/images/met_318770.jpg,Belt,Textiles-Woven,Camelid hair,chuquibamba,Intermedio Tardio,1000,1470,no determinada,False,Chuquibamba Peru,12th–early 16th century,1075,1550,1213,1416,1.72,502264,CC0 (dominio publico),https://www.metmuseum.org/art/collection/search/318770
met,318771,data/raw/met/images/met_318771.jpg,Bag with fringe,Textiles-Woven,Camelid hair,chuquibamba,Intermedio Tardio,1000,1470,no determinada,False,Chuquibamba Peru,12th–16th century,1075,1625,2895,4000,11.58,3346713,CC0 (dominio publico),https://www.metmuseum.org/art/collection/search/318771
met,318888,data/raw/met/images/met_318888.jpg,Headband,Textiles-Woven,Camelid hair,inca,Horizonte Tardio,1400,1533,no determinada,False,Inca Peru,14th–15th century,1300,1500,3780,4000,15.12,1910434,CC0 (dominio publico),https://www.metmuseum.org/art/collection/search/318888
met,318889,data/raw/met/images/met_318889.jpg,Panel with figures,Textiles-Woven,"Camelid hair, cotton",no determinada,no determinado,,,sierra sur,True,South Highlands (?) Peru,7th–10th century (?),575,1100,566,551,0.31,99711,CC0 (dominio publico),https://www.metmuseum.org/art/collection/search/318889
met,318955,data/raw/met/images/met_318955.jpg,Basket Bowl,Basketry-Containers,Plant fiber,tiwanaku,Horizonte Medio,500,1000,altiplano,False,Tiwanaku Bolivia,7th–10th century,575,1025,4000,3811,15.24,4060556,CC0 (dominio publico),https://www.metmuseum.org/art/collection/search/318955
met,318956,data/raw/met/images/met_318956.jpg,Basket,Basketry-Containers,Plant fiber,tiwanaku,Horizonte Medio,500,1000,altiplano,False,Tiwanaku Bolivia,6th–11th century,475,1125,4000,3636,14.54,3860968,CC0 (dominio publico),https://www.metmuseum.org/art/collection/search/318956
met,319053,data/raw/met/images/met_319053.jpg,Collar,Beads-Costumes,"Spondylus shell and black stone beads, cotton",chimu,Intermedio Tardio,900,1470,no determinada,False,Chimú Peru,1000–1470 CE,1075,1425,4000,2923,11.69,2268053,CC0 (dominio publico),https://www.metmuseum.org/art/collection/search/319053
met,319223,data/raw/met/images/met_319223.jpg,Neck Emblem or Sash,Textiles-Woven,Camelid and human hair,no determinada,no determinado,,,no determinada,False,Pukara Peru,2nd century BCE–2nd century CE,-75,225,567,2000,1.13,975106,CC0 (dominio publico),https://www.metmuseum.org/art/collection/search/319223
met,319252,data/raw/met/images/met_319252.jpg,Tunic,Textiles-Woven,"Wool, cotton",no determinada,no determinado,,,no determinada,False,Siguas Peru,1st–7th century,1,725,856,652,0.56,108939,CC0 (dominio publico),https://www.metmuseum.org/art/collection/search/319252
met,319265,data/raw/met/images/met_319265.jpg,Arm bands,Metal-Ornaments,Gold,chavin,Horizonte Temprano,-900,-200,no determinada,False,Chavín Peru,800–500 BCE,-800,-500,3899,3079,12.01,1669794,CC0 (dominio publico),https://www.metmuseum.org/art/collection/search/319265
met,319266,data/raw/met/images/met_319266.jpg,Mantle Border,Textiles-Woven,"Camelid hair, cotton",paracas,Horizonte Temprano,-800,100,costa sur,False,Paracas Peru,5th–2nd century BCE,-500,-100,1500,472,0.71,291458,CC0 (dominio publico),https://www.metmuseum.org/art/collection/search/319266
met,319320,data/raw/met/images/met_319320.jpg,Tunic,Textiles-Woven,"Wool (camelid hair), cotton",no determinada,no determinado,,,no determinada,False,Siguas Peru,1st–7th century,-25,625,478,800,0.38,103042,CC0 (dominio publico),https://www.metmuseum.org/art/collection/search/319320
met,319471,data/raw/met/images/met_319471.jpg,Textile Ornament,Metal-Ornaments,Gold (hammered),salinar,Intermedio Temprano,-200,200,no determinada,True,Salinar (?) Peru,1st century BCE–2nd century CE,-100,300,1066,1482,1.58,406694,CC0 (dominio publico),https://www.metmuseum.org/art/collection/search/319471
met,319523,data/raw/met/images/met_319523.jpg,Tunic Panel,Textiles-Featherwork,"Cotton, feathers",nasca,Intermedio Temprano,-100,800,no determinada,False,Nasca Peru,600–1000,600,1000,1000,726,0.73,212051,CC0 (dominio publico),https://www.metmuseum.org/art/collection/search/319523
met,319524,data/raw/met/images/met_319524.jpg,Fragmentary Woman's Dress,Textiles-Woven,Camelid fiber,inca,Horizonte Tardio,1400,1533,no determinada,False,Inca Peru,15th–early 16th century,1375,1550,2304,3456,7.96,2150379,CC0 (dominio publico),https://www.metmuseum.org/art/collection/search/319524
met,319574,data/raw/met/images/met_319574.jpg,Tunic,Textiles-Woven,Camelid fiber,inca,Horizonte Tardio,1400,1533,no determinada,False,Inca Peru,1400–1530,1400,1530,3528,3702,13.06,4625338,CC0 (dominio publico),https://www.metmuseum.org/art/collection/search/319574
met,319585,data/raw/met/images/met_319585.jpg,Woman's Mantle,Textiles-Woven,"Camelid hair, silk",colonial,Colonial/Republicano,1533,1950,altiplano,True,Aymara Bolivia,late 18th century (?),1750,1825,3794,2913,11.05,3936521,CC0 (dominio publico),https://www.metmuseum.org/art/collection/search/319585
met,319588,data/raw/met/images/met_319588.jpg,Head Covering (?),Textiles-Woven,Camelid hair,paracas,Horizonte Temprano,-800,100,costa sur,True,Paracas-Nasca Peru,1st–2nd century,-75,225,1799,2642,4.75,742019,CC0 (dominio publico),https://www.metmuseum.org/art/collection/search/319588
met,319627,data/raw/met/images/met_319627.jpg,Band,Textiles-Woven,"Cotton, camelid fiber
",chimu,Intermedio Tardio,900,1470,no determinada,False,Chimú or Chancay,11th–mid-15th century,975,1500,3732,280,1.04,248785,CC0 (dominio publico),https://www.metmuseum.org/art/collection/search/319627
met,319863,data/raw/met/images/met_319863.jpg,Feathered Shirt,Textiles-Featherwork,"Cotton, feathers, silver",chimu,Intermedio Tardio,900,1470,no determinada,False,Chimú Peru,13th–15th century,1175,1525,1536,2048,3.15,504927,CC0 (dominio publico),https://www.metmuseum.org/art/collection/search/319863
met,320054,data/raw/met/images/met_320054.jpg,Miniature tabard,Textiles-Woven,"Cotton, camelid hair, silk, metal",inca,Horizonte Tardio,1400,1533,altiplano,False,Inca and Spanish Bolivia or Peru,1600–1700,1600,1700,3165,4000,12.66,4251725,CC0 (dominio publico),https://www.metmuseum.org/art/collection/search/320054
met,320429,data/raw/met/images/met_320429.jpg,Needle,Textiles-Implements,Wood,no determinada,no determinado,,,no determinada,True,Peruvian Peru,10th–16th century (?),900,1600,914,4000,3.66,150919,CC0 (dominio publico),https://www.metmuseum.org/art/collection/search/320429
met,320430,data/raw/met/images/met_320430.jpg,Needle,Textiles-Implements,Wood,no determinada,no determinado,,,no determinada,True,Peruvian Peru,10th–16th century (?),900,1600,913,4000,3.65,156355,CC0 (dominio publico),https://www.metmuseum.org/art/collection/search/320430
met,320431,data/raw/met/images/met_320431.jpg,Needle,Textiles-Implements,Wood,no determinada,no determinado,,,no determinada,True,Peruvian Peru,10th–16th century (?),900,1600,913,4000,3.65,167662,CC0 (dominio publico),https://www.metmuseum.org/art/collection/search/320431
met,320615,data/raw/met/images/met_320615.jpg,Cap,Textiles-Woven,"Linen, wool",no determinada,no determinado,,,altiplano,False,Bolivia or Peru Bolivia or Peru,17th century,1600,1700,2867,3889,11.15,1198926,CC0 (dominio publico),https://www.metmuseum.org/art/collection/search/320615
met,320693,data/raw/met/images/met_320693.jpg,Funerary Mask Turban,Wood-Ornaments,"Wood, paint, gold, cloth, shell",ica,Intermedio Tardio,1000,1470,no determinada,False,Ica Peru,13th–15th century,1200,1500,1578,2223,3.51,465038,CC0 (dominio publico),https://www.metmuseum.org/art/collection/search/320693
met,320804,data/raw/met/images/met_320804.jpg,Hanging (?) Fragment,Textiles-Woven,"Camelid hair, cotton",no determinada,no determinado,,,no determinada,True,Peruvian Peru,late 16th–17th century,1500,1700,1671,3218,5.38,1234792,CC0 (dominio publico),https://www.metmuseum.org/art/collection/search/320804
met,646249,data/raw/met/images/met_646249.jpg,Man's Tunic,Textiles-Costumes,Camelid and cotton fibers,no determinada,no determinado,,,costa central,False,Central Coast Peru Central Coast,1000–1476 CE,1000,1476,4000,1949,7.8,3791375,CC0 (dominio publico),https://www.metmuseum.org/art/collection/search/646249
met,675980,data/raw/met/images/met_675980.jpg,Tunic,Textiles-Woven,"Cotton, camelid hair",wari,Horizonte Medio,600,1000,no determinada,False,Wari  Andean region,650–1000 CE,600,1100,3958,4000,15.83,7101768,CC0 (dominio publico),https://www.metmuseum.org/art/collection/search/675980
met,751900,data/raw/met/images/met_751900.jpg,Votive checkerboard tunic,Textiles-Costumes,Camelid fiber,inca,Horizonte Tardio,1400,1533,altiplano,False,"Inca Argentina, Peru, or Bolivia",1460–1626,1460,1626,3361,4000,13.44,4321622,CC0 (dominio publico),https://www.metmuseum.org/art/collection/search/751900
met,776429,data/raw/met/images/met_776429.jpg,Nine Feathered Panels,Textiles-Featherwork,"Feathers on cotton, camelid hair",wari,Horizonte Medio,600,1000,costa sur,False,Wari Peru South Coast,600–900 CE,600,900,4000,1667,6.67,2547492,CC0 (dominio publico),https://www.metmuseum.org/art/collection/search/776429
met,833953,data/raw/met/images/met_833953.jpg,Tapestry Tunic,Textiles-Woven,Camelid wool,wari,Horizonte Medio,600,1000,no determinada,False,Wari Peru,7th–9th century,600,900,3787,4000,15.15,6466591,CC0 (dominio publico),https://www.metmuseum.org/art/collection/search/833953
cleveland,152258,data/raw/cleveland/images/cma_152258.jpg,Two Textile Fragment with Fanged Heads,Textile,cotton: plain weave patterned by fiber-wrapped warps and supplementary wefts,chavin,Horizonte Temprano,-900,-200,costa sur,False,"Peru, South Coast, Ica Valley, Chavín style",500–200 BCE,-500,-200,1885,3400,6.41,5454747,CC0,https://clevelandart.org/art/1985.139
cleveland,164421,data/raw/cleveland/images/cma_164421.jpg,Loincloth,Garment,"cotton; plain weave, brocaded and complex alternating gauze with 5 shots of plain weave between gauze shots",chimu,Intermedio Tardio,900,1470,costa norte,False,"Peru, North Coast, Chimú style, 1200–1460s","1425–1500 (radiocarbon date, 92.3% probability)",1425,1500,3023,3400,10.28,3185987,CC0,https://clevelandart.org/art/2005.5.2
cleveland,124739,data/raw/cleveland/images/cma_124739.jpg,Mantle,Textile,camelid fiber: plain weave with embroidery,paracas,Horizonte Temprano,-800,100,costa sur,False,"Peru, South Coast, Paracas (Cavernas) style",c. 300 BCE–200 CE,-300,200,3400,1835,6.24,5942820,CC0,https://clevelandart.org/art/1946.226
cleveland,164423,data/raw/cleveland/images/cma_164423.jpg,Padded Hat,Garment,"cotton; plain weave, brocaded ",chimu,Intermedio Tardio,900,1470,costa norte,False,"Peru, North Coast, Chimú style, 1200-1460s","1460–1625 (radiocarbon date, 95.4% probability)",1460,1625,1443,3400,4.91,1070592,CC0,https://clevelandart.org/art/2005.5.4
cleveland,119690,data/raw/cleveland/images/cma_119690.jpg,Fragment of Embroidered Cloth,Textile,embroidery on plain wool ground,paracas,Horizonte Temprano,-800,100,costa sur,False,"Peru, South Coast, Paracas, Late Period",c. 300–100 BCE,-300,-100,3400,2556,8.69,7046449,CC0,https://clevelandart.org/art/1940.528
cleveland,124740,data/raw/cleveland/images/cma_124740.jpg,Tunic,Textile,Alpaca wool: plain weave with embroidery and warp substitution,paracas,Horizonte Temprano,-800,100,costa sur,False,"Peru, South Coast, Paracas (Cavernas) style",c. 300 BCE–200 CE,-300,200,1536,1771,2.72,2640074,CC0,https://clevelandart.org/art/1946.227
cleveland,164424,data/raw/cleveland/images/cma_164424.jpg,Band with Tassels,Garment,cotton; weft-faced plain weave,chimu,Intermedio Tardio,900,1470,costa norte,False,"Peru, North Coast, Chimú style, 1200-1460s","1455–1625 (radiocarbon date, 95% probability)",1455,1625,1536,3400,5.22,1401392,CC0,https://clevelandart.org/art/2005.5.5
cleveland,164420,data/raw/cleveland/images/cma_164420.jpg,Mantle or Hanging,Textile,"cotton; plain weave, brocaded and complex alternating gauze with 3 or 5 shots of plain weave between gauze shots",chimu,Intermedio Tardio,900,1470,costa norte,False,"Peru, North Coast, Chimú style, 1200-1460s","1480–1635 (radiocarbon date, 95.4% probability)",1480,1635,3400,2031,6.91,2589732,CC0,https://clevelandart.org/art/2005.5.1
cleveland,124741,data/raw/cleveland/images/cma_124741.jpg,Turban Band (Llauto),Textile,wool and cotton: needle reseau (netting),paracas,Horizonte Temprano,-800,100,costa sur,False,"Peru, South Coast, Paracas, Late Period",c. 300–100 BCE,-300,-100,3000,1730,5.19,1919036,CC0,https://clevelandart.org/art/1946.228
cleveland,165270,data/raw/cleveland/images/cma_165270.jpg,Textile Fragment,Textile,cotton and camelid fiber,moche,Intermedio Temprano,100,800,costa norte,False,"Peru, Moche, north coast",c. 50–650 CE,50,650,2531,3400,8.61,4921455,CC0,https://clevelandart.org/art/2007.2.4
cleveland,165272,data/raw/cleveland/images/cma_165272.jpg,Textile Fragment,Textile,cotton and camelid fiber,moche,Intermedio Temprano,100,800,costa norte,False,"Peru, Moche, north coast",c. 50–650 CE,50,650,2434,3400,8.28,4672026,CC0,https://clevelandart.org/art/2007.2.6
cleveland,165271,data/raw/cleveland/images/cma_165271.jpg,Textile Fragment,Textile,cotton and camelid fiber,moche,Intermedio Temprano,100,800,costa norte,False,"Peru, Moche, north coast",c. 50–650 CE,50,650,2410,3400,8.19,4837411,CC0,https://clevelandart.org/art/2007.2.5
cleveland,130762,data/raw/cleveland/images/cma_130762.jpg,Band with Trophy Heads,Textile,"interlocking warp and weft, single interlock: wool",nasca,Intermedio Temprano,-100,800,costa sur,False,"Peru, South Coast, Nasca",100 BCE–700 CE,-100,700,611,3400,2.08,756121,CC0,https://clevelandart.org/art/1953.475
cleveland,164422,data/raw/cleveland/images/cma_164422.jpg,Turban,Garment,"Cotton; plain weave, brocaded and complex alternating gauze with 5 shots of plain weave between gauze shots",chimu,Intermedio Tardio,900,1470,costa norte,False,"Peru, North Coast, Chimú style","1485–1640 (radiocarbon date, 95.4% probability)",1485,1640,1577,3400,5.36,1508898,CC0,https://clevelandart.org/art/2005.5.3
cleveland,165269,data/raw/cleveland/images/cma_165269.jpg,Textile Fragment,Textile,cotton and camelid fiber,moche,Intermedio Temprano,100,800,costa norte,False,"Peru, Moche, north coast",c. 50–650 CE,50,650,2599,3400,8.84,5425392,CC0,https://clevelandart.org/art/2007.2.3
cleveland,165267,data/raw/cleveland/images/cma_165267.jpg,Textile Fragment,Textile,cotton and camelid fiber,moche,Intermedio Temprano,100,800,costa norte,False,"Peru, Moche, north coast",c. 50–650 CE,50,650,2288,3400,7.78,4339250,CC0,https://clevelandart.org/art/2007.2.1
cleveland,165268,data/raw/cleveland/images/cma_165268.jpg,Textile Fragment,Textile,cotton and camelid fiber,moche,Intermedio Temprano,100,800,costa norte,False,"Peru, Moche, north coast",c. 50–650 CE,50,650,2391,3400,8.13,4595739,CC0,https://clevelandart.org/art/2007.2.2
cleveland,165266,data/raw/cleveland/images/cma_165266.jpg,Textile Fragments ,Textile,cotton and camelid fiber,moche,Intermedio Temprano,100,800,costa norte,False,"Peru, Moche, north coast",c. 50–650 CE,50,650,2288,3400,7.78,4339248,CC0,https://clevelandart.org/art/2007.2
cleveland,119676,data/raw/cleveland/images/cma_119676.jpg,Mantle,Textile,embroidery on wool ground,paracas,Horizonte Temprano,-800,100,costa sur,False,"Peru, South Coast, Paracas",c. 600–400 BCE,-600,-400,3400,1163,3.95,2739039,CC0,https://clevelandart.org/art/1940.515
cleveland,119677,data/raw/cleveland/images/cma_119677.jpg,"Mummy Bundle ""Mask""",Textile,"cotton and pigment, plain weave",paracas,Horizonte Temprano,-800,100,costa sur,False,"Peru, South Coast, Ica Valley, Ocucaje site, Paracas style",200–1 BCE,-200,1,1251,3320,4.15,2866042,CC0,https://clevelandart.org/art/1940.516
cleveland,119678,data/raw/cleveland/images/cma_119678.jpg,"Mummy Bundle ""Mask""",Textile,"plain warp-faced cloth, painted",paracas,Horizonte Temprano,-800,100,costa sur,False,"Peru, South Coast, Ica Valley, Ocucaje site, Paracas style",200 BCE–1 CE,-200,1,1415,3400,4.81,3859418,CC0,https://clevelandart.org/art/1940.517
cleveland,119675,data/raw/cleveland/images/cma_119675.jpg,Tunic,Textile,looped camelid fiber,paracas,Horizonte Temprano,-800,100,costa sur,True,"Peru, South Coast, Ica Valley, Ocucaje site?, Paracas people",400–200 BCE,-400,-200,1341,1536,2.06,2021024,CC0,https://clevelandart.org/art/1940.514
cleveland,119682,data/raw/cleveland/images/cma_119682.jpg,"Mummy Bundle ""Mask""",Textile,"cotton: plain warp-faced cloth, painted",paracas,Horizonte Temprano,-800,100,costa sur,False,"Peru, South Coast, Ica Valley, Ocucaje site, Paracas style",200–1 BCE,-200,1,1921,3400,6.53,2760146,CC0,https://clevelandart.org/art/1940.520
cleveland,169189,data/raw/cleveland/images/cma_169189.jpg,Tunic,Textile,white cotton; plain weave with supplementary weft brocading,chimu,Intermedio Tardio,900,1470,no determinada,False,"Peru, Chimú or Chimú-Inka, 12th-16th century",1100–1532,1100,1532,3400,1417,4.82,1272346,CC0,https://clevelandart.org/art/2011.111.1
cleveland,164419,data/raw/cleveland/images/cma_164419.jpg,"Peruvian Textiles: Mantle or Hanging, Loincloth, Turban, Padded Hat, Band with Tassels",Textile,"cotton; plain weave, brocaded and complex alternating gauze with 3 or 5 shots of plain weave between gauze shots",chimu,Intermedio Tardio,900,1470,costa norte,False,"Peru, North Coast, Chimú style, 1200-1460s",1405–1640,1405,1640,3400,2031,6.91,2590065,CC0,https://clevelandart.org/art/2005.5
cleveland,169188,data/raw/cleveland/images/cma_169188.jpg,Tunic and Band,Textile,white cotton; plain weave with supplementary weft brocading,chimu,Intermedio Tardio,900,1470,no determinada,False,"Peru, Chimú or Chimú-Inka, 12th-16th century",1100–1532,1100,1532,3400,3207,10.9,1951184,CC0,https://clevelandart.org/art/2011.111
cleveland,119691,data/raw/cleveland/images/cma_119691.jpg,Headcloth,Textile,embroidery on tabby cloth; needle reseau and fringe at border,paracas,Horizonte Temprano,-800,100,costa sur,False,"Peru, South Coast, Paracas, Middle Period, c. 600-400 BC (Early Horizon, Epoch 10)",c. 600–400 BCE,-600,-400,3400,801,2.72,2298449,CC0,https://clevelandart.org/art/1940.529
cleveland,134604,data/raw/cleveland/images/cma_134604.jpg,Tunic,Textile,tapestry; cotton and camelid fiber,inca,Horizonte Tardio,1400,1533,no determinada,False,"Peru, Inca, 15th-16th century",c. 1400–1540,1400,1540,3066,3400,10.42,9825410,CC0,https://clevelandart.org/art/1957.136
cleveland,163708,data/raw/cleveland/images/cma_163708.jpg,Tunic with Profile Animals and Checkerboards,Textile,cotton; dye-patterned plain weave,paracas,Horizonte Temprano,-800,100,costa sur,True,"Peru, South Coast, Paracas or Nasca?","410–540 CE (radiocarbon date, 93% probability)",410,540,3400,2513,8.54,4673977,CC0,https://clevelandart.org/art/2005.16
cleveland,162398,data/raw/cleveland/images/cma_162398.jpg,Feathered Panel,Textile,Papagayo macaw feathers knotted onto strings and stitched to cotton plain-weave cloth; camelid fiber plain-weave cloth upper tape,no determinada,no determinado,,,costa sur,False,"Peru, Far South Coast, Pampa Ocoña, 7th-10th century",600–900,600,900,3400,1270,4.32,4095940,CC0,https://clevelandart.org/art/2002.93
cleveland,119688,data/raw/cleveland/images/cma_119688.jpg,"Mummy Bundle ""Mask""",Textile,"plain warp-faced cloth, painted: cotton",paracas,Horizonte Temprano,-800,100,costa sur,False,"Peru, South Coast, Ica Valley, Ocucaje site, Paracas style (700 BCE–1 CE)",200–1 BCE,-200,1,2227,3400,7.57,6997620,CC0,https://clevelandart.org/art/1940.526
cleveland,119680,data/raw/cleveland/images/cma_119680.jpg,"Mummy Bundle ""Mask""",Textile,"plain warp-faced cloth, painted: cotton",paracas,Horizonte Temprano,-800,100,costa sur,False,"Peru, South Coast, Ica Valley, Ocucaje site, Paracas style (700 BCE–1 CE)",200–1 BCE,-200,1,1861,3400,6.33,6063000,CC0,https://clevelandart.org/art/1940.519
cleveland,126684,data/raw/cleveland/images/cma_126684.jpg,Tunic with Profile Animal and Human Heads,Textile,tapestry weave: wool,wari,Horizonte Medio,600,1000,costa sur,False,"Peru, South Coast, Wari Culture, Middle Horizon, 8th-12th Century",c. 700–1100,700,1100,3390,3396,11.51,12752761,CC0,https://clevelandart.org/art/1949.12
cleveland,119684,data/raw/cleveland/images/cma_119684.jpg,"Mummy Bundle ""Mask""",Textile,"plain warp-faced cloth, painted: cotton",paracas,Horizonte Temprano,-800,100,costa sur,False,"Peru, South Coast, Ica Valley, Ocucaje site, Paracas style (700 BCE–1 CE)","170 BCE–70 CE (radiocarbon date, 95% probability)",-170,70,1878,3400,6.39,5624529,CC0,https://clevelandart.org/art/1940.522
cleveland,119687,data/raw/cleveland/images/cma_119687.jpg,"Mummy Bundle ""Mask""",Textile,"plain warp-faced cloth, painted: cotton",paracas,Horizonte Temprano,-800,100,costa sur,False,"Peru, South Coast, Ica Valley, Ocucaje site, Paracas style (700 BCE–1 CE)",200–1 BCE,-200,1,2143,3400,7.29,7137671,CC0,https://clevelandart.org/art/1940.525
cleveland,119679,data/raw/cleveland/images/cma_119679.jpg,"Mummy Bundle ""Mask""",Textile,"warp-faced cloth, painted: cotton",paracas,Horizonte Temprano,-800,100,costa sur,False,"Peru, South Coast, Ica Valley, Ocucaje site, Paracas style (700 BCE–1 CE)",200 BCE–1 CE,-200,1,2030,3400,6.9,6553209,CC0,https://clevelandart.org/art/1940.518
cleveland,155934,data/raw/cleveland/images/cma_155934.jpg,Tapestry Fragment,Tapestry,"camelid fiber and cotton, tapestry weave",sican,Intermedio Tardio,800,1350,costa norte,False,"Peru, North Coast, Lambayeque (Sicán) people",700–1370s,700,1379,1482,3400,5.04,2577051,CC0,https://clevelandart.org/art/1991.223
cleveland,163640,data/raw/cleveland/images/cma_163640.jpg,"Textile Fragment with Frontal Deity Heads, Felines, and Interlace Pattern",Textile,camelid fiber; double-cloth with structural embroidery,paracas,Horizonte Temprano,-800,100,costa sur,True,"Peru, South Coast, Paracas, Yauca Valley(?)",700–400 BCE,-700,-400,917,3400,3.12,1386377,CC0,https://clevelandart.org/art/2005.14
cleveland,119652,data/raw/cleveland/images/cma_119652.jpg,Painted Wrapping for Mummy,Textile,"plain cloth, painted; cotton",chancay,Intermedio Tardio,1000,1470,costa central,False,"Peru, Central Coast, Chancay, 12th-15th century",c.1100–1400 A.D.,1100,1400,3400,1015,3.45,3327132,CC0,https://clevelandart.org/art/1940.494
cleveland,119686,data/raw/cleveland/images/cma_119686.jpg,"Mummy Bundle ""Mask""",Textile,"cotton and pigment, plain weave",paracas,Horizonte Temprano,-800,100,costa sur,False,"Peru, South Coast, Ica Valley, Ocucaje site, Paracas style (700 BCE–1 CE)",400–200 BCE,-400,-200,2075,3400,7.05,3760719,CC0,https://clevelandart.org/art/1940.524
cleveland,119683,data/raw/cleveland/images/cma_119683.jpg,"Mummy Bundle ""Mask""",Textile,"cotton and pigment, plain weave",paracas,Horizonte Temprano,-800,100,costa sur,False,"Peru, South Coast, Ica Valley, Ocucaje site, Paracas style (700 BCE–1 CE)",400–200 BCE,-400,-200,2134,3400,7.26,3283266,CC0,https://clevelandart.org/art/1940.521
cleveland,126273,data/raw/cleveland/images/cma_126273.jpg,Border Fragment with Birds and Flowers,Embroidery,"camelid fiber, cross-knit looping (reversible)",nasca,Intermedio Temprano,-100,800,costa sur,False,"Peru, South Coast, Nasca",100 BCE–700 CE,-100,700,3400,1070,3.64,2960402,CC0,https://clevelandart.org/art/1948.482
cleveland,130555,data/raw/cleveland/images/cma_130555.jpg,Large Cloth,Textile,"plain tabby, brocaded: wool and cotton",chimu,Intermedio Tardio,900,1470,costa norte,False,"Peru, North Coast, Chimu-Inka","1460–1632 (radiocarbon date, 95% probability)",1460,1632,3400,1901,6.46,6663469,CC0,https://clevelandart.org/art/1953.288
cleveland,126272,data/raw/cleveland/images/cma_126272.jpg,Border Fragment with Birds and Flowers,Embroidery,embroidery of polychrome wools on cotton foundation,nasca,Intermedio Temprano,-100,800,costa sur,False,"Peru, South Coast, Nasca",100 BCE–700 CE,-100,700,3400,1055,3.59,2918960,CC0,https://clevelandart.org/art/1948.481
cleveland,156237,data/raw/cleveland/images/cma_156237.jpg,Tapestry Panel,Tapestry,"camelid fiber and cotton, tapestry weave",chimu,Intermedio Tardio,900,1470,costa central,False,"Peru, Central Coast, Chancay-Chimú style, 11th-15th century",1000–1460s,1000,1469,1774,3400,6.03,4828142,CC0,https://clevelandart.org/art/1992.103
cleveland,152334,data/raw/cleveland/images/cma_152334.jpg,Mantle Border Fragment with Oculate Being,Embroidery,"camelid fiber, embroidery over foundation cloth",paracas,Horizonte Temprano,-800,100,costa sur,False,"Peru, South Coast, Paracas (Cavernas) style (700 BCE–1 CE)",200 BCE–200 CE,-200,200,690,3400,2.35,1923858,CC0,https://clevelandart.org/art/1985.193
cleveland,126269,data/raw/cleveland/images/cma_126269.jpg,Border Fragment with Birds and Flowers,Embroidery,"camelid fiber, cross-knit looping (reversible)",nasca,Intermedio Temprano,-100,800,costa sur,False,"Peru, South Coast, Nasca",100 BCE–700 CE,-100,700,3400,1100,3.74,3043297,CC0,https://clevelandart.org/art/1948.479
cleveland,124412,data/raw/cleveland/images/cma_124412.jpg,Four-Cornered Hat,Textile,needle network with cut pile: cotton and wool; reseau for top: cotton,wari,Horizonte Medio,600,1000,costa sur,False,"Peru, South Coast, Wari Culture, Middle Horizon, 8th-11th Century",c. 700–1100 A.D.,700,1100,3400,2762,9.39,5652604,CC0,https://clevelandart.org/art/1945.378
cleveland,119689,data/raw/cleveland/images/cma_119689.jpg,"Mummy Bundle ""Mask""",Textile,Cotton and pigment; plain weave,paracas,Horizonte Temprano,-800,100,costa sur,False,"Peru, South Coast, Ica Valley, Ocucaje site, Paracas style (700 BCE–1 CE)",400–200 BCE,-400,-200,2078,3400,7.07,2797613,CC0,https://clevelandart.org/art/1940.527
cleveland,119685,data/raw/cleveland/images/cma_119685.jpg,"Mummy Bundle ""Mask""",Textile,Cotton and pigment; plain weave,paracas,Horizonte Temprano,-800,100,costa sur,False,"Peru, South Coast, Ica Valley, Ocucaje site, Paracas style (700 BCE–1 CE)",400–200 BCE,-400,-200,1986,3400,6.75,3048517,CC0,https://clevelandart.org/art/1940.523
cleveland,163622,data/raw/cleveland/images/cma_163622.jpg,Textile Fragment with Three Frontal Deities and Interlace Pattern,Textile,camelid fiber; double-cloth with structural embroidery,paracas,Horizonte Temprano,-800,100,costa sur,True,"Peru, South Coast, Paracas (700 BC -AD 1), Yauca Valley?",700–400 BCE,-700,-400,797,3400,2.71,1510195,CC0,https://clevelandart.org/art/2005.13
cleveland,119656,data/raw/cleveland/images/cma_119656.jpg,Dress,Textile,camelid fiber; tapestry and complementary-weft weave,chuquibamba,Intermedio Tardio,1000,1470,costa sur,False,"Peru, South Highlands or South Coast, Chuquibamba style, 12th-16th century",c. 1100–1532,1100,1532,3400,3077,10.46,8979370,CC0,https://clevelandart.org/art/1940.498
cleveland,134948,data/raw/cleveland/images/cma_134948.jpg,Tapestry Square Panel,Tapestry,tapestry with interlocked wefts: wool and cotton,wari,Horizonte Medio,600,1000,costa sur,False,"Peru, South Coast, Wari Culture, Middle Horizon, 8th-12th Century",c. 700–1100,700,1100,3361,3400,11.43,11163153,CC0,https://clevelandart.org/art/1957.495
cleveland,294068,data/raw/cleveland/images/cma_294068.jpg,Head Cloth,Textile,Cotton,chancay,Intermedio Tardio,1000,1470,costa central,False,"Central Andes, central coast, Chancay people",1000–1460s,1000,1470,3400,3228,10.98,5988872,CC0,https://clevelandart.org/art/2017.60
cleveland,157111,data/raw/cleveland/images/cma_157111.jpg,Triple Cloth,Textile,triple cloth: wool,recuay,Intermedio Temprano,100,700,no determinada,False,"Peru, Recuay",400 BCE–700 CE,-400,700,1536,2002,3.08,3121868,CC0,https://clevelandart.org/art/1993.242
cleveland,119655,data/raw/cleveland/images/cma_119655.jpg,Fragmentary Mantle,Textile,"tapestry and fancy twill, brocaded; twill",ica,Intermedio Tardio,1000,1470,costa sur,True,"Peru, South Coast, Ica Valley ?, Inca Culture, 15th-16th century",c. 1400–1532,1400,1532,3400,1557,5.29,5150362,CC0,https://clevelandart.org/art/1940.497
cleveland,157112,data/raw/cleveland/images/cma_157112.jpg,Double Cloth,Textile,wool,recuay,Intermedio Temprano,100,700,no determinada,False,"Peru, Recuay",400 BCE–700 CE,-400,700,1536,1931,2.97,3095171,CC0,https://clevelandart.org/art/1993.243
cleveland,126271,data/raw/cleveland/images/cma_126271.jpg,Border Fragment with Birds and Flowers,Embroidery,"camelid fiber, cross-knit looping (reversible)",nasca,Intermedio Temprano,-100,800,costa sur,False,"Peru, South Coast, Nasca",100 BCE–700 CE,-100,700,3400,1052,3.58,2916048,CC0,https://clevelandart.org/art/1948.480
cleveland,137312,data/raw/cleveland/images/cma_137312.jpg,Embroidered Fragment,Embroidery,wool embroidery on wool tabby ground,paracas,Horizonte Temprano,-800,100,costa sur,False,"Peru, South Coast, Paracas",c. 650–100 BCE,-650,-100,3400,2948,10.02,7135957,CC0,https://clevelandart.org/art/1962.240
cleveland,165273,data/raw/cleveland/images/cma_165273.jpg,Loose Textile Fragments,Textile,cotton and camelid fiber,moche,Intermedio Temprano,100,800,costa norte,False,"Peru, Moche, north coast",c. 50–650 CE,50,650,3390,3400,11.53,3316334,CC0,https://clevelandart.org/art/2007.2.7
cleveland,134395,data/raw/cleveland/images/cma_134395.jpg,Tunic,Textile,tapestry; interlocked wefts and areas of eccentric weaving: wool and cotton,wari,Horizonte Medio,600,1000,costa sur,False,"Peru, South Coast, Wari Culture, Middle Horizon, 8th-12th Century",c. 700–1100,700,1100,3400,3230,10.98,10645263,CC0,https://clevelandart.org/art/1956.84
cleveland,119694,data/raw/cleveland/images/cma_119694.jpg,Mummy Bundle Turban,Textile,"cotton, reed, wool, fur, feathers and other fibers",paracas,Horizonte Temprano,-800,100,costa sur,False,"Peru, South Coast, Paracas, 200 BC - AD 200, modern assembly",c. 650–100 BCE,-650,-100,1465,3400,4.98,1814188,CC0,https://clevelandart.org/art/1940.531
cleveland,114131,data/raw/cleveland/images/cma_114131.jpg,Fish-Shaped Applique,Textile,"cotton and camelid fiber, tapestry weave with areas of eccentric weft floats",pachacamac,Horizonte Medio,600,1100,costa central,False,"Central Andes, Central Coast, Ychsma (Pachacamac) people",1400–1532,1400,1532,3400,1642,5.58,2400517,CC0,https://clevelandart.org/art/1933.392
cleveland,165184,data/raw/cleveland/images/cma_165184.jpg,Tunic with Sacrificer,Textile,"camelid-fiber, cotton; tapestry weave",wari,Horizonte Medio,600,1000,no determinada,False,"South America, Peru, Central Andes, Middle Horizon, Wari people, 7th-11th century",600–1000,600,1000,3400,3320,11.29,10256644,CC0,https://clevelandart.org/art/2007.179
cleveland,126268,data/raw/cleveland/images/cma_126268.jpg,Border Fragment,Embroidery,embroidery in polychrome wools on cotton foundation,nasca,Intermedio Temprano,-100,800,costa sur,False,"Peru, South Coast, Nasca",100 BCE–700 CE,-100,700,3400,3018,10.26,7167270,CC0,https://clevelandart.org/art/1948.478
cleveland,134765,data/raw/cleveland/images/cma_134765.jpg,Fragment,Textile,interlocking warp and weft: wool,nasca,Intermedio Temprano,-100,800,costa sur,False,"Peru, South Coast, Nasca-Huari style",c. 600–700,600,700,3400,1786,6.07,5948840,CC0,https://clevelandart.org/art/1957.340
cleveland,163724,data/raw/cleveland/images/cma_163724.jpg,Tunic with Double-headed Serpents,Textile,cotton; gauze,paracas,Horizonte Temprano,-800,100,costa sur,True,"Peru, South Coast, Ica Valley, Ocucaje site?, Paracas people (700 BCE-1 CE)",400–200 BCE,-400,-200,3250,3400,11.05,6106259,CC0,https://clevelandart.org/art/2005.17
cleveland,159839,data/raw/cleveland/images/cma_159839.jpg,Four-Cornered Hat,Textile,alpaca,tiwanaku,Horizonte Medio,500,1000,altiplano,False,"Peru, South Andes or Chile, Northern Andes, Tiwanaku style, 5th-10th Century",c. 400–1000,400,1000,3400,3017,10.26,1026172,CC0,https://clevelandart.org/art/1997.150
cleveland,108034,data/raw/cleveland/images/cma_108034.jpg,Fragment of a Double Cloth,Textile,"tabby weave, double cloth; cotton",chancay,Intermedio Tardio,1000,1470,costa central,False,"Peru, Central Coast, Chancay, 12th-15th century",c. 1100–1400,1100,1400,2595,3400,8.82,7501319,CC0,https://clevelandart.org/art/1925.661
cleveland,124413,data/raw/cleveland/images/cma_124413.jpg,Mantle Corner Fragment,Textile,cotton and camelid fiber; plain weave with supplementary weft (brocade),wari,Horizonte Medio,600,1000,costa sur,False,"Peru, South Coast, Wari Culture, Middle Horizon, 8th-11th Century",700–1100 A.D.,700,1100,3400,3390,11.53,11412411,CC0,https://clevelandart.org/art/1945.379
cleveland,126796,data/raw/cleveland/images/cma_126796.jpg,Four-Cornered Hat,Textile,"sides: cotton and wool plain cloth, brocaded; top: wool fancy cloth (?)",wari,Horizonte Medio,600,1000,costa sur,False,"Peru, South Coast, Wari Culture, Middle Horizon, 8th-12th Century",c. 700–1100,700,1100,3321,3036,10.08,2205398,CC0,https://clevelandart.org/art/1949.193
cleveland,159633,data/raw/cleveland/images/cma_159633.jpg,Fragment of a Belt,Textile,camelid wool; tapestry,tiwanaku,Horizonte Medio,500,1000,altiplano,False,"Peru, South Andes, Tiwanaku style",c. 400,395,405,3400,502,1.71,381501,CC0,https://clevelandart.org/art/1996.348.a
cleveland,125095,data/raw/cleveland/images/cma_125095.jpg,Mantle Corner Fragment,Textile,cotton and camelid fiber; plain weave with supplementary weft (brocade),wari,Horizonte Medio,600,1000,costa sur,False,"Peru, South Coast, Wari Culture, Middle Horizon, 8th-12th Century",c. 700–1100,700,1100,3267,3400,11.11,11419856,CC0,https://clevelandart.org/art/1946.75
cleveland,125339,data/raw/cleveland/images/cma_125339.jpg,Four-Cornered Hat,Textile,needle network with and without cut pile: cotton and wool,wari,Horizonte Medio,600,1000,costa sur,False,"Peru, South Coast, Wari Culture, Tiwanaku Style, Middle Horizon, 8th-12th Century",c. 700–1100 A.D.,700,1100,3400,2900,9.86,5699330,CC0,https://clevelandart.org/art/1947.291
cleveland,108044,data/raw/cleveland/images/cma_108044.jpg,Textile Bag,Textile,"tabby weave, warp patterned; wool",pachacamac,Horizonte Medio,600,1100,costa central,False,"Peru, Central Coast, Chancay, Pachacamac, 12th-15th century",c. 1100–1400,1100,1400,2827,3400,9.61,6867563,CC0,https://clevelandart.org/art/1925.669
cleveland,102924,data/raw/cleveland/images/cma_102924.jpg,Fragment of a Border,Textile,cotton plain cloth embroidered in wool outline stitch,paracas,Horizonte Temprano,-800,100,costa sur,False,"Peru, South Coast, Paracas, Late Period",300–100 BCE,-300,-100,1153,3400,3.92,3724961,CC0,https://clevelandart.org/art/1921.1550
cleveland,108038,data/raw/cleveland/images/cma_108038.jpg,Large Cloth,Textile,plain cloth with overlaid tapestry-like decoration; cotton and wool,chimu,Intermedio Tardio,900,1470,costa norte,False,"Peru, North Coast, Chimú Culture, 12th-15th century",c. 1100–1400,1100,1400,3400,896,3.05,2650093,CC0,https://clevelandart.org/art/1925.665
cleveland,302272,data/raw/cleveland/images/cma_302272.jpg,Sleeved Tunic,Textile,"Cotton, camelid fiber",chancay,Intermedio Tardio,1000,1470,costa central,False,"Central Andes, central coast, Chancay people",1460s–1532,1460,1532,3400,1292,4.39,1172744,CC0,https://clevelandart.org/art/2017.193
cleveland,108026,data/raw/cleveland/images/cma_108026.jpg,Fragment,Textile,"tabby, brocaded; cotton",chancay,Intermedio Tardio,1000,1470,costa central,False,"Peru, Central Coast, Chancay, 12th-15th century",c. 1100–1400,1100,1400,3400,2618,8.9,7989564,CC0,https://clevelandart.org/art/1925.654
cleveland,163781,data/raw/cleveland/images/cma_163781.jpg,Fragment of a Mantle with Oculate Being,Textile,cotton; double-cloth,paracas,Horizonte Temprano,-800,100,costa sur,True,"Peru, South Coast, Paracas, Carhua?",200–1 BCE,-200,1,3400,2422,8.23,6832139,CC0,https://clevelandart.org/art/2005.19
cleveland,159632,data/raw/cleveland/images/cma_159632.jpg,Fragments of a Belt,Textile,camelid wool; tapestry,tiwanaku,Horizonte Medio,500,1000,altiplano,False,"Peru, South Andes, Tiwanaku style",c. 400,395,405,3400,1147,3.9,650699,CC0,https://clevelandart.org/art/1996.348
cleveland,159634,data/raw/cleveland/images/cma_159634.jpg,Fragment of a Belt,Textile,camelid wool; tapestry,tiwanaku,Horizonte Medio,500,1000,altiplano,False,"Peru, South Andes, Tiwanaku style",c. 400,395,405,3400,724,2.46,531885,CC0,https://clevelandart.org/art/1996.348.b
cleveland,152819,data/raw/cleveland/images/cma_152819.jpg,Two Tapestry-woven Panel Fragments,Tapestry,"camelid fiber and cotton, tapestry weave",chimu,Intermedio Tardio,900,1470,costa norte,False,"Central Andes, North Coast, Chimú people",1000–1460s,1000,1469,2097,3400,7.13,4562443,CC0,https://clevelandart.org/art/1985.7
cleveland,114132,data/raw/cleveland/images/cma_114132.jpg,Tie-Dyed Fragment,Textile,"discontinuous warp and weft, tie-dyed; wool",wari,Horizonte Medio,600,1000,costa sur,False,"Peru, South Coast, Wari Culture, Middle Horizon, 8th-12th Century",c. 700–1100 A.D.,700,1100,3400,1474,5.01,4698459,CC0,https://clevelandart.org/art/1933.393
cleveland,155505,data/raw/cleveland/images/cma_155505.jpg,Textile Fragment,Textile,"slit tapestry, cotton warp, camelid-fiber wefts",no determinada,no determinado,,,costa norte,False,"Peru, North Coast, 9th-12th Century",800–1100,800,1100,3400,3126,10.63,4219148,CC0,https://clevelandart.org/art/1990.225
cleveland,104242,data/raw/cleveland/images/cma_104242.jpg,Four Border Strips,Textile,plain compound cloth; cotton,chancay,Intermedio Tardio,1000,1470,costa central,False,"Peru, Central Coast, Chancay, 12th-15th century",c. 1100–1400,1100,1400,3400,1019,3.46,1590105,CC0,https://clevelandart.org/art/1922.395.a
cleveland,104250,data/raw/cleveland/images/cma_104250.jpg,Three Border Fragments,Textile,"tabby, brocaded; cotton and wool",chancay,Intermedio Tardio,1000,1470,costa central,False,"Peru, Central Coast, Chancay, 12th-15th century",c. 1100–1400,1100,1400,3400,2504,8.51,4064459,CC0,https://clevelandart.org/art/1922.397
cleveland,156520,data/raw/cleveland/images/cma_156520.jpg,Textile,Textile,double cloth,chancay,Intermedio Tardio,1000,1470,costa central,False,"Peru, Central Coast, Chancay, 12th-15th century",c. 1100–1400,1100,1400,3400,1574,5.35,2698042,CC0,https://clevelandart.org/art/1992.231.2
cleveland,104240,data/raw/cleveland/images/cma_104240.jpg,Border Strip,Textile,tabby weave with supplementary pattern weft; cotton,chancay,Intermedio Tardio,1000,1470,costa central,False,"Peru, Central Coast, Chancay, 12th-15th century",c. 1100–1400,1100,1400,3400,727,2.47,2341726,CC0,https://clevelandart.org/art/1922.394
cleveland,104253,data/raw/cleveland/images/cma_104253.jpg,Three Border Fragments,Textile,"tabby, brocaded; cotton and wool",chancay,Intermedio Tardio,1000,1470,costa central,False,"Peru, Central Coast, Chancay, 12th-15th century",c. 1100–1400,1100,1400,3400,1029,3.5,1890202,CC0,https://clevelandart.org/art/1922.397.c
cleveland,149062,data/raw/cleveland/images/cma_149062.jpg,Fragment,Textile,tapestry: cotton and wool,chancay,Intermedio Tardio,1000,1470,costa central,False,"Peru, Central Coast, Chancay, 12th-15th century",c. 1100–1400,1100,1400,3400,2400,8.16,7584566,CC0,https://clevelandart.org/art/1977.190
cleveland,104244,data/raw/cleveland/images/cma_104244.jpg,Four Border Strips,Textile,plain compound cloth; cotton,chancay,Intermedio Tardio,1000,1470,costa central,False,"Peru, Central Coast, Chancay, 12th-15th century",c. 1100–1400,1100,1400,3400,1104,3.75,1643469,CC0,https://clevelandart.org/art/1922.395.c
cleveland,104246,data/raw/cleveland/images/cma_104246.jpg,Three Fragments of a Border,Textile,"tabby with inset border of fancy twill, brocaded; cotton and wool",chancay,Intermedio Tardio,1000,1470,costa central,False,"Peru, Central Coast, Chancay, 12th-15th century",c. 1100–1400,1100,1400,3049,3400,10.37,4810995,CC0,https://clevelandart.org/art/1922.396
cleveland,104243,data/raw/cleveland/images/cma_104243.jpg,Four Border Strips,Textile,plain compound cloth; cotton,chancay,Intermedio Tardio,1000,1470,costa central,False,"Peru, Central Coast, Chancay, 12th-15th century",c. 1100–1400,1100,1400,3400,1072,3.64,1649529,CC0,https://clevelandart.org/art/1922.395.b
cleveland,163676,data/raw/cleveland/images/cma_163676.jpg,Textile Fragment with Interlace Pattern,Textile,camelid fiber and cotton; brocaded plain-weave,paracas,Horizonte Temprano,-800,100,costa sur,True,"Peru, South Coast, Paracas, Yauca Valley(?)",700–400 BCE,-700,-400,3400,1459,4.96,4409811,CC0,https://clevelandart.org/art/2005.15
cleveland,104241,data/raw/cleveland/images/cma_104241.jpg,Four Border Strips,Textile,plain compound cloth; cotton,chancay,Intermedio Tardio,1000,1470,costa central,False,"Peru, Central Coast, Chancay, 12th-15th century",c. 1100–1400,1100,1400,2802,3400,9.53,4152614,CC0,https://clevelandart.org/art/1922.395
cleveland,104245,data/raw/cleveland/images/cma_104245.jpg,Four Border Strips,Textile,plain compound cloth; cotton,chancay,Intermedio Tardio,1000,1470,costa central,False,"Peru, Central Coast, Chancay, 12th-15th century",c. 1100–1400,1100,1400,3400,1048,3.56,1513577,CC0,https://clevelandart.org/art/1922.395.d
cleveland,104251,data/raw/cleveland/images/cma_104251.jpg,Three Border Fragments,Textile,"tabby, brocaded; cotton and wool",chancay,Intermedio Tardio,1000,1470,costa central,False,"Peru, Central Coast, Chancay, 12th-15th century",c. 1100–1400,1100,1400,3400,830,2.82,1446270,CC0,https://clevelandart.org/art/1922.397.a
cleveland,156519,data/raw/cleveland/images/cma_156519.jpg,Textile,Textile,tapestry weave,chancay,Intermedio Tardio,1000,1470,costa central,False,"Peru, Central Coast, Chancay, 12th-15th century",c. 1100–1400,1100,1400,3400,1420,4.83,2050421,CC0,https://clevelandart.org/art/1992.231.1
cleveland,108033,data/raw/cleveland/images/cma_108033.jpg,Unfinished Cloth,Textile,tapestry weave; cotton and wool,pachacamac,Horizonte Medio,600,1100,costa central,False,"Peru, Central Coast, Chancay, Pachacamac, 12th-15th century",c. 1100–1400,1100,1400,2595,3400,8.82,8039035,CC0,https://clevelandart.org/art/1925.660
cleveland,104234,data/raw/cleveland/images/cma_104234.jpg,Fragment Composed of Two Fabrics Joined,Textile,plain compound twill and plain compound tabby; cotton,chancay,Intermedio Tardio,1000,1470,costa central,False,"Peru, Central Coast, Chancay, 12th-15th century",c. 1100–1400,1100,1400,3400,2702,9.19,7700953,CC0,https://clevelandart.org/art/1922.389
cleveland,104236,data/raw/cleveland/images/cma_104236.jpg,Fragment formed of Four Separate Fabrics Joined,Textile,"two pieces plain cloth, two pieces compound twill; cotton",chancay,Intermedio Tardio,1000,1470,costa central,False,"Peru, Central Coast, Chancay, 12th-15th century",c. 1100–1400,1100,1400,3400,2231,7.59,6834704,CC0,https://clevelandart.org/art/1922.390
cleveland,104249,data/raw/cleveland/images/cma_104249.jpg,Three Fragments of a Border,Textile,"tabby with inset border of fancy twill, brocaded; cotton and wool",chancay,Intermedio Tardio,1000,1470,costa central,False,"Peru, Central Coast, Chancay, 12th-15th century",c. 1100–1400,1100,1400,3400,1107,3.76,1834695,CC0,https://clevelandart.org/art/1922.396.c
cleveland,163758,data/raw/cleveland/images/cma_163758.jpg,Panel from the End of a Sash,Textile,cotton; camelid fiber; tapestry and plain-weave,paracas,Horizonte Temprano,-800,100,costa sur,True,"Peru, South Coast, Paracas, Carhua or Chucho?",700–1 BCE,-700,1,3400,2214,7.53,6199875,CC0,https://clevelandart.org/art/2005.18
cleveland,104247,data/raw/cleveland/images/cma_104247.jpg,Three Fragments of a Border,Textile,"tabby with inset border of fancy twill, brocaded; cotton and wool",chancay,Intermedio Tardio,1000,1470,costa central,False,"Peru, Central Coast, Chancay, 12th-15th century",c. 1100–1400,1100,1400,3400,1184,4.03,1945360,CC0,https://clevelandart.org/art/1922.396.a
cleveland,169190,data/raw/cleveland/images/cma_169190.jpg,Band,Textile,white cotton; plain weave,chimu,Intermedio Tardio,900,1470,no determinada,False,"Peru, Chimú or Chimú-Inka, 12th-16th century",1100–1532,1100,1532,1568,3400,5.33,1447136,CC0,https://clevelandart.org/art/2011.111.2
cleveland,104252,data/raw/cleveland/images/cma_104252.jpg,Three Border Fragments,Textile,"tabby, brocaded; cotton and wool",chancay,Intermedio Tardio,1000,1470,costa central,False,"Peru, Central Coast, Chancay, 12th-15th century",c. 1100–1400,1100,1400,3400,1023,3.48,1787596,CC0,https://clevelandart.org/art/1922.397.b
cleveland,104238,data/raw/cleveland/images/cma_104238.jpg,Fragment,Textile,"plain cloth, brocaded; cotton",chimu,Intermedio Tardio,900,1470,costa norte,False,"Peru, North Coast, Chimú Culture, 12th-15th century",c. 1100–1400,1100,1400,1665,3400,5.66,4967118,CC0,https://clevelandart.org/art/1922.392
cleveland,126795,data/raw/cleveland/images/cma_126795.jpg,Four-Cornered Hat,Textile,camelid fiber,ica,Intermedio Tardio,1000,1470,costa sur,False,"Peru, South Coast, Ica Valley, Inca Culture, 15th-16th century",c. 1400–1532,1400,1532,3355,2822,9.47,2053151,CC0,https://clevelandart.org/art/1949.192
cleveland,166766,data/raw/cleveland/images/cma_166766.jpg,Loincloth with Feather(?) Motifs,Textile,"plain weave, tapestry weave; cotton, camelid fiber",chimu,Intermedio Tardio,900,1470,no determinada,True,"Peru, Central Andes, Chimú or Chimú-Inka, 11th-16th century",1000–1532,1000,1532,2925,3400,9.95,7992557,CC0,https://clevelandart.org/art/2008.58
cleveland,104390,data/raw/cleveland/images/cma_104390.jpg,Fragment from a Mantle,Textile,"tabby, brocaded; border: single-face pattern weave (fancy twill); cotton and wool",chimu,Intermedio Tardio,900,1470,costa norte,False,"Peru, North Coast, Chimú Culture, 12th-15th century",c. 1100–1400,1100,1400,3400,2804,9.53,8128866,CC0,https://clevelandart.org/art/1922.517
cleveland,160692,data/raw/cleveland/images/cma_160692.jpg,Trapezoidal Bag,Textile,alpaca wool,no determinada,no determinado,,,costa sur,False,"Peru, South Coast, Arica culture, or Chile, North Coast, 13th-15th century",1200–1400,1200,1400,1536,1785,2.74,2459137,CC0,https://clevelandart.org/art/1998.53
cleveland,160691,data/raw/cleveland/images/cma_160691.jpg,Trapezoidal Bag,Textile,alpaca wool,no determinada,no determinado,,,costa sur,False,"Peru, South Coast, Arica culture, or Chile, North Coast, 13th-15th century",1200–1400,1200,1400,1536,1944,2.99,2739356,CC0,https://clevelandart.org/art/1998.52
cleveland,119693,data/raw/cleveland/images/cma_119693.jpg,Cloth with Procession of Figures,Textile,cotton and pigment (field); camelid fiber (borders and fringe),nasca,Intermedio Temprano,-100,800,costa sur,False,"Central Andes, South Coast, Nasca people","170 BCE–70 CE (radiocarbon date, 95% probability)",-170,70,3400,927,3.15,554456,CC0,https://clevelandart.org/art/1940.530
cleveland,108042,data/raw/cleveland/images/cma_108042.jpg,Tapestry-woven Yoke from a Tunic,Textile,"camelid fiber and cotton, tapestry weave",moche,Intermedio Temprano,100,800,costa central,True,"Central Andes, North Central Coast, Moche-Wari Style",800–1200?,800,1200,3400,2174,7.39,2671622,CC0,https://clevelandart.org/art/1925.667
cleveland,119653,data/raw/cleveland/images/cma_119653.jpg,Feathered Panel,Textile,"feather ""mosaic"": feathers sewed on coarse cotton cloth",no determinada,no determinado,,,no determinada,False,"Andes, 7th-15th century",600–1500,600,1500,3400,1202,4.09,3068318,CC0,https://clevelandart.org/art/1940.495
cleveland,108043,data/raw/cleveland/images/cma_108043.jpg,Tunic (Shirt) with Tapestry-woven Yoke,Textile,"camelid fiber and cotton; tapestry-weave yoke and chest plaque, plain-weave body",no determinada,no determinado,,,costa central,False,"Central Andes, Northern Central Coast",650–850,650,850,3400,2427,8.25,6134190,CC0,https://clevelandart.org/art/1925.668
cleveland,171611,data/raw/cleveland/images/cma_171611.jpg,Band (Headband?),Textile,Camelid fiber (alpaca; weft) and cotton (warp); tapestry weave,moche,Intermedio Temprano,100,800,no determinada,True,"Central Andes, Moche-Wari Style, mid-7th to mid-9th century",c. 650–850,650,850,3400,1617,5.5,785008,CC0,https://clevelandart.org/art/2014.389
cleveland,292530,data/raw/cleveland/images/cma_292530.jpg,Tunic with Frontal Figures,Textile,Cotton; slit tapestry weave,pachacamac,Horizonte Medio,600,1100,costa central,False,"Central Andes, Central Coast, Ychsma (Pachacamac) people",1400–1532,1400,1532,3400,2236,7.6,2646873,CC0,https://clevelandart.org/art/2016.267
cleveland,164429,data/raw/cleveland/images/cma_164429.jpg,Half of a Sleeved Tunic,Textile,single-interlocked tapestry; cotton warp; camelid fiber weft,wari,Horizonte Medio,600,1000,no determinada,False,"Central Andes, Middle Horizon, Wari, 6th-11th century",c. 500–1000,500,1000,2035,3400,6.92,3426194,CC0,https://clevelandart.org/art/2005.53.a
cleveland,135408,data/raw/cleveland/images/cma_135408.jpg,Feathered Tabard or Tunic,Textile,feather mosaic on cotton,no determinada,no determinado,,,no determinada,False,"Andes, 7th-15th century",600–1500,600,1500,3322,3400,11.29,9926479,CC0,https://clevelandart.org/art/1958.412
cleveland,164428,data/raw/cleveland/images/cma_164428.jpg,Tunic Fragments with Bird-Headed Creature,Textile,"Camelid fiber, cotton; tapestry weave",wari,Horizonte Medio,600,1000,no determinada,False,"Central Andes, Middle Horizon, Wari, 6th-11th century",600–1000,600,1000,3400,2834,9.64,4721978,CC0,https://clevelandart.org/art/2005.53
cleveland,156248,data/raw/cleveland/images/cma_156248.jpg,Feathered Tabard or Tunic,Textile,black and white feathers sewn to cotton tabby ground,no determinada,no determinado,,,no determinada,False,"Andes, 7th-15th century",600–1500,600,1500,3400,2301,7.82,6801820,CC0,https://clevelandart.org/art/1992.104
cleveland,164430,data/raw/cleveland/images/cma_164430.jpg,Half of a Sleeved Tunic,Textile,single-interlocked tapestry; cotton warp; camelid fiber weft,wari,Horizonte Medio,600,1000,no determinada,False,"Central Andes, Middle Horizon, Wari, 6th-11th century",c. 500–1000,500,1000,2052,3400,6.98,3360728,CC0,https://clevelandart.org/art/2005.53.b
cleveland,156260,data/raw/cleveland/images/cma_156260.jpg,Feathered Tabard or Tunic,Textile,polychrome feathers sewn to cotton tabby ground,no determinada,no determinado,,,no determinada,False,"Andes, 7th-15th century",600–1500,600,1500,3400,1852,6.3,6056182,CC0,https://clevelandart.org/art/1992.105
cleveland,119654,data/raw/cleveland/images/cma_119654.jpg,Band,Textile,warp-faced weave: llama wool,no determinada,no determinado,,,costa central,True,"Peru, Central Coast?, Lima?, Early Horizon?",c. 600–400 BCE,-600,-400,1503,3400,5.11,3061268,CC0,https://clevelandart.org/art/1940.496
cleveland,132125,data/raw/cleveland/images/cma_132125.jpg,Lower Border of a Garment,Textile,tapestry; wool and cotton,sican,Intermedio Tardio,800,1350,costa norte,False,"Central Andes, North Coast, Chimú or Lambayeque (Sican) People",1000–1470s,1000,1479,3400,356,1.21,434055,CC0,https://clevelandart.org/art/1954.68
cleveland,125228,data/raw/cleveland/images/cma_125228.jpg,Pouch (Bolsa),Textile,wool,no determinada,no determinado,,,altiplano,False,"Bolivia, Choclla, early 20th century",c. 1900,1895,1905,2333,3400,7.93,7868705,CC0,https://clevelandart.org/art/1947.191
cleveland,125227,data/raw/cleveland/images/cma_125227.jpg,Pouch (Bolsa),Textile,wool with glass beads and sequins,no determinada,no determinado,,,altiplano,False,"Bolivia, Haurina, late 19th century",late 1800s,1890,1899,2633,3400,8.95,8927016,CC0,https://clevelandart.org/art/1947.190
cleveland,125225,data/raw/cleveland/images/cma_125225.jpg,Warp Patterned Cloth,Textile,wool,no determinada,no determinado,,,altiplano,False,"Bolivia, Salinas, late 19th century",late 1800s,1890,1899,3183,3400,10.82,4186320,CC0,https://clevelandart.org/art/1947.189
cleveland,104248,data/raw/cleveland/images/cma_104248.jpg,Three Fragments of a Border,Textile,"tabby with inset border of fancy twill, brocaded; cotton and wool",chancay,Intermedio Tardio,1000,1470,costa central,False,"Peru, Central Coast, Chancay, 12th-15th century",c. 1100–1400,1100,1400,3400,1270,4.32,2068721,CC0,https://clevelandart.org/art/1922.396.b
cleveland,128454,data/raw/cleveland/images/cma_128454.jpg,Half Tunic,Textile,interlocked tapestry; cotton and wool,inca,Horizonte Tardio,1400,1533,costa sur,False,"Peru, South Coast, Inca Culture, Colonial Period, 16th century",16th century,1500,1599,2762,3400,9.39,9073402,CC0,https://clevelandart.org/art/1951.393
cleveland,294034,data/raw/cleveland/images/cma_294034.jpg,Textile Fragment with Cotton Goddess,Textile,"Cotton, pigments",chavin,Horizonte Temprano,-900,-200,costa sur,True,"Andes, south coast, Ica Valley?, Chavín style",800–500 BCE,-800,-500,3400,3140,10.68,6865898,CC0,https://clevelandart.org/art/2017.56
smithsonian/CHNDM,ld1-1643399887910-1643399906208-1,data/raw/smithsonian/images/si_ld1-1643399887910-1643399906208-1.jpg,Fragment of Paracas mantle,Fragment of Paracas mantle | Embroidery (visual works),,paracas,Horizonte Temprano,-800,100,costa sur,False,Peru,,,,3000,3000,9.0,1903550,CC0,https://collection.cooperhewitt.org/view/objects/asitem/id/57042
smithsonian/CHNDM,ld1-1643399887910-1643399924487-1,data/raw/smithsonian/images/si_ld1-1643399887910-1643399924487-1.jpg,Fragment,Textiles,,no determinada,no determinado,,,no determinada,False,Peru,,,,4000,3859,15.44,2770926,CC0,https://collection.cooperhewitt.org/view/objects/asitem/id/109679
smithsonian/CHNDM,ld1-1643399887910-1643399941697-0,data/raw/smithsonian/images/si_ld1-1643399887910-1643399941697-0.jpg,Textile,Textiles,,chancay,Intermedio Tardio,1000,1470,no determinada,False,Chancay | Peru,1500s | 1200s,,,1760,2653,4.67,1861129,CC0,https://collection.cooperhewitt.org/view/objects/asitem/id/145248
smithsonian/CHNDM,ld1-1643399887910-1643399916293-1,data/raw/smithsonian/images/si_ld1-1643399887910-1643399916293-1.jpg,Tunic fragment,Tunic fragment | Textiles,,no determinada,no determinado,,,no determinada,False,Peru,,,,3000,2538,7.61,3682843,CC0,https://collection.cooperhewitt.org/view/objects/asitem/id/79803
smithsonian/CHNDM,ld1-1643399887910-1643399919871-0,data/raw/smithsonian/images/si_ld1-1643399887910-1643399919871-0.jpg,Band,Costume accessories | Costume,,nasca,Intermedio Temprano,-100,800,no determinada,False,Nazca | Peru,,,,906,1903,1.72,1436225,CC0,https://collection.cooperhewitt.org/view/objects/asitem/id/99777
smithsonian/CHNDM,ld1-1643399887910-1643399918971-0,data/raw/smithsonian/images/si_ld1-1643399887910-1643399918971-0.jpg,Fragment,Textiles,,nasca,Intermedio Temprano,-100,800,no determinada,False,Nazca | Peru,,,,946,4000,3.78,1613201,CC0,https://collection.cooperhewitt.org/view/objects/asitem/id/97514
smithsonian/CHNDM,ld1-1643399887910-1643399918314-1,data/raw/smithsonian/images/si_ld1-1643399887910-1643399918314-1.jpg,Fragment,Textiles,,no determinada,no determinado,,,no determinada,False,Peru,1400s | 1000s,,,3000,3000,9.0,3919627,CC0,https://collection.cooperhewitt.org/view/objects/asitem/id/95814
smithsonian/CHNDM,ld1-1643399887910-1643399937893-0,data/raw/smithsonian/images/si_ld1-1643399887910-1643399937893-0.jpg,Band,Textiles,,no determinada,no determinado,,,no determinada,False,Peru,1000s,,,3000,3000,9.0,369686,CC0,https://collection.cooperhewitt.org/view/objects/asitem/id/136808
smithsonian/CHNDM,ld1-1643399887910-1643399935577-0,data/raw/smithsonian/images/si_ld1-1643399887910-1643399935577-0.jpg,Panel,Textiles,,no determinada,no determinado,,,no determinada,False,Peru,1200s,,,1130,2125,2.4,832930,CC0,https://collection.cooperhewitt.org/view/objects/asitem/id/132570
smithsonian/CHNDM,ld1-1643399887910-1643399927133-0,data/raw/smithsonian/images/si_ld1-1643399887910-1643399927133-0.jpg,Mantle fragment,Mantle fragment | Textiles,,no determinada,no determinado,,,altiplano,False,Bolivia | Peru,,,,2353,3000,7.06,3446898,CC0,https://collection.cooperhewitt.org/view/objects/asitem/id/114477
smithsonian/CHNDM,ld1-1643399887910-1643399943359-0,data/raw/smithsonian/images/si_ld1-1643399887910-1643399943359-0.jpg,Panels,Panels | Textiles,,no determinada,no determinado,,,no determinada,False,New York | USA,1920s | 1910s,,,2640,4000,10.56,4277738,CC0,https://collection.cooperhewitt.org/view/objects/asitem/id/149309
smithsonian/CHNDM,ld1-1643399887910-1643399942096-1,data/raw/smithsonian/images/si_ld1-1643399887910-1643399942096-1.jpg,Textile,Textiles,,no determinada,no determinado,,,no determinada,False,Peru,1200s | 1300s,,,3758,4000,15.03,5117016,CC0,https://collection.cooperhewitt.org/view/objects/asitem/id/146507
smithsonian/CHNDM,ld1-1643399887910-1643399919758-0,data/raw/smithsonian/images/si_ld1-1643399887910-1643399919758-0.jpg,Textile,Textiles,,no determinada,no determinado,,,no determinada,False,Peru,1100s | 1400s,,,1050,2049,2.15,888908,CC0,https://collection.cooperhewitt.org/view/objects/asitem/id/99474
smithsonian/CHNDM,ld1-1643399887910-1643399906227-0,data/raw/smithsonian/images/si_ld1-1643399887910-1643399906227-0.jpg,Textile fragment,Textile fragment | Textiles,,no determinada,no determinado,,,no determinada,False,Peru,,,,2667,3000,8.0,2624302,CC0,https://collection.cooperhewitt.org/view/objects/asitem/id/57092
smithsonian/CHNDM,ld1-1643399887910-1643399982955-1,data/raw/smithsonian/images/si_ld1-1643399887910-1643399982955-1.jpg,Textile,Textiles,,no determinada,no determinado,,,no determinada,False,Peru,,,,1419,2382,3.38,1392015,CC0,https://collection.cooperhewitt.org/view/objects/asitem/id/275653
smithsonian/CHNDM,ld1-1643399887910-1643399941696-1,data/raw/smithsonian/images/si_ld1-1643399887910-1643399941696-1.jpg,Textile,Textiles,,no determinada,no determinado,,,no determinada,False,Peru,1500s | 1200s,,,2644,3000,7.93,3701411,CC0,https://collection.cooperhewitt.org/view/objects/asitem/id/145247
smithsonian/CHNDM,ld1-1643399887910-1643399919860-2,data/raw/smithsonian/images/si_ld1-1643399887910-1643399919860-2.jpg,Textile,Textiles,,no determinada,no determinado,,,no determinada,False,Peru,1400s | 1000s,,,1589,2521,4.01,1624677,CC0,https://collection.cooperhewitt.org/view/objects/asitem/id/99750
smithsonian/CHNDM,ld1-1643399887910-1643399930090-0,data/raw/smithsonian/images/si_ld1-1643399887910-1643399930090-0.jpg,Textile,Textiles,,no determinada,no determinado,,,no determinada,False,Peru,1300s | 1000s,,,1684,709,1.19,443526,CC0,https://collection.cooperhewitt.org/view/objects/asitem/id/122556
smithsonian/CHNDM,ld1-1643399887910-1643399905032-0,data/raw/smithsonian/images/si_ld1-1643399887910-1643399905032-0.jpg,Textile,Textiles,,no determinada,no determinado,,,no determinada,False,Peru,1600s | 1690s,,,3000,2907,8.72,4037869,CC0,https://collection.cooperhewitt.org/view/objects/asitem/id/53452
smithsonian/CHNDM,ld1-1643399887910-1643399919873-1,data/raw/smithsonian/images/si_ld1-1643399887910-1643399919873-1.jpg,Textile,Textiles,,no determinada,no determinado,,,no determinada,False,Peru,1600s | 1400s,,,1513,2460,3.72,1284027,CC0,https://collection.cooperhewitt.org/view/objects/asitem/id/99782
smithsonian/CHNDM,ld1-1643399887910-1643399941933-1,data/raw/smithsonian/images/si_ld1-1643399887910-1643399941933-1.jpg,Textile,Textiles,,no determinada,no determinado,,,no determinada,False,Peru,1500s | 1100s,,,1671,2585,4.32,1564023,CC0,https://collection.cooperhewitt.org/view/objects/asitem/id/146130
smithsonian/CHNDM,ld1-1643399887910-1643399941680-1,data/raw/smithsonian/images/si_ld1-1643399887910-1643399941680-1.jpg,Textile,Textiles,,no determinada,no determinado,,,no determinada,False,Peru,1500s | 1200s,,,3000,2985,8.96,2926219,CC0,https://collection.cooperhewitt.org/view/objects/asitem/id/145213
smithsonian/CHNDM,ld1-1643399887910-1643399942021-2,data/raw/smithsonian/images/si_ld1-1643399887910-1643399942021-2.jpg,Textile,Textiles,,no determinada,no determinado,,,no determinada,False,Peru,1200s | 1300s,,,159,797,0.13,60233,CC0,https://collection.cooperhewitt.org/view/objects/asitem/id/146366
smithsonian/CHNDM,ld1-1643399887910-1643399905031-2,data/raw/smithsonian/images/si_ld1-1643399887910-1643399905031-2.jpg,Textile,Textiles,,no determinada,no determinado,,,no determinada,False,Peru,1890s | 1870s,,,2065,2873,5.93,1517265,CC0,https://collection.cooperhewitt.org/view/objects/asitem/id/53451
smithsonian/CHNDM,ld1-1643399887910-1643399918635-1,data/raw/smithsonian/images/si_ld1-1643399887910-1643399918635-1.jpg,Netted textile,Needlework (visual works) | Netted textile | Textiles,,no determinada,no determinado,,,no determinada,False,Peru,,,,3999,2030,8.12,2021529,CC0,https://collection.cooperhewitt.org/view/objects/asitem/id/96680
smithsonian/CHNDM,ld1-1643399887910-1643399941695-0,data/raw/smithsonian/images/si_ld1-1643399887910-1643399941695-0.jpg,Textile,Textiles,,no determinada,no determinado,,,no determinada,False,Peru,1500s | 1200s,,,4000,1935,7.74,2315966,CC0,https://collection.cooperhewitt.org/view/objects/asitem/id/145244
smithsonian/CHNDM,ld1-1643399887910-1643399942766-1,data/raw/smithsonian/images/si_ld1-1643399887910-1643399942766-1.jpg,Textile,Textiles,,no determinada,no determinado,,,no determinada,False,Peru,,,,3000,2635,7.91,2719600,CC0,https://collection.cooperhewitt.org/view/objects/asitem/id/148287
smithsonian/CHNDM,ld1-1643399887910-1643399955044-1,data/raw/smithsonian/images/si_ld1-1643399887910-1643399955044-1.jpg,Textile,Textiles,,no determinada,no determinado,,,no determinada,False,Peru,1400s | 1000s,,,993,1993,1.98,625880,CC0,https://collection.cooperhewitt.org/view/objects/asitem/id/177076
smithsonian/CHNDM,ld1-1643399887910-1643399915812-1,data/raw/smithsonian/images/si_ld1-1643399887910-1643399915812-1.jpg,Fragment,Textiles,,no determinada,no determinado,,,no determinada,False,Peru,1100s,,,2984,4000,11.94,5364785,CC0,https://collection.cooperhewitt.org/view/objects/asitem/id/78408
smithsonian/CHNDM,ld1-1643399887910-1643399890720-1,data/raw/smithsonian/images/si_ld1-1643399887910-1643399890720-1.jpg,Textile,Textiles,,no determinada,no determinado,,,no determinada,False,Peru,1700s | 1790s,,,1631,2554,4.17,1661193,CC0,https://collection.cooperhewitt.org/view/objects/asitem/id/12009
smithsonian/CHNDM,ld1-1643399887910-1643399918707-2,data/raw/smithsonian/images/si_ld1-1643399887910-1643399918707-2.jpg,Textile,Textiles,,no determinada,no determinado,,,no determinada,False,Peru,1400s | 1000s,,,3000,3000,9.0,3300852,CC0,https://collection.cooperhewitt.org/view/objects/asitem/id/96824
smithsonian/CHNDM,ld1-1643399887910-1643399924630-2,data/raw/smithsonian/images/si_ld1-1643399887910-1643399924630-2.jpg,Textile,Textiles,,no determinada,no determinado,,,no determinada,False,Peru,1400s | 1000s,,,1745,2641,4.61,1643460,CC0,https://collection.cooperhewitt.org/view/objects/asitem/id/110091
smithsonian/CHNDM,ld1-1643399887910-1643399983058-1,data/raw/smithsonian/images/si_ld1-1643399887910-1643399983058-1.jpg,Fragment,Textiles,,no determinada,no determinado,,,no determinada,False,Peru,1100s,,,976,1976,1.93,837795,CC0,https://collection.cooperhewitt.org/view/objects/asitem/id/276204
smithsonian/CHNDM,ld1-1643399887910-1643399971941-0,data/raw/smithsonian/images/si_ld1-1643399887910-1643399971941-0.jpg,Fragment,Textiles,,no determinada,no determinado,,,no determinada,False,Peru,,,,3000,2309,6.93,2452906,CC0,https://collection.cooperhewitt.org/view/objects/asitem/id/213476
smithsonian/CHNDM,ld1-1643399887910-1643399955044-0,data/raw/smithsonian/images/si_ld1-1643399887910-1643399955044-0.jpg,Sampler,Samplers (embroidery) | Textiles,,no determinada,no determinado,,,no determinada,False,Peru,1400s | 1000s,,,3000,2841,8.52,2650514,CC0,https://collection.cooperhewitt.org/view/objects/asitem/id/177075
smithsonian/CHNDM,ld1-1643399887910-1643399918970-1,data/raw/smithsonian/images/si_ld1-1643399887910-1643399918970-1.jpg,Band,Textiles,,no determinada,no determinado,,,no determinada,False,Peru,1100s | 1400s,,,740,1720,1.27,312670,CC0,https://collection.cooperhewitt.org/view/objects/asitem/id/97512
smithsonian/CHNDM,ld1-1643399887910-1643399918704-0,data/raw/smithsonian/images/si_ld1-1643399887910-1643399918704-0.jpg,Fragment,Textiles,,no determinada,no determinado,,,no determinada,False,Peru,1100s,,,1419,2382,3.38,1392015,CC0,https://collection.cooperhewitt.org/view/objects/asitem/id/96816
smithsonian/CHNDM,ld1-1643399887910-1643399937894-0,data/raw/smithsonian/images/si_ld1-1643399887910-1643399937894-0.jpg,Band,Textiles,,no determinada,no determinado,,,no determinada,False,Peru,,,,973,4000,3.89,1529977,CC0,https://collection.cooperhewitt.org/view/objects/asitem/id/136809
smithsonian/CHNDM,ld1-1643399887910-1643399890820-0,data/raw/smithsonian/images/si_ld1-1643399887910-1643399890820-0.jpg,Fragment of a border,Fragment of a border | Textiles,,no determinada,no determinado,,,no determinada,False,Peru,1100s | 1400s,,,361,1201,0.43,106409,CC0,https://collection.cooperhewitt.org/view/objects/asitem/id/12237
smithsonian/CHNDM,ld1-1643399887910-1643399918970-0,data/raw/smithsonian/images/si_ld1-1643399887910-1643399918970-0.jpg,Fragment,Textiles,,no determinada,no determinado,,,no determinada,False,Peru,1530s | 1400s,,,4000,3461,13.84,5579388,CC0,https://collection.cooperhewitt.org/view/objects/asitem/id/97511
smithsonian/CHNDM,ld1-1643399887910-1643399936244-0,data/raw/smithsonian/images/si_ld1-1643399887910-1643399936244-0.jpg,Fragment,Textiles,,no determinada,no determinado,,,no determinada,False,Peru,1100s | 1400s,,,4000,3788,15.15,5415177,CC0,https://collection.cooperhewitt.org/view/objects/asitem/id/133847
smithsonian/CHNDM,ld1-1643399887910-1643399929184-1,data/raw/smithsonian/images/si_ld1-1643399887910-1643399929184-1.jpg,Fragment,Textiles,,no determinada,no determinado,,,no determinada,False,Peru,1500s,,,4000,2179,8.72,3059859,CC0,https://collection.cooperhewitt.org/view/objects/asitem/id/120321
smithsonian/CHNDM,ld1-1643399887910-1643399929184-0,data/raw/smithsonian/images/si_ld1-1643399887910-1643399929184-0.jpg,Fragment,Textiles,,no determinada,no determinado,,,no determinada,False,Peru,1500s,,,4000,2514,10.06,4601206,CC0,https://collection.cooperhewitt.org/view/objects/asitem/id/120320
smithsonian/CHNDM,ld1-1643399887910-1643399915813-2,data/raw/smithsonian/images/si_ld1-1643399887910-1643399915813-2.jpg,Fragment,Textiles,,no determinada,no determinado,,,no determinada,False,Peru,1000s,,,4000,3183,12.73,6485946,CC0,https://collection.cooperhewitt.org/view/objects/asitem/id/78411
smithsonian/CHNDM,ld1-1643399887910-1643399942023-0,data/raw/smithsonian/images/si_ld1-1643399887910-1643399942023-0.jpg,Textile,Textiles,,ica,Intermedio Tardio,1000,1470,no determinada,False,Ica | Peru,1200s | 1300s,,,2585,1671,4.32,1740188,CC0,https://collection.cooperhewitt.org/view/objects/asitem/id/146369
smithsonian/CHNDM,ld1-1643399887910-1643399942022-0,data/raw/smithsonian/images/si_ld1-1643399887910-1643399942022-0.jpg,Textile,Textiles,,ica,Intermedio Tardio,1000,1470,no determinada,False,Ica | Peru,1200s | 1300s,,,3000,3000,9.0,1296704,CC0,https://collection.cooperhewitt.org/view/objects/asitem/id/146367
smithsonian/CHNDM,ld1-1643399887910-1643399931980-0,data/raw/smithsonian/images/si_ld1-1643399887910-1643399931980-0.jpg,Textile,Textiles,,no determinada,no determinado,,,no determinada,False,Peru,1400s | 1550s,,,4000,3967,15.87,2923763,CC0,https://collection.cooperhewitt.org/view/objects/asitem/id/126294
smithsonian/CHNDM,ld1-1643399887910-1643399935580-0,data/raw/smithsonian/images/si_ld1-1643399887910-1643399935580-0.jpg,Bag,Bags (containers) | Textiles,,no determinada,no determinado,,,no determinada,False,Peru,1500s | 1200s,,,2944,2167,6.38,1923231,CC0,https://collection.cooperhewitt.org/view/objects/asitem/id/132575
smithsonian/CHNDM,ld1-1643399887910-1643399915714-1,data/raw/smithsonian/images/si_ld1-1643399887910-1643399915714-1.jpg,Band fragment,Band fragment | Textiles,,no determinada,no determinado,,,no determinada,False,Peru,1100s,,,3000,3000,9.0,1388335,CC0,https://collection.cooperhewitt.org/view/objects/asitem/id/78172
smithsonian/CHNDM,ld1-1643399887910-1643399918313-2,data/raw/smithsonian/images/si_ld1-1643399887910-1643399918313-2.jpg,Carrying cloth,Carrying cloth | Textiles,,no determinada,no determinado,,,no determinada,False,Peru,1000s,,,3000,3000,9.0,3483648,CC0,https://collection.cooperhewitt.org/view/objects/asitem/id/95809
smithsonian/CHNDM,ld1-1643399887910-1643399919872-1,data/raw/smithsonian/images/si_ld1-1643399887910-1643399919872-1.jpg,Fragment,Textiles,,no determinada,no determinado,,,no determinada,False,Peru,,,,2097,2896,6.07,2448337,CC0,https://collection.cooperhewitt.org/view/objects/asitem/id/99780
smithsonian/CHNDM,ld1-1643399887910-1643399921717-0,data/raw/smithsonian/images/si_ld1-1643399887910-1643399921717-0.jpg,Band,Textiles,,no determinada,no determinado,,,no determinada,False,Peru,1200s | 1000s,,,2001,1002,2.01,754728,CC0,https://collection.cooperhewitt.org/view/objects/asitem/id/103753
smithsonian/CHNDM,ld1-1643399887910-1643399935575-0,data/raw/smithsonian/images/si_ld1-1643399887910-1643399935575-0.jpg,Band,Textiles,,no determinada,no determinado,,,no determinada,False,Peru,1200s,,,3000,2560,7.68,1838201,CC0,https://collection.cooperhewitt.org/view/objects/asitem/id/132567
smithsonian/CHNDM,ld1-1643399887910-1643399942727-2,data/raw/smithsonian/images/si_ld1-1643399887910-1643399942727-2.jpg,Fragment,Textiles,,no determinada,no determinado,,,no determinada,False,Peru,1200s,,,1917,919,1.76,666637,CC0,https://collection.cooperhewitt.org/view/objects/asitem/id/148192
smithsonian/CHNDM,ld1-1643399887910-1643399935584-0,data/raw/smithsonian/images/si_ld1-1643399887910-1643399935584-0.jpg,Tunic,Tunics | Textiles,,no determinada,no determinado,,,no determinada,False,Peru,1200s,,,3032,4000,12.13,4273646,CC0,https://collection.cooperhewitt.org/view/objects/asitem/id/132581
smithsonian/CHNDM,ld1-1643399887910-1643399918635-0,data/raw/smithsonian/images/si_ld1-1643399887910-1643399918635-0.jpg,Sling,Needlework (visual works) | Slings (projectile weapons) | Textiles,,no determinada,no determinado,,,no determinada,False,Peru,,,,1436,516,0.74,204354,CC0,https://collection.cooperhewitt.org/view/objects/asitem/id/96679
smithsonian/CHNDM,ld1-1643399887910-1643399918806-0,data/raw/smithsonian/images/si_ld1-1643399887910-1643399918806-0.jpg,Fragment,Textiles,,no determinada,no determinado,,,no determinada,False,Peru,1100s,,,3000,3000,9.0,1776257,CC0,https://collection.cooperhewitt.org/view/objects/asitem/id/97061
smithsonian/CHNDM,ld1-1643399887910-1643399924629-1,data/raw/smithsonian/images/si_ld1-1643399887910-1643399924629-1.jpg,Bag,Bags (containers) | Textiles,,no determinada,no determinado,,,no determinada,False,Peru,1400s | 1000s,,,2762,1908,5.27,1437511,CC0,https://collection.cooperhewitt.org/view/objects/asitem/id/110088
smithsonian/CHNDM,ld1-1643399887910-1643399935502-0,data/raw/smithsonian/images/si_ld1-1643399887910-1643399935502-0.jpg,Fragment,Textiles,,no determinada,no determinado,,,no determinada,False,Peru,1100s | 1200s,,,3000,2512,7.54,2257454,CC0,https://collection.cooperhewitt.org/view/objects/asitem/id/132466
smithsonian/CHNDM,ld1-1643399887910-1643399906227-1,data/raw/smithsonian/images/si_ld1-1643399887910-1643399906227-1.jpg,Band,Textiles,,no determinada,no determinado,,,no determinada,False,Peru,1200s | 1300s,,,186,862,0.16,78516,CC0,https://collection.cooperhewitt.org/view/objects/asitem/id/57093
smithsonian/CHNDM,ld1-1643399887910-1643399929183-1,data/raw/smithsonian/images/si_ld1-1643399887910-1643399929183-1.jpg,Fragment,Textiles,,no determinada,no determinado,,,no determinada,False,Peru,1500s,,,4000,1203,4.81,2347424,CC0,https://collection.cooperhewitt.org/view/objects/asitem/id/120319
smithsonian/CHNDM,ld1-1643399887910-1643399918014-0,data/raw/smithsonian/images/si_ld1-1643399887910-1643399918014-0.jpg,Fragment,Textiles,,no determinada,no determinado,,,no determinada,False,Peru,1100s | 1400s,,,1347,454,0.61,230548,CC0,https://collection.cooperhewitt.org/view/objects/asitem/id/95117
smithsonian/CHNDM,ld1-1643399887910-1643399906228-0,data/raw/smithsonian/images/si_ld1-1643399887910-1643399906228-0.jpg,Fragment,Textiles,,no determinada,no determinado,,,no determinada,False,Peru,1400s | 1000s,,,4000,3696,14.78,4391008,CC0,https://collection.cooperhewitt.org/view/objects/asitem/id/57094
smithsonian/CHNDM,ld1-1643399887910-1643399906229-0,data/raw/smithsonian/images/si_ld1-1643399887910-1643399906229-0.jpg,Fragment,Textiles,,no determinada,no determinado,,,no determinada,False,Peru,1400s | 1000s,,,2128,3999,8.51,4146767,CC0,https://collection.cooperhewitt.org/view/objects/asitem/id/57096
smithsonian/CHNDM,ld1-1643399887910-1643399915814-0,data/raw/smithsonian/images/si_ld1-1643399887910-1643399915814-0.jpg,Fragment,Textiles,,no determinada,no determinado,,,no determinada,False,Peru,1100s | 1400s,,,2442,3000,7.33,2115695,CC0,https://collection.cooperhewitt.org/view/objects/asitem/id/78412
smithsonian/CHNDM,ld1-1643399887910-1643399915812-0,data/raw/smithsonian/images/si_ld1-1643399887910-1643399915812-0.jpg,Fragment,Textiles,,no determinada,no determinado,,,no determinada,False,Peru,1100s,,,3000,3000,9.0,3757153,CC0,https://collection.cooperhewitt.org/view/objects/asitem/id/78407
smithsonian/CHNDM,ld1-1643399887910-1643399930130-1,data/raw/smithsonian/images/si_ld1-1643399887910-1643399930130-1.jpg,Fragment,Textiles,,no determinada,no determinado,,,no determinada,False,Celedin | Peru | Trujillo,1700s | 1790s,,,2539,1613,4.1,1413784,CC0,https://collection.cooperhewitt.org/view/objects/asitem/id/122642
smithsonian/CHNDM,ld1-1643399887910-1643399924629-0,data/raw/smithsonian/images/si_ld1-1643399887910-1643399924629-0.jpg,Fragment,Textiles,,no determinada,no determinado,,,no determinada,False,Peru,1400s | 1000s,,,1946,2789,5.43,2810180,CC0,https://collection.cooperhewitt.org/view/objects/asitem/id/110087
smithsonian/CHNDM,ld1-1643399887910-1643399919757-1,data/raw/smithsonian/images/si_ld1-1643399887910-1643399919757-1.jpg,Band,Textiles,,no determinada,no determinado,,,no determinada,False,Peru,1000s,,,1170,2999,3.51,1317955,CC0,https://collection.cooperhewitt.org/view/objects/asitem/id/99473
smithsonian/CHNDM,ld1-1643399887910-1643399929139-2,data/raw/smithsonian/images/si_ld1-1643399887910-1643399929139-2.jpg,Fragment,Textiles,,no determinada,no determinado,,,no determinada,False,Peru,1000s,,,2593,1681,4.36,1807953,CC0,https://collection.cooperhewitt.org/view/objects/asitem/id/120190
smithsonian/CHNDM,ld1-1643399887910-1643399906228-1,data/raw/smithsonian/images/si_ld1-1643399887910-1643399906228-1.jpg,Fragment,Textiles,,no determinada,no determinado,,,no determinada,False,Peru,1400s | 1000s,,,4000,3606,14.42,6007555,CC0,https://collection.cooperhewitt.org/view/objects/asitem/id/57095
smithsonian/CHNDM,ld1-1643399887910-1643399919872-0,data/raw/smithsonian/images/si_ld1-1643399887910-1643399919872-0.jpg,Fragment,Textiles,,no determinada,no determinado,,,no determinada,False,Peru,,,,3000,2463,7.39,2720987,CC0,https://collection.cooperhewitt.org/view/objects/asitem/id/99779
smithsonian/CHNDM,ld1-1643399887910-1643399941696-0,data/raw/smithsonian/images/si_ld1-1643399887910-1643399941696-0.jpg,Textile,Textiles,,no determinada,no determinado,,,no determinada,False,Peru,1000s,,,819,3998,3.27,556386,CC0,https://collection.cooperhewitt.org/view/objects/asitem/id/145246
smithsonian/CHNDM,ld1-1643399887910-1643399932526-1,data/raw/smithsonian/images/si_ld1-1643399887910-1643399932526-1.jpg,Textile,Textiles,,no determinada,no determinado,,,no determinada,False,Peru,1500s | 1400s,,,1000,250,0.25,98527,CC0,https://collection.cooperhewitt.org/view/objects/asitem/id/127360
smithsonian/CHNDM,ld1-1643399887910-1643399924626-0,data/raw/smithsonian/images/si_ld1-1643399887910-1643399924626-0.jpg,Textile,Textiles,,no determinada,no determinado,,,no determinada,False,Peru,1400s | 1200s,,,4000,3237,12.95,4922457,CC0,https://collection.cooperhewitt.org/view/objects/asitem/id/110083
smithsonian/CHNDM,ld1-1643399887910-1643399941213-0,data/raw/smithsonian/images/si_ld1-1643399887910-1643399941213-0.jpg,Textile,Textiles,,no determinada,no determinado,,,no determinada,False,Peru,1400s | 1000s,,,2045,3999,8.18,4128090,CC0,https://collection.cooperhewitt.org/view/objects/asitem/id/143877
smithsonian/CHNDM,ld1-1643399887910-1643399919874-0,data/raw/smithsonian/images/si_ld1-1643399887910-1643399919874-0.jpg,Fragment,Textiles,,no determinada,no determinado,,,no determinada,False,Peru,1530s | 1400s,,,1565,2501,3.91,1749024,CC0,https://collection.cooperhewitt.org/view/objects/asitem/id/99783
smithsonian/CHNDM,ld1-1643399887910-1643399941695-1,data/raw/smithsonian/images/si_ld1-1643399887910-1643399941695-1.jpg,Bands,Textiles,,no determinada,no determinado,,,no determinada,False,Peru,1000s,,,760,4000,3.04,439716,CC0,https://collection.cooperhewitt.org/view/objects/asitem/id/145245
smithsonian/CHNDM,ld1-1643399887910-1643399916348-1,data/raw/smithsonian/images/si_ld1-1643399887910-1643399916348-1.jpg,Fragment,Textiles,,no determinada,no determinado,,,no determinada,False,Peru,1400s,,,4000,3660,14.64,3319461,CC0,https://collection.cooperhewitt.org/view/objects/asitem/id/79952
smithsonian/CHNDM,ld1-1643399887910-1643399906226-2,data/raw/smithsonian/images/si_ld1-1643399887910-1643399906226-2.jpg,Fragments,Textiles,,no determinada,no determinado,,,no determinada,False,Peru,,,,2715,3000,8.14,2359580,CC0,https://collection.cooperhewitt.org/view/objects/asitem/id/57091
smithsonian/CHNDM,ld1-1643399887910-1643399923775-0,data/raw/smithsonian/images/si_ld1-1643399887910-1643399923775-0.jpg,Fragment,Textiles,,no determinada,no determinado,,,no determinada,False,Peru,1530s | 1400s,,,329,1147,0.38,142339,CC0,https://collection.cooperhewitt.org/view/objects/asitem/id/107844
smithsonian/CHNDM,ld1-1643399887910-1643399924628-0,data/raw/smithsonian/images/si_ld1-1643399887910-1643399924628-0.jpg,Fragment,Textiles,,no determinada,no determinado,,,no determinada,False,Peru,1400s | 1000s,,,2746,1886,5.18,1870948,CC0,https://collection.cooperhewitt.org/view/objects/asitem/id/110085
smithsonian/CHNDM,ld1-1643399887910-1643399934431-1,data/raw/smithsonian/images/si_ld1-1643399887910-1643399934431-1.jpg,Fragment,Textiles,,tiwanaku,Horizonte Medio,500,1000,no determinada,False,Tiahuanaco | Peru,1000s,,,2392,4000,9.57,2910370,CC0,https://collection.cooperhewitt.org/view/objects/asitem/id/130856
smithsonian/CHNDM,ld1-1643399887910-1643399919742-0,data/raw/smithsonian/images/si_ld1-1643399887910-1643399919742-0.jpg,Fragment,Textiles,,no determinada,no determinado,,,no determinada,False,Peru,1400s | 1000s,,,3000,2877,8.63,3178469,CC0,https://collection.cooperhewitt.org/view/objects/asitem/id/99441
smithsonian/CHNDM,ld1-1643399887910-1643399929139-1,data/raw/smithsonian/images/si_ld1-1643399887910-1643399929139-1.jpg,Fragment,Textiles,,no determinada,no determinado,,,no determinada,False,Peru,1000s,,,1364,2336,3.19,1455842,CC0,https://collection.cooperhewitt.org/view/objects/asitem/id/120189
smithsonian/CHNDM,ld1-1643399887910-1643399975771-0,data/raw/smithsonian/images/si_ld1-1643399887910-1643399975771-0.jpg,Fragment,Textiles,,no determinada,no determinado,,,no determinada,False,Peru | Spain,1600s | 1690s,,,1917,2768,5.31,2389280,CC0,https://collection.cooperhewitt.org/view/objects/asitem/id/228087
smithsonian/CHNDM,ld1-1643399887910-1643399921715-0,data/raw/smithsonian/images/si_ld1-1643399887910-1643399921715-0.jpg,Turban Band,Turban band | Textiles,,no determinada,no determinado,,,no determinada,False,Peru,1100s | 1000s,,,1139,3999,4.55,2202920,CC0,https://collection.cooperhewitt.org/view/objects/asitem/id/103750
smithsonian/CHNDM,ld1-1643399887910-1643399917878-0,data/raw/smithsonian/images/si_ld1-1643399887910-1643399917878-0.jpg,Fragment,Textiles,,no determinada,no determinado,,,costa central,False,south central coast | Peru,1590s | 1400s,,,2510,4000,10.04,3465128,CC0,https://collection.cooperhewitt.org/view/objects/asitem/id/95034
smithsonian/CHNDM,ld1-1643399887910-1643399918705-1,data/raw/smithsonian/images/si_ld1-1643399887910-1643399918705-1.jpg,Band,Textiles,,no determinada,no determinado,,,no determinada,False,Peru,1100s,,,1694,718,1.22,607921,CC0,https://collection.cooperhewitt.org/view/objects/asitem/id/96819
smithsonian/CHNDM,ld1-1643399887910-1643399918704-1,data/raw/smithsonian/images/si_ld1-1643399887910-1643399918704-1.jpg,Mantle,Mantles | Textiles,,no determinada,no determinado,,,no determinada,False,Peru,1100s,,,4000,3859,15.44,6750442,CC0,https://collection.cooperhewitt.org/view/objects/asitem/id/96817
smithsonian/CHNDM,ld1-1643399887910-1643399918703-1,data/raw/smithsonian/images/si_ld1-1643399887910-1643399918703-1.jpg,Fragment,Textiles,,no determinada,no determinado,,,no determinada,False,Peru,1100s,,,1958,2798,5.48,435067,CC0,https://collection.cooperhewitt.org/view/objects/asitem/id/96815
smithsonian/CHNDM,ld1-1643399887910-1643399890720-0,data/raw/smithsonian/images/si_ld1-1643399887910-1643399890720-0.jpg,Mantle,Mantles | Textiles,,no determinada,no determinado,,,no determinada,False,Peru,1600s | 1790s,,,3000,2289,6.87,2469849,CC0,https://collection.cooperhewitt.org/view/objects/asitem/id/12008
smithsonian/CHNDM,ld1-1643399887910-1643399918314-0,data/raw/smithsonian/images/si_ld1-1643399887910-1643399918314-0.jpg,Fragment,Textiles,,no determinada,no determinado,,,no determinada,False,Peru,1100s,,,3000,3000,9.0,1648815,CC0,https://collection.cooperhewitt.org/view/objects/asitem/id/95813
smithsonian/CHNDM,ld1-1643399887910-1643399895336-0,data/raw/smithsonian/images/si_ld1-1643399887910-1643399895336-0.jpg,Fragment,Textiles,,no determinada,no determinado,,,no determinada,False,Peru,1100s | 1400s,,,1101,2098,2.31,810549,CC0,https://collection.cooperhewitt.org/view/objects/asitem/id/24683
smithsonian/CHNDM,ld1-1643399887910-1643399890508-0,data/raw/smithsonian/images/si_ld1-1643399887910-1643399890508-0.jpg,Fragment,Textiles,,no determinada,no determinado,,,no determinada,False,Peru,1700s | 1500s,,,3277,4000,13.11,5028188,CC0,https://collection.cooperhewitt.org/view/objects/asitem/id/11535
smithsonian/CHNDM,ld1-1643399887910-1643399924628-1,data/raw/smithsonian/images/si_ld1-1643399887910-1643399924628-1.jpg,Fragment,Textiles,,no determinada,no determinado,,,no determinada,False,Peru,1400s | 1000s,,,3000,2711,8.13,4235066,CC0,https://collection.cooperhewitt.org/view/objects/asitem/id/110086
smithsonian/CHNDM,ld1-1643399887910-1643399932529-0,data/raw/smithsonian/images/si_ld1-1643399887910-1643399932529-0.jpg,Fragment,Textiles,,no determinada,no determinado,,,no determinada,False,Peru,,,,3397,3999,13.58,5219130,CC0,https://collection.cooperhewitt.org/view/objects/asitem/id/127364
smithsonian/CHNDM,ld1-1643399887910-1643399918703-0,data/raw/smithsonian/images/si_ld1-1643399887910-1643399918703-0.jpg,Fragment,Textiles,,no determinada,no determinado,,,no determinada,False,Peru,1100s,,,1266,401,0.51,225640,CC0,https://collection.cooperhewitt.org/view/objects/asitem/id/96814
smithsonian/CHNDM,ld1-1643399887910-1643399918971-1,data/raw/smithsonian/images/si_ld1-1643399887910-1643399918971-1.jpg,Fragment,Textiles,,no determinada,no determinado,,,no determinada,False,Peru,1400s,,,2772,1921,5.33,2188048,CC0,https://collection.cooperhewitt.org/view/objects/asitem/id/97515
smithsonian/CHNDM,ld1-1643399887910-1643399917876-0,data/raw/smithsonian/images/si_ld1-1643399887910-1643399917876-0.jpg,Band,Textiles,,no determinada,no determinado,,,no determinada,False,Peru,,,,119,689,0.08,50007,CC0,https://collection.cooperhewitt.org/view/objects/asitem/id/95033
smithsonian/CHNDM,ld1-1643399887910-1643399918970-2,data/raw/smithsonian/images/si_ld1-1643399887910-1643399918970-2.jpg,Carrying cloth,Carrying cloth | Textiles,,no determinada,no determinado,,,no determinada,False,Peru,1400s | 1000s,,,3000,2471,7.41,3087696,CC0,https://collection.cooperhewitt.org/view/objects/asitem/id/97513
smithsonian/CHNDM,ld1-1643399887910-1643399935577-1,data/raw/smithsonian/images/si_ld1-1643399887910-1643399935577-1.jpg,Band,Textiles,,no determinada,no determinado,,,no determinada,False,Peru,1700s | 1790s,,,706,3998,2.82,1019770,CC0,https://collection.cooperhewitt.org/view/objects/asitem/id/132571
smithsonian/CHNDM,ld1-1643399887910-1643399916348-0,data/raw/smithsonian/images/si_ld1-1643399887910-1643399916348-0.jpg,Fragment,Textiles,,no determinada,no determinado,,,no determinada,False,Peru,1400s,,,1478,4000,5.91,2214653,CC0,https://collection.cooperhewitt.org/view/objects/asitem/id/79951
smithsonian/CHNDM,ld1-1643399887910-1643399916347-2,data/raw/smithsonian/images/si_ld1-1643399887910-1643399916347-2.jpg,Fragment,Textiles,,no determinada,no determinado,,,no determinada,False,Peru,,,,3000,3000,9.0,2057984,CC0,https://collection.cooperhewitt.org/view/objects/asitem/id/79950
smithsonian/CHNDM,ld1-1643399887910-1643399895335-0,data/raw/smithsonian/images/si_ld1-1643399887910-1643399895335-0.jpg,Border,Borders (ornament areas) | Textiles,,no determinada,no determinado,,,no determinada,False,Peru,1100s | 1400s,,,1068,286,0.31,120445,CC0,https://collection.cooperhewitt.org/view/objects/asitem/id/24679
smithsonian/CHNDM,ld1-1643399887910-1643399932527-0,data/raw/smithsonian/images/si_ld1-1643399887910-1643399932527-0.jpg,Fragment,Textiles,,no determinada,no determinado,,,no determinada,False,Peru,1100s | 1400s,,,2677,1793,4.8,1807422,CC0,https://collection.cooperhewitt.org/view/objects/asitem/id/127361
smithsonian/CHNDM,ld1-1643399887910-1643399923118-0,data/raw/smithsonian/images/si_ld1-1643399887910-1643399923118-0.jpg,Fragment,Textiles,,no determinada,no determinado,,,no determinada,False,Peru,1700s | 1600s,,,2083,3999,8.33,3073110,CC0,https://collection.cooperhewitt.org/view/objects/asitem/id/106049
smithsonian/CHNDM,ld1-1643399887910-1643399924631-0,data/raw/smithsonian/images/si_ld1-1643399887910-1643399924631-0.jpg,Band,Textiles,,no determinada,no determinado,,,no determinada,False,Peru,,,,916,210,0.19,115872,CC0,https://collection.cooperhewitt.org/view/objects/asitem/id/110092
smithsonian/CHNDM,ld1-1643399887910-1643399895337-1,data/raw/smithsonian/images/si_ld1-1643399887910-1643399895337-1.jpg,Spindle,Spindles (textile working equipment) | Appliances | Tools and equipment,,no determinada,no determinado,,,no determinada,False,Peru,1100s | 1400s,,,3000,3000,9.0,190669,CC0,https://collection.cooperhewitt.org/view/objects/asitem/id/24686
smithsonian/CHNDM,ld1-1643399887910-1643399935578-0,data/raw/smithsonian/images/si_ld1-1643399887910-1643399935578-0.jpg,Fragment of a bag,Fragment of a bag | Textiles,,no determinada,no determinado,,,no determinada,False,Peru,1000s,,,1479,2432,3.6,953015,CC0,https://collection.cooperhewitt.org/view/objects/asitem/id/132572
smithsonian/CHNDM,ld1-1643399887910-1643399935583-0,data/raw/smithsonian/images/si_ld1-1643399887910-1643399935583-0.jpg,Coca bag,Coca bag | Textiles,,no determinada,no determinado,,,no determinada,False,Peru,1200s,,,3000,2496,7.49,2087189,CC0,https://collection.cooperhewitt.org/view/objects/asitem/id/132580
smithsonian/CHNDM,ld1-1643399887910-1643399935581-1,data/raw/smithsonian/images/si_ld1-1643399887910-1643399935581-1.jpg,Coca bag,Coca bag | Textiles,,no determinada,no determinado,,,no determinada,False,Peru,1200s,,,3000,2432,7.3,1640287,CC0,https://collection.cooperhewitt.org/view/objects/asitem/id/132577
smithsonian/CHNDM,ld1-1643399887910-1643399918705-0,data/raw/smithsonian/images/si_ld1-1643399887910-1643399918705-0.jpg,Band,Textiles,,no determinada,no determinado,,,no determinada,False,Peru,1400s,,,1088,4000,4.35,2208282,CC0,https://collection.cooperhewitt.org/view/objects/asitem/id/96818
smithsonian/CHNDM,ld1-1643399887910-1643399935582-1,data/raw/smithsonian/images/si_ld1-1643399887910-1643399935582-1.jpg,Coca bag,Coca bag | Textiles,,no determinada,no determinado,,,no determinada,False,Peru,1500s | 1200s,,,2037,2854,5.81,1244875,CC0,https://collection.cooperhewitt.org/view/objects/asitem/id/132579
smithsonian/CHNDM,ld1-1643399887910-1643399890465-1,data/raw/smithsonian/images/si_ld1-1643399887910-1643399890465-1.jpg,Fragment,Textiles,,no determinada,no determinado,,,no determinada,False,Peru,1700s | 1890s,,,2291,3000,6.87,2970440,CC0,https://collection.cooperhewitt.org/view/objects/asitem/id/11444
smithsonian/CHNDM,ld1-1643399887910-1643399935581-0,data/raw/smithsonian/images/si_ld1-1643399887910-1643399935581-0.jpg,Coca bag,Coca bag | Textiles,,no determinada,no determinado,,,no determinada,False,Peru,1500s | 1200s,,,2548,3000,7.64,2761734,CC0,https://collection.cooperhewitt.org/view/objects/asitem/id/132576
smithsonian/CHNDM,ld1-1643399887910-1643399925669-0,data/raw/smithsonian/images/si_ld1-1643399887910-1643399925669-0.jpg,Poncho,Ponchos | Textiles,,no determinada,no determinado,,,no determinada,False,Peru,1700s | 1890s,,,4000,3871,15.48,9432932,CC0,https://collection.cooperhewitt.org/view/objects/asitem/id/112606
smithsonian/CHNDM,ld1-1643399887910-1643399929168-0,data/raw/smithsonian/images/si_ld1-1643399887910-1643399929168-0.jpg,Bag face for a chuspa,Bag face for a chuspa | Textiles,,no determinada,no determinado,,,no determinada,False,Peru,1900s | 1850s,,,2840,3000,8.52,1652848,CC0,https://collection.cooperhewitt.org/view/objects/asitem/id/120272
smithsonian/CHNDM,ld1-1643399887910-1643399915813-0,data/raw/smithsonian/images/si_ld1-1643399887910-1643399915813-0.jpg,Bag,Needlework (visual works) | Bags (containers) | Textiles,,no determinada,no determinado,,,no determinada,False,Peru,1100s | 1400s,,,3000,3000,9.0,1352165,CC0,https://collection.cooperhewitt.org/view/objects/asitem/id/78409
smithsonian/CHNDM,ld1-1643399887910-1643399895336-1,data/raw/smithsonian/images/si_ld1-1643399887910-1643399895336-1.jpg,Spindle,Spindles (textile working equipment) | Appliances | Tools and equipment,,no determinada,no determinado,,,no determinada,False,Peru,1100s | 1400s,,,877,1873,1.64,155287,CC0,https://collection.cooperhewitt.org/view/objects/asitem/id/24684
smithsonian/CHNDM,ld1-1643399887910-1643399895337-0,data/raw/smithsonian/images/si_ld1-1643399887910-1643399895337-0.jpg,Spindle,Spindles (textile working equipment) | Appliances | Tools and equipment,,no determinada,no determinado,,,no determinada,False,Peru,1100s | 1400s,,,3000,3000,9.0,183500,CC0,https://collection.cooperhewitt.org/view/objects/asitem/id/24685
smithsonian/CHNDM,ld1-1643399887910-1643399942726-0,data/raw/smithsonian/images/si_ld1-1643399887910-1643399942726-0.jpg,Coca bag,Coca bag | Textiles,,no determinada,no determinado,,,no determinada,False,Peru,1700s | 1790s,,,3434,4000,13.74,5616250,CC0,https://collection.cooperhewitt.org/view/objects/asitem/id/148188
smithsonian/CHNDM,ld1-1643399887910-1643399935582-0,data/raw/smithsonian/images/si_ld1-1643399887910-1643399935582-0.jpg,Coca bag,Coca bag | Textiles,,no determinada,no determinado,,,no determinada,False,Peru,1200s,,,3000,2743,8.23,1995051,CC0,https://collection.cooperhewitt.org/view/objects/asitem/id/132578
smithsonian/CHNDM,ld1-1643399887910-1643399935576-0,data/raw/smithsonian/images/si_ld1-1643399887910-1643399935576-0.jpg,Band,Textiles,,no determinada,no determinado,,,no determinada,False,Peru,1200s | 1300s,,,2508,1573,3.95,960611,CC0,https://collection.cooperhewitt.org/view/objects/asitem/id/132568
smithsonian/CHNDM,ld1-1643399887910-1643399932528-0,data/raw/smithsonian/images/si_ld1-1643399887910-1643399932528-0.jpg,Fragment,Textiles,,no determinada,no determinado,,,no determinada,False,Peru,1300s | 1000s,,,1625,661,1.07,495746,CC0,https://collection.cooperhewitt.org/view/objects/asitem/id/127362
smithsonian/CHNDM,ld1-1643399887910-1643399890824-1,data/raw/smithsonian/images/si_ld1-1643399887910-1643399890824-1.jpg,Panel,Textiles,,no determinada,no determinado,,,no determinada,False,Peru,1400s,,,2989,3000,8.97,3437835,CC0,https://collection.cooperhewitt.org/view/objects/asitem/id/12247
smithsonian/CHNDM,ld1-1643399887910-1643399921714-0,data/raw/smithsonian/images/si_ld1-1643399887910-1643399921714-0.jpg,Band,Textiles,,no determinada,no determinado,,,no determinada,False,Peru,1200s | 1000s,,,1865,4000,7.46,2871007,CC0,https://collection.cooperhewitt.org/view/objects/asitem/id/103749
smithsonian/CHNDM,ld1-1643399887910-1643399921716-0,data/raw/smithsonian/images/si_ld1-1643399887910-1643399921716-0.jpg,Band,Textiles,,no determinada,no determinado,,,no determinada,False,Peru,1100s | 1000s,,,1890,4000,7.56,2016970,CC0,https://collection.cooperhewitt.org/view/objects/asitem/id/103751
smithsonian/CHNDM,ld1-1643399887910-1643399932528-1,data/raw/smithsonian/images/si_ld1-1643399887910-1643399932528-1.jpg,Fragment,Textiles,,no determinada,no determinado,,,no determinada,False,Peru,1500s | 1400s,,,2724,1855,5.05,1299309,CC0,https://collection.cooperhewitt.org/view/objects/asitem/id/127363
smithsonian/CHNDM,ld1-1643399887910-1643399942756-2,data/raw/smithsonian/images/si_ld1-1643399887910-1643399942756-2.jpg,Fragment,Embroidery (visual works),,no determinada,no determinado,,,no determinada,False,Peru,,,,2917,4000,11.67,3266858,CC0,https://collection.cooperhewitt.org/view/objects/asitem/id/148265
smithsonian/CHNDM,ld1-1643399887910-1643399924630-0,data/raw/smithsonian/images/si_ld1-1643399887910-1643399924630-0.jpg,Fragment,Embroidery (visual works),,no determinada,no determinado,,,no determinada,False,Peru,1400s | 1200s,,,1439,3000,4.32,1832125,CC0,https://collection.cooperhewitt.org/view/objects/asitem/id/110089
smithsonian/CHNDM,ld1-1643399887910-1643399935579-0,data/raw/smithsonian/images/si_ld1-1643399887910-1643399935579-0.jpg,Border,Needlework (visual works) | Borders (ornament areas) | Textiles,,no determinada,no determinado,,,no determinada,False,Peru,,,,1696,719,1.22,599098,CC0,https://collection.cooperhewitt.org/view/objects/asitem/id/132573
smithsonian/CHNDM,ld1-1643399887910-1643399941694-1,data/raw/smithsonian/images/si_ld1-1643399887910-1643399941694-1.jpg,Cap,Caps (headgear) | Textiles,,tiwanaku,Horizonte Medio,500,1000,no determinada,False,Tiahuanaco | Peru,1100s,,,2185,1194,2.61,978983,CC0,https://collection.cooperhewitt.org/view/objects/asitem/id/145243
smithsonian/CHNDM,ld1-1643399887910-1643399942771-0,data/raw/smithsonian/images/si_ld1-1643399887910-1643399942771-0.jpg,Fragment,Embroidery (visual works),,no determinada,no determinado,,,no determinada,False,Peru,1200s,,,2751,1893,5.21,1685934,CC0,https://collection.cooperhewitt.org/view/objects/asitem/id/148298
smithsonian/CHNDM,ld1-1643399887910-1643399895338-0,data/raw/smithsonian/images/si_ld1-1643399887910-1643399895338-0.jpg,Bobbins,Appliances | Bobbins | Tools and equipment,,no determinada,no determinado,,,no determinada,False,Peru,1100s | 1400s,,,3000,3000,9.0,904518,CC0,https://collection.cooperhewitt.org/view/objects/asitem/id/24687
smithsonian/CHNDM,ld1-1643399887910-1643399930303-1,data/raw/smithsonian/images/si_ld1-1643399887910-1643399930303-1.jpg,Fragment,Appliances | Tools and equipment,,no determinada,no determinado,,,no determinada,False,Peru,1530s,,,2254,1271,2.86,672624,CC0,https://collection.cooperhewitt.org/view/objects/asitem/id/123008
smithsonian/CHNDM,ld1-1643399887910-1643399912583-0,data/raw/smithsonian/images/si_ld1-1643399887910-1643399912583-0.jpg,Band,Embroidery (visual works),,no determinada,no determinado,,,no determinada,False,Peru,,,,3999,1356,5.42,1957544,CC0,https://collection.cooperhewitt.org/view/objects/asitem/id/70952
smithsonian/CHNDM,ld1-1643399887910-1643399915811-1,data/raw/smithsonian/images/si_ld1-1643399887910-1643399915811-1.jpg,Fragment,Embroidery (visual works),,no determinada,no determinado,,,no determinada,False,Peru,,,,1308,428,0.56,207760,CC0,https://collection.cooperhewitt.org/view/objects/asitem/id/78406
smithsonian/CHNDM,ld1-1643399887910-1643399942727-0,data/raw/smithsonian/images/si_ld1-1643399887910-1643399942727-0.jpg,Fragment,Embroidery (visual works),,no determinada,no determinado,,,no determinada,False,Peru,,,,698,1670,1.17,514244,CC0,https://collection.cooperhewitt.org/view/objects/asitem/id/148190
smithsonian/CHNDM,ld1-1643399887910-1643399942633-0,data/raw/smithsonian/images/si_ld1-1643399887910-1643399942633-0.jpg,Fragment,Embroidery (visual works),,no determinada,no determinado,,,no determinada,False,Peru,,,,2296,3000,6.89,2094139,CC0,https://collection.cooperhewitt.org/view/objects/asitem/id/147966
smithsonian/CHNDM,ld1-1643399887910-1643399942586-0,data/raw/smithsonian/images/si_ld1-1643399887910-1643399942586-0.jpg,Fragment,Embroidery (visual works),,no determinada,no determinado,,,no determinada,False,Peru,,,,2574,3000,7.72,2285537,CC0,https://collection.cooperhewitt.org/view/objects/asitem/id/147855
smithsonian/CHNDM,ld1-1643399887910-1643399921716-1,data/raw/smithsonian/images/si_ld1-1643399887910-1643399921716-1.jpg,Tassel,Trimmings | Tassel,,no determinada,no determinado,,,no determinada,False,Peru,1200s | 1000s,,,918,1916,1.76,344097,CC0,https://collection.cooperhewitt.org/view/objects/asitem/id/103752
smithsonian/CHNDM,ld1-1643399887910-1643399942528-0,data/raw/smithsonian/images/si_ld1-1643399887910-1643399942528-0.jpg,Fragment,Embroidery (visual works),,no determinada,no determinado,,,no determinada,False,Peru,,,,3905,4000,15.62,3598192,CC0,https://collection.cooperhewitt.org/view/objects/asitem/id/147742
smithsonian/CHNDM,ld1-1643399887910-1643399942761-1,data/raw/smithsonian/images/si_ld1-1643399887910-1643399942761-1.jpg,Fragment,Embroidery (visual works),,no determinada,no determinado,,,no determinada,False,Peru,,,,3642,4000,14.57,4153313,CC0,https://collection.cooperhewitt.org/view/objects/asitem/id/148276
smithsonian/CHNDM,ld1-1643399887910-1643399915811-0,data/raw/smithsonian/images/si_ld1-1643399887910-1643399915811-0.jpg,Fragment,Embroidery (visual works),,no determinada,no determinado,,,no determinada,False,Peru,,,,4000,2033,8.13,2665116,CC0,https://collection.cooperhewitt.org/view/objects/asitem/id/78405
smithsonian/CHNDM,ld1-1643399887910-1643399942679-1,data/raw/smithsonian/images/si_ld1-1643399887910-1643399942679-1.jpg,Fragment,Embroidery (visual works),,no determinada,no determinado,,,no determinada,False,Peru,,,,2318,3000,6.95,2651413,CC0,https://collection.cooperhewitt.org/view/objects/asitem/id/148078
smithsonian/CHNDM,ld1-1643399887910-1643399916347-1,data/raw/smithsonian/images/si_ld1-1643399887910-1643399916347-1.jpg,Fragment,Embroidery (visual works),,no determinada,no determinado,,,no determinada,False,Peru,,,,3000,1507,4.52,2081764,CC0,https://collection.cooperhewitt.org/view/objects/asitem/id/79949
smithsonian/CHNDM,ld1-1643399887910-1643399906209-0,data/raw/smithsonian/images/si_ld1-1643399887910-1643399906209-0.jpg,Fragment,Embroidery (visual works),,no determinada,no determinado,,,no determinada,False,Peru,,,,2083,2886,6.01,1549008,CC0,https://collection.cooperhewitt.org/view/objects/asitem/id/57043
smithsonian/CHNDM,ld1-1643399887910-1643399942022-1,data/raw/smithsonian/images/si_ld1-1643399887910-1643399942022-1.jpg,Fragment,Embroidery (visual works),,ica,Intermedio Tardio,1000,1470,no determinada,False,Ica | Peru,1200s | 1300s,,,4000,1572,6.29,1726330,CC0,https://collection.cooperhewitt.org/view/objects/asitem/id/146368
smithsonian/CHNDM,ld1-1643399887910-1643399921910-0,data/raw/smithsonian/images/si_ld1-1643399887910-1643399921910-0.jpg,Mantle fragment,Mantle fragment | Textiles,,no determinada,no determinado,,,no determinada,False,Peru,,,,2850,3000,8.55,2043082,CC0,https://collection.cooperhewitt.org/view/objects/asitem/id/104015
smithsonian/CHNDM,ld1-1643399887910-1643399890719-1,data/raw/smithsonian/images/si_ld1-1643399887910-1643399890719-1.jpg,Mantle,Costume accessories | Costume | Mantles,,no determinada,no determinado,,,no determinada,False,Peru,1700s | 1500s,,,4000,4000,16.0,6114242,CC0,https://collection.cooperhewitt.org/view/objects/asitem/id/12007
smithsonian/CHNDM,ld1-1643399887910-1643399924627-0,data/raw/smithsonian/images/si_ld1-1643399887910-1643399924627-0.jpg,Basket and contents,Basket and contents | Appliances | Tools and equipment,,no determinada,no determinado,,,no determinada,False,Peru,1400s | 1000s,,,4000,2587,10.35,2361919,CC0,https://collection.cooperhewitt.org/view/objects/asitem/id/110084
